item,gig_id,gig,provider_profile,your_grade_0to3,notes
1,G038,"Gig: Cloud core insurance modernization specialist for a regional P&C carrier
Scope: A regional property and casualty carrier needs a core insurance modernization that avoids a ground-up rebuild. The work should reuse a proven cloud insurance core configuration rather than start from scratch, then adapt it to the carrier’s policy, billing, and claims processes. Scope: - Assess a mature cloud core platform configuration and align it to our commercial lines operating model. - Plan and deliver cloud launches for nine commercial lines, with clear governance, decision rights, and strict scope control. - Limit customization and preserve stable, proven functionality unless change creates clear business value. - Use AI-enabled tools and automation to streamline configuration, quality, and execution. - Stagger the agent portal release to reduce change impact on stakeholders. The goal is a modern cloud foundation that supports commercial lines without long disruption.","Headline: Managing Director specializing in Insurance Data Modernization, AI, and Cloud Strategy
About: I am a Managing Director with over 24 years of experience advising property-casualty and group life and health insurers. I lead data engineering and operations practices, specializing in establishing and executing data modernization programs. My work encompasses cloud migration, AI integration, governance frameworks, master data management, analytics, and data DevOps implementations. I focus on building scalable infrastructure that drives strategic growth and operational efficiency for clients navigating complex digital transformations in the insurance sector. I enjoy solving hard problems with clean data solutions
Service: Insurance Data Modernization Advisory
Service details: Advisory services guiding insurers through data modernization initiatives, including the design and execution of cloud architectures, AI integration strategies, and data DevOps pipelines. The offering covers governance, master data management, and analytics infrastructure to support operational efficiency and strategic growth.",,
2,G106,"Gig: Cybersecurity transformation for a global retailer
Scope: A global consumer goods retailer is strengthening its cyber defenses after identifying gaps in its security program. The organization has a collection of costly, fragmented technology tools and lacks a cohesive strategy. It needs a cybersecurity specialist to design and implement a three-year roadmap to mature its cyber posture, reduce risk, and protect customer data. The scope includes establishing a 24x7 Security Operations Center with threat-hunting and automation, modernizing vulnerability management with automated prioritization, upgrading Identity Access Management with a cloud-based identity governance platform, and integrating Governance, Risk, and Compliance with a risk-based, technology-enabled approach. The goal is to reduce vulnerabilities, eliminate redundant systems, and improve service delivery to internal and external customers.","Headline: Former Cyber & Strategic Risk Principal, Energy, Resources & Industrials
About: I was a principal in a professional services firm’s Cyber Risk Services practice, with over 15 years of experience advising clients in Energy, Resources & Industrials. I specialized in identifying and evaluating cyber risks across IT and operational technology environments, with a focus on Industrial Products & Construction and Energy & Chemicals. I led the development of OT assessment models and remediation approaches, and I hold certifications including GICSP, CISA, and CISSP. My expertise spans Industry 4.0 and IoT security, helping clients protect connected systems while improving operational resilience.
Service: Cyber & Strategic Risk Advisory
Service details: Advisory services focused on identifying and evaluating cyber and strategic risks in IT and operational technology environments for clients in the Energy, Resources & Industrials sector. Includes designing and implementing OT assessment models, remediation strategies, and security enhancements for connected systems in Industry 4.0 and IoT contexts.
Experience: - Led the design and rollout of the firm’s operational technology (OT) assessment models and remediation approaches for multinational clients in Energy, Resources & Industrials. - Developed advanced capabilities in Industry 4.0 and Internet of Things (IoT) security, focusing on securitization of connected systems to improve operational efficiency. - Provided cyber risk advisory services to clients in Industrial Products & Construction and Energy & Chemicals sectors, evaluating complex business process environments.",,
3,G097,"Gig: Supply chain optimization consultant for electronics manufacturer nearshoring
Scope: A global electronics manufacturer needs to diversify its production footprint to reduce reliance on Asian manufacturing and mitigate geopolitical risks. The consultant will design a comprehensive supply chain optimization plan, leveraging digital modeling to evaluate millions of site variables. Scope includes conducting an end-to-end supply chain analysis, integrating tax and trade regulation assessments, and creating a scorecard to select a new North American manufacturing location.","Headline: Supply Chain Strategy and Operations Transformation Consultant
About: I help manufacturing, consumer, and retail clients drive financial and operational performance through targeted supply chain strategies. My background includes leading US Digital Supply Chain Strategy offerings and supporting broader supply chain practices within global professional services environments. I specialize in procurement transformation, global sourcing, and inventory optimization to deliver measurable cost reductions and efficiency gains.
Service: Supply Chain and Operations Transformation
Service details: Design and execution of supply chain strategy, procurement transformation, global sourcing strategies, and operating model design. Includes cost reduction initiatives, operational efficiency programs, and inventory management optimization for manufacturing, consumer, and retail clients to drive financial and performance improvements.",,
4,G012,"Gig: Corporate Restructuring and Turnaround Strategy Advisor
Scope: A large, heavily leveraged conglomerate with worldwide operations across aviation, tourism, hotels, finance and technology is facing insolvency, severe cash depletion and mounting debt. The appointed government-led working group has determined that restructuring, not liquidation, is the best way to preserve the business. We seek an experienced specialist advisory team to steer the conglomerate through one of the country's largest corporate restructurings. Scope: - Assess going-concern status alongside creditors as the debt crisis first becomes apparent - Advise on restructuring assets, liabilities and shareholdings, and on the disposal of assets - Provide working capital advisory to release cash and adapt business and operational policy - Implement business and management restructuring to enable better operations and profitability - Monitor group spending and operations as creditors exercise their legal control - Act as a communications bridge across numerous stakeholders and recruit strategic investors through targeted due diligence
Notes: The restructuring must be completed within a nine-month deadline as required under Chinese insolvency requirements. The engagement expects a large, multi-disciplinary advisory team capable of operating across a complex, interconnected shareholding structure spanning tens of thousands of transactions among roughly two thousand companies and around sixty thousand creditors spread worldwide.","Headline: Corporate Finance and Strategy Advisor for Value Creation, Finance Excellence, and Transformation
About: I have advised clients on corporate finance and strategy, including mergers and acquisitions, value creation strategy, finance function excellence, and transformation for financial institutions. I have helped clients connect shareholder return objectives, growth strategy, and operating improvements such as cost reduction, organization redesign, go-to-market, sales effectiveness, and pricing. I have supported alignment of business, financial, and investor strategies to improve total shareholder return, from strategy design through execution. I have coauthored an annual report analyzing value creation performance and contributed publications and surveys on investor perspectives and AI strategy.
Service: Corporate Finance and Strategy Advisory
Service details: I can provide advisory services on total shareholder return, value creation strategy, finance function excellence, transformation, cost reduction, organization redesign, go-to-market, sales effectiveness, pricing, and alignment of business, financial, and investor strategies.",,
5,G000,"Gig: SAP S/4HANA Finance Implementation Specialist for Shipping Company
Scope: The client, a shipping giant with operations in over 40 countries, needs to implement SAP S/4HANA Finance across their global presence. This includes unifying three different finance and accounting systems and streamlining operations in a single ERP to support Day One of its post-merger existence within an aggressive timeline of eight months. The ideal consultant will work closely with the client's team, establish a project management framework, and ensure cultural differences between teams do not become hurdles.","Headline: SAP Practice Leader, Digital Transformation, and AI
About: I bring over 20 years of experience leading large-scale digital transformation projects enabled by SAP cloud solutions. I specialize in bridging business and IT gaps to deliver end-to-end solutions, from strategy through execution. My expertise includes deploying SAP public and private cloud implementations, utilizing the SAP Business Technology Platform, and integrating AI solutions to modernize legacy ERP systems for complex enterprise clients. I focus on delivering tangible operational improvements through precise technical leadership.
Service: SAP Cloud Transformation and Integration
Service details: Delivery of end-to-end SAP transformation services, including greenfield and brownfield cloud migrations, clean core implementations, and custom app development on SAP Business Technology Platform (BTP). Includes strategic advisory on AI integration, data orchestration with SAP Business Data Cloud, and modernising back-office processes for enterprises across industries such as shipping, healthcare, finance, and government.
Experience: - Completed an 8-month SAP implementation for a joint venture of three major shipping companies spanning 50+ countries to support day one operations. - Executed a complex end-to-end transformation for a government-owned pension fund, covering treasury, bond tracking, finance, procurement, and HR with an AI-first approach. - Delivered a fast SAP public cloud implementation for a hospital using a clean core approach to support back-office processes without impacting clinical areas.",,
6,G047,"Gig: Build a risk-based responsible AI governance framework and EU AI Act readiness
Scope: I run AI governance at a global engineering consultancy and my team needs specialist support to put responsible AI in place before we scale AI use across projects. We want a risk-based approach, not a one-size-fits-all policy, so lower-risk tools can move quickly while higher-risk systems get proper scrutiny. I need help to: - align technology, data, legal, procurement, and risk teams on what AI governance means for us - define what counts as AI and produce guidance for technical and non-technical staff - set an AI risk appetite that fits our existing risk framework, with practical indicators across areas like sustainability, talent, and cybersecurity - draft a responsible AI policy covering fairness, transparency, accountability, procurement, deployment, and EU AI Act readiness - design an inventory process for AI systems, models, and datasets, plus a risk assessment method that ranks systems by commercial and regulatory risk","Headline: Operational Excellence Market Offering Leader
About: A Partner with over 25 years in management consulting, specializing in artificial intelligence, operational excellence, and risk management. Leads the firm’s Operational Excellence Market Offering and AI Risk Management & Governance services. Advises global clients on strategy, governance, process improvement, and digital transformation. Prior experience at IBM and PwC, with expertise in detecting and preventing risk events including supply chain disruption and product safety issues.
Service: Operational Excellence and AI Risk Management Advisory
Service details: Advisory services in operational excellence, AI risk management, governance, and digital transformation. Includes strategy development, process improvement, and implementation of AI and GenAI solutions across industries to detect and prevent risk events such as supply chain disruption and product quality issues.",,
7,G113,"Gig: M&A Integration Specialist for Rapid Healthcare Acquisitions
Scope: Need an experienced specialist to manage integration for a high-volume portfolio of 27 healthcare acquisitions completed in 15 months. The role requires supporting an Integration Management Office with daily operational surge, mapping complex billing and payroll systems, and executing due diligence across financial, HR, and clinical areas. Must ensure employee retention and service continuity while upgrading legacy infrastructure.","Headline: Former M&A Principal in Financial Services and Insurance
About: I have advised executives and finance teams on complex financial services and insurance transactions. My work has spanned the full M&A lifecycle: deal strategy, due diligence, post-merger integration, divestitures, and go-to-market value capture. I have designed organization and workforce strategies, integrated or separated finance functions, and introduced technology-enabled solutions that improved speed and value realization. For the the transaction lifecycle, I have supported integration, separation, and post-deal operational performance for leadership teams.
Service: M&A Advisory for Financial Services and Insurance
Service details: My services cover the M&A lifecycle: deal strategy, due diligence, post-merger integration, divestitures, go-to-market value capture, organization and workforce design, and technology-enabled finance integration or separation.",,
8,G080,"Gig: Supply chain transformation consultant for a frozen-foods manufacturer
Scope: Looking for a supply chain transformation specialist to help a large frozen-foods producer streamline operations and reduce costs. The goal is to simplify the product portfolio, optimize manufacturing, and improve logistics. Key tasks include conducting SKU rationalization to reduce inventory complexity by 20%, analyzing manufacturing processes for cost savings, and evaluating logistics networks to cut redundant handling and transportation costs. The project involves working with existing facilities across the US and Europe, and integrating insights from agriculture and production data. Deliverables include a revised product portfolio aligned with demand, a plan for manufacturing efficiency improvements, and a logistics optimization strategy that reduces handling steps and shipping costs. Tools and standards used include digital dashboards for real-time monitoring and performance tracking, with a focus on reducing operating costs to fund global expansion.","Headline: Transforming Supply Chains with AI-Driven Analytics for Peak Efficiency
About: I specialize in solving critical supply chain challenges using advanced analytics and cognitive technologies. My approach leverages machine learning, natural language processing, and computer vision to address issues like poor on-time delivery, high cost of quality, and low asset efficiency. With a background in defense intelligence and enterprise consulting, I lead cross-functional teams to translate complex data into actionable business outcomes. I help top-tier brands and global enterprises unlock value, reduce costs, and improve operational resilience through tailored, intelligent supply chain solutions.
Service: Supply Chain Transformation & AI Analytics
Service details: Design and implementation of AI-driven supply chain solutions, including analytics control towers, automated warranty monitoring, and smart factory modules using machine learning and computer vision to improve efficiency and reduce costs.
Experience: - Created an analytics control tower for Chipotle's 3,000 restaurants to optimize supply chain operations. - Designed automated warranty claim monitoring solutions processing over 100,000 claims daily. - Developed reusable analytics modules for Smart Factory projects, accelerating project turnaround across multiple engagements.",,
9,G015,"Gig: Customer-Centric Transformation Consultant for a Retail Energy Business
Scope: We are a national energy provider reorganizing our retail business around customers and digital channels. We seek a transformation partner to restructure our retail operations, build a customer-centric workforce, and establish a data-driven solutions business. - Humans at center: restructure into a customer-led retail division and upskill employees into an agile-driven, customer-first workforce. - Innovation at scale: build a retail structure and culture that empowers customers to understand and manage their energy usage. - Technology at speed: establish a data-driven solutions business to drive customer experience-led innovation and new business models in adjacent energy markets.","Headline: Principal in Power, Utilities and Renewables Consulting
About: I am a principal with over 10 years of management consulting experience, specializing in the power, utilities, and renewables sector. I work with clients on strategic and operational challenges, delivering smart operational solutions that address regulatory, technological, and consumer shifts. My projects include operational improvement, business transformation, M&A, and greenfield strategy design.
Service: Power and Utilities Strategy & Operations Consulting
Service details: Designs and delivers operational solutions for power, utilities, and renewables clients, addressing regulatory, technological, and consumer shifts. Services include operational improvement, business transformation, M&A advisory, and greenfield strategy development.",,
10,G047,"Gig: Build a risk-based responsible AI governance framework and EU AI Act readiness
Scope: I run AI governance at a global engineering consultancy and my team needs specialist support to put responsible AI in place before we scale AI use across projects. We want a risk-based approach, not a one-size-fits-all policy, so lower-risk tools can move quickly while higher-risk systems get proper scrutiny. I need help to: - align technology, data, legal, procurement, and risk teams on what AI governance means for us - define what counts as AI and produce guidance for technical and non-technical staff - set an AI risk appetite that fits our existing risk framework, with practical indicators across areas like sustainability, talent, and cybersecurity - draft a responsible AI policy covering fairness, transparency, accountability, procurement, deployment, and EU AI Act readiness - design an inventory process for AI systems, models, and datasets, plus a risk assessment method that ranks systems by commercial and regulatory risk","Headline: Audit & Assurance Partner and Business Controls Leader
About: I am an Audit and Assurance partner with over 20 years of experience advising complex global financial services clients. As the national leader for Business Controls Advisory, I specialize in modernizing controls using AI-enabled tools, covering emerging technologies like AI, machine learning, RPA, and advanced analytics. My expertise includes SOX program design, internal controls gap analysis, M&A advisory, and business controls for system migrations. I previously led finance transformation practices and AI initiatives.
Service: Business Controls and Audit Advisory Services
Service details: Advisory services focused on modernizing internal controls for financial services clients, specifically leveraging AI-enabled tools for emerging technologies like GenAI, RPA, and advanced analytics. Services include SOX program design, internal controls gap analysis, M&A advisory, and governance for system migrations.",,
11,G068,"Gig: Accounting Services for US GAAP Compliance
Scope: A regional not-for-profit organization is preparing annual audited financial statements under United States Generally Accepted Accounting Principles (US GAAP). The organization has complex sponsorship and vendor arrangements that require significant judgments. We need a provider to develop a roadmap, accounting models, and illustrative use-case scenarios to assist with US GAAP compliance.","Headline: Financial Services Auditor & Assurance Advisor
About: I have over 20 years of experience in providing audit, accounting, and assurance services to financial services clients. I'm well-versed in US GAAP and IFRS, and I've led numerous audits and related projects for large and mid-sized clients. My expertise spans a wide range of technical areas, including purchase price allocation and fair value concepts.
Experience: - Led audits for several clients in the US and globally. And then what happened? The results showed significant improvements in financial report accuracy. - Implemented new revenue and lease accounting standards for multiple clients under US GAAP and IFRS. - Conducted M&A due diligence, finance transformation, and Sarbanes-Oxley Compliance projects.",,
12,G118,"Gig: Sales strategy and operations for medical technology spinoff
Scope: I lead sales operations at a medical technology company preparing for a high-growth spinoff. I need a specialist to transform our sales strategy and operational setup to support this transition. Specifically, I need an end-to-end strategy for business partner selection, moving from identifying desired partner qualities to operationalizing the onboarding process. The scope includes developing a scoring model and the necessary templates to enable rapid expansion through an indirect channel.","Headline: Former US Cyber Innovation & Assets Leader
About: I have had the privilege of leading AI-enabled transformations for a top US Cyber practice, overseeing their cyber innovation and assets portfolio to accelerate quantifiable results. I've advised executives on effective governance, control, and risk mitigation strategies for GenAI and emerging technologies. In my work with clients, I focus on modernizing infrastructure and cloud security to bolster digital transformation, supply chain revitalization, and faster time-to-market.
Experience: - Led a portfolio of AI-enabled transformations for the US Cyber practice, resulting in impactful outcomes. - Successfully advised multiple executives on governance, control, issues with GenAI. - Helped clients revamp their infrastructure and cloud security to bolster support for digital transformation.",,
13,G000,"Gig: SAP S/4HANA Finance Implementation Specialist for Shipping Company
Scope: The client, a shipping giant with operations in over 40 countries, needs to implement SAP S/4HANA Finance across their global presence. This includes unifying three different finance and accounting systems and streamlining operations in a single ERP to support Day One of its post-merger existence within an aggressive timeline of eight months. The ideal consultant will work closely with the client's team, establish a project management framework, and ensure cultural differences between teams do not become hurdles.","Headline: Ex-High Technology M&A Leader
About: I guide executive teams through the complex process of acquisitions, divestitures, and joint ventures in high tech. With 20 years of experience advising, I bring a unique understanding of synergy planning, capture, integration management, and strategy optimization to drive success. My work has allowed companies to thrive in an ever-changing landscape.
Experience: - Led complex M&A Integrations for Fortune 100 companies. - Advised executive teams on synergy planning and capture.\n- Managed joint ventures and divestitures, focusing on strategy integration.",,
14,G112,"Gig: Tax Managed Services Specialist
Scope: Looking for a Tax Managed Services specialist to deliver comprehensive tax-related services, including tax compliance, reporting, and advisory, with a focus on efficiency and cost savings. Partnering with the client's existing tax team, you will help implement a unified approach to scale their tax capabilities while preserving institutional knowledge and business continuity.
Notes: - seniority: Experienced","Headline: Partner and US Business Process Solutions Leader
About: I advise clients on tax process design, optimization, and transformation, with a focus on tax planning and IRS representation. My work includes developing and implementing solutions for operational finance, HR & payroll, and tax compliance. I bring deep experience in restructuring tax operations to improve efficiency, reduce risk, and ensure regulatory alignment. Clients rely on my expertise to navigate complex compliance environments and drive sustainable process improvements.
Service: Tax Process Transformation Advisory
Service details: Advising clients on tax process design, optimization, and transformation; developing and delivering tax planning projects; representing clients before the IRS; implementing custom solutions for operational finance, HR & payroll, and tax compliance.",,
15,G118,"Gig: Sales strategy and operations for medical technology spinoff
Scope: I lead sales operations at a medical technology company preparing for a high-growth spinoff. I need a specialist to transform our sales strategy and operational setup to support this transition. Specifically, I need an end-to-end strategy for business partner selection, moving from identifying desired partner qualities to operationalizing the onboarding process. The scope includes developing a scoring model and the necessary templates to enable rapid expansion through an indirect channel.","Headline: National Defence and Public Safety Sector Leader
About: A consulting partner with over a decade of experience supporting provincial and federal government agencies in Canada. Previously served 13 years in the Australian Army, including deployments in Iraq and Timor-Leste. Transitioned to consulting in 2012, joining the firm Australia’s Strategy& team before moving to Canada to build the technology consulting practice. Currently leads the National Defence, Public Safety and Justice practice at the firm Canada.
Service: Public Sector Transformation Consulting
Service details: Advises government agencies on improving service delivery, technology integration, and operational efficiency in defence, public safety, and justice sectors. Focuses on strategic consulting, technology adoption, and organizational transformation for public institutions.
Experience: - Led the development of the technology consulting team at the firm Canada, expanding services for federal and provincial government clients. - Served 13 years in the Australian Army, including as a signals officer in deployments to Iraq and Timor-Leste, developing expertise in multinational operations and crisis response. - Appointed as the firm Canada’s National Defence and Public Safety sector leader in late 2024, overseeing strategic advisory services for government agencies in defence and public safety.",,
16,G097,"Gig: Supply chain optimization consultant for electronics manufacturer nearshoring
Scope: A global electronics manufacturer needs to diversify its production footprint to reduce reliance on Asian manufacturing and mitigate geopolitical risks. The consultant will design a comprehensive supply chain optimization plan, leveraging digital modeling to evaluate millions of site variables. Scope includes conducting an end-to-end supply chain analysis, integrating tax and trade regulation assessments, and creating a scorecard to select a new North American manufacturing location.","Headline: Principal specializing in semiconductor market strategy and supply chain transformation.
About: I advise chief executives on market shifts, operational excellence, and technology solutions within the semiconductor sector. With over 20 years of experience, I guide leaders through the transition from linear supply chains to digital supply networks. My focus includes enterprise planning, talent management, and driving innovation to help technology companies capitalize on technological change.
Service: Semiconductor Strategy and Supply Chain Advisory
Service details: Advisory services for semiconductor CEOs focusing on navigating market shifts, implementing digital supply networks, and enhancing operational excellence through enterprise planning and technology solutions.",,
17,G112,"Gig: Tax Managed Services Specialist
Scope: Looking for a Tax Managed Services specialist to deliver comprehensive tax-related services, including tax compliance, reporting, and advisory, with a focus on efficiency and cost savings. Partnering with the client's existing tax team, you will help implement a unified approach to scale their tax capabilities while preserving institutional knowledge and business continuity.
Notes: - seniority: Experienced","Headline: Senior Tax Specialist & Industry Expert
About: I bring over two decades of expertise in providing tax compliance and consulting services to prominent financial institutions and fintech firms. My forte lies in crafting tailored tax planning strategies, orchestrating return filings, and navigating state and local taxation complexities. With a deep understanding of the nuances facing large international businesses, I help clients optimize their tax structures, minimize liabilities, and capitalize on opportunities.
Experience: - Redesigned the workflow to cut processing time in a financial management system. - Assisted international banks with audits in the US, tackling cross-border tax implications. - Led strategies for clients operating between the US and Israel on cross-border taxation",,
18,G097,"Gig: Supply chain optimization consultant for electronics manufacturer nearshoring
Scope: A global electronics manufacturer needs to diversify its production footprint to reduce reliance on Asian manufacturing and mitigate geopolitical risks. The consultant will design a comprehensive supply chain optimization plan, leveraging digital modeling to evaluate millions of site variables. Scope includes conducting an end-to-end supply chain analysis, integrating tax and trade regulation assessments, and creating a scorecard to select a new North American manufacturing location.","Headline: Energy, Resources & Industrials Industry Leader | M&A Transaction Services Partner
About: I have over 20 years of experience in M&A transaction services, focusing on the energy, resources, industrials, automotive, and aerospace & defense sectors. I specialize in buy-side and sell-side due diligence, carve-out financial statement preparation, and purchase accounting application. I have delivered hundreds of successful M&A transaction projects for buyers and sellers across industrial products globally.
Service: M&A Transaction Advisory Services
Service details: Provides buy-side and sell-side due diligence, prepares carve-out financial statements, and applies purchase accounting standards for M&A transactions in the energy, resources, industrials, automotive, and aerospace & defense sectors.",,
19,G038,"Gig: Cloud core insurance modernization specialist for a regional P&C carrier
Scope: A regional property and casualty carrier needs a core insurance modernization that avoids a ground-up rebuild. The work should reuse a proven cloud insurance core configuration rather than start from scratch, then adapt it to the carrier’s policy, billing, and claims processes. Scope: - Assess a mature cloud core platform configuration and align it to our commercial lines operating model. - Plan and deliver cloud launches for nine commercial lines, with clear governance, decision rights, and strict scope control. - Limit customization and preserve stable, proven functionality unless change creates clear business value. - Use AI-enabled tools and automation to streamline configuration, quality, and execution. - Stagger the agent portal release to reduce change impact on stakeholders. The goal is a modern cloud foundation that supports commercial lines without long disruption.","Headline: P&C Insurance Transformation Advisor
About: I advised property and casualty insurance businesses on operating model change, core systems transformation, and digital innovation. My work centered on policy, claims, and billing programs for large P&C carriers, with focus on product, distribution, growth, and operational simplification. I also supported initiatives for insurance ecosystems, alliances, and key accounts that apply modern digital platforms, cloud services, and cloud architectures to improve operational outcomes. I kept project scope focused on core insurance operations and operational simplification.
Service: P&C Insurance Transformation Advisory
Service details: I provide advisory support for P&C insurers on operating model redesign, core systems transformation, policy, claims, and billing modernization, product and distribution improvement, operational simplification, and use of modern digital platforms, cloud services, alliances, and ecosystems.",,
20,G047,"Gig: Build a risk-based responsible AI governance framework and EU AI Act readiness
Scope: I run AI governance at a global engineering consultancy and my team needs specialist support to put responsible AI in place before we scale AI use across projects. We want a risk-based approach, not a one-size-fits-all policy, so lower-risk tools can move quickly while higher-risk systems get proper scrutiny. I need help to: - align technology, data, legal, procurement, and risk teams on what AI governance means for us - define what counts as AI and produce guidance for technical and non-technical staff - set an AI risk appetite that fits our existing risk framework, with practical indicators across areas like sustainability, talent, and cybersecurity - draft a responsible AI policy covering fairness, transparency, accountability, procurement, deployment, and EU AI Act readiness - design an inventory process for AI systems, models, and datasets, plus a risk assessment method that ranks systems by commercial and regulatory risk","Headline: Partner & US Audit & Assurance Trustworthy AI Leader
About: Leading the firm's US Audit & Assurance Trustworthy AI initiative, I deliver specialized audit, accounting, and advisory services to Fortune 500 public and private companies. My expertise spans banking, investment companies, business development companies, and alternative funds, including private equity, hedge funds, and real estate. I bring strong technical, risk management, and organizational skills to address emerging technology impacts on clients and the marketplace, ensuring rigorous standards for algorithmic accountability.
Service: AI Assurance & Financial Services Audit Advisory
Service details: Audit and advisory services for financial institutions, with a specific focus on Trustworthy AI and algorithmic assurance. This includes evaluating emerging technologies and ensuring compliance for banking, investment, and alternative fund clients.",,
21,G012,"Gig: Corporate Restructuring and Turnaround Strategy Advisor
Scope: A large, heavily leveraged conglomerate with worldwide operations across aviation, tourism, hotels, finance and technology is facing insolvency, severe cash depletion and mounting debt. The appointed government-led working group has determined that restructuring, not liquidation, is the best way to preserve the business. We seek an experienced specialist advisory team to steer the conglomerate through one of the country's largest corporate restructurings. Scope: - Assess going-concern status alongside creditors as the debt crisis first becomes apparent - Advise on restructuring assets, liabilities and shareholdings, and on the disposal of assets - Provide working capital advisory to release cash and adapt business and operational policy - Implement business and management restructuring to enable better operations and profitability - Monitor group spending and operations as creditors exercise their legal control - Act as a communications bridge across numerous stakeholders and recruit strategic investors through targeted due diligence
Notes: The restructuring must be completed within a nine-month deadline as required under Chinese insolvency requirements. The engagement expects a large, multi-disciplinary advisory team capable of operating across a complex, interconnected shareholding structure spanning tens of thousands of transactions among roughly two thousand companies and around sixty thousand creditors spread worldwide.","Headline: Consumer Products M&A Transaction Services Professional
About: I have more than 22 years of experience in mergers and acquisitions, due diligence, and transaction services. Starting in 2002, I advised financial and strategic buyers and sellers on due diligence, deal structuring, and review of transaction documents. My work centered on consumer products, with additional experience across manufacturing, distribution, hospitality, and information technology. I led client engagements covering transaction work, including transactions ranging from $30 million to more than $13 billion. I am a licensed CPA.
Service: M&A Due Diligence and Deal Structuring
Service details: I provide M&A advisory support to financial and strategic buyers and sellers, including due diligence, deal structuring, and review of transaction-related documents, with particular experience in consumer products.
Experience: - Led due diligence engagements for transactions ranging from $30 million to more than $13 billion.",,
22,G097,"Gig: Supply chain optimization consultant for electronics manufacturer nearshoring
Scope: A global electronics manufacturer needs to diversify its production footprint to reduce reliance on Asian manufacturing and mitigate geopolitical risks. The consultant will design a comprehensive supply chain optimization plan, leveraging digital modeling to evaluate millions of site variables. Scope includes conducting an end-to-end supply chain analysis, integrating tax and trade regulation assessments, and creating a scorecard to select a new North American manufacturing location.","Headline: Global Location Strategist
About: With a background in guiding multinational corporations with their facility and talent deployments worldwide, I help organizations optimize their locations to achieve business objectives. My expertise spans site selection, lease negotiations, and facility operations optimization.
Experience: - Guided hundreds of major corporations with the deployment of talent, facilities, and equipment around the world. - Led footprints of global Fortune 500 companies in optimization of real estate and economic development. - Successfully advised on location strategy and footprint optimization for numerous global clients.",,
23,G106,"Gig: Cybersecurity transformation for a global retailer
Scope: A global consumer goods retailer is strengthening its cyber defenses after identifying gaps in its security program. The organization has a collection of costly, fragmented technology tools and lacks a cohesive strategy. It needs a cybersecurity specialist to design and implement a three-year roadmap to mature its cyber posture, reduce risk, and protect customer data. The scope includes establishing a 24x7 Security Operations Center with threat-hunting and automation, modernizing vulnerability management with automated prioritization, upgrading Identity Access Management with a cloud-based identity governance platform, and integrating Governance, Risk, and Compliance with a risk-based, technology-enabled approach. The goal is to reduce vulnerabilities, eliminate redundant systems, and improve service delivery to internal and external customers.","About: I offer over two decades of experience guiding clients through human-centric business transformations. I specialize in the Technology, Media, and Telecommunications sectors, advising C-Suite executives on large-scale initiatives to unlock enterprise value by reshaping workforces within the Future of Work context. My focus includes developing talent strategies and aligning workforce programs to business priorities. I previously served on the Board of Directors for the HR Certification Institute for a six-year term, bringing deep strategic insight to every engagement I undertake today
Service: Human Capital as a Service
Service details: Leading large-scale workforce transformation initiatives for C-Suite executives, specifically within the Technology, Media, and Telecommunications sectors. Services include reshaping workforces for the Future of Work, developing talent strategies, and aligning human capital programs to core business priorities to unlock enterprise value.",,
24,G015,"Gig: Customer-Centric Transformation Consultant for a Retail Energy Business
Scope: We are a national energy provider reorganizing our retail business around customers and digital channels. We seek a transformation partner to restructure our retail operations, build a customer-centric workforce, and establish a data-driven solutions business. - Humans at center: restructure into a customer-led retail division and upskill employees into an agile-driven, customer-first workforce. - Innovation at scale: build a retail structure and culture that empowers customers to understand and manage their energy usage. - Technology at speed: establish a data-driven solutions business to drive customer experience-led innovation and new business models in adjacent energy markets.","Headline: Former Cyber & Strategic Risk Principal, Energy, Resources & Industrials
About: I was a principal in a professional services firm’s Cyber Risk Services practice, with over 15 years of experience advising clients in Energy, Resources & Industrials. I specialized in identifying and evaluating cyber risks across IT and operational technology environments, with a focus on Industrial Products & Construction and Energy & Chemicals. I led the development of OT assessment models and remediation approaches, and I hold certifications including GICSP, CISA, and CISSP. My expertise spans Industry 4.0 and IoT security, helping clients protect connected systems while improving operational resilience.
Service: Cyber & Strategic Risk Advisory
Service details: Advisory services focused on identifying and evaluating cyber and strategic risks in IT and operational technology environments for clients in the Energy, Resources & Industrials sector. Includes designing and implementing OT assessment models, remediation strategies, and security enhancements for connected systems in Industry 4.0 and IoT contexts.
Experience: - Led the design and rollout of the firm’s operational technology (OT) assessment models and remediation approaches for multinational clients in Energy, Resources & Industrials. - Developed advanced capabilities in Industry 4.0 and Internet of Things (IoT) security, focusing on securitization of connected systems to improve operational efficiency. - Provided cyber risk advisory services to clients in Industrial Products & Construction and Energy & Chemicals sectors, evaluating complex business process environments.",,
25,G012,"Gig: Corporate Restructuring and Turnaround Strategy Advisor
Scope: A large, heavily leveraged conglomerate with worldwide operations across aviation, tourism, hotels, finance and technology is facing insolvency, severe cash depletion and mounting debt. The appointed government-led working group has determined that restructuring, not liquidation, is the best way to preserve the business. We seek an experienced specialist advisory team to steer the conglomerate through one of the country's largest corporate restructurings. Scope: - Assess going-concern status alongside creditors as the debt crisis first becomes apparent - Advise on restructuring assets, liabilities and shareholdings, and on the disposal of assets - Provide working capital advisory to release cash and adapt business and operational policy - Implement business and management restructuring to enable better operations and profitability - Monitor group spending and operations as creditors exercise their legal control - Act as a communications bridge across numerous stakeholders and recruit strategic investors through targeted due diligence
Notes: The restructuring must be completed within a nine-month deadline as required under Chinese insolvency requirements. The engagement expects a large, multi-disciplinary advisory team capable of operating across a complex, interconnected shareholding structure spanning tens of thousands of transactions among roughly two thousand companies and around sixty thousand creditors spread worldwide.","Headline: Former Head of Corporate Finance & Industry Leader
About: I've spent over 25 years serving clients across various industries, leading corporate finance efforts for deal advisory and strategy. My experience encompasses mergers and acquisitions, financings, fairness opinions, strategic assessments, and valuations.
Service: Corporate Finance Advisory
Experience: - Reduced client costs through renegotiation of complex contractual arrangements with key stakeholders. - Led a $100k+ project to migrate services off mainframe unblocking Q3 releases. - Delivered comprehensive financial analysis and investment advisory services.",,
26,G112,"Gig: Tax Managed Services Specialist
Scope: Looking for a Tax Managed Services specialist to deliver comprehensive tax-related services, including tax compliance, reporting, and advisory, with a focus on efficiency and cost savings. Partnering with the client's existing tax team, you will help implement a unified approach to scale their tax capabilities while preserving institutional knowledge and business continuity.
Notes: - seniority: Experienced","Headline: Former Head of Energy & Chemicals Operations
About: As a seasoned consultant with almost 20 years of experience, I've led large, complex digital transformations for Fortune 50 companies. My expertise lies in bridging the gap between people, products, and businesses across the value chain, unlocking opportunities that drive growth.
Experience: - Developed M&A transactional evaluations and integrations worth $750 million to $2.5 billion. - Demonstrated ability to distill actionable narratives for clients, identifying opportunities across the value chain. - Led complex digital transformations that achieved desired outcomes.",,
27,G005,"Gig: Deploy intelligent automation platform for KYC and AML financial crime compliance
Scope: We require a comprehensive solution to eliminate our KYC remediation backlog and future-proof against evolving financial crime risks. We need a partner to design and implement a scalable, secure global financial crime platform that automates case management and reduces manual intervention. The scope includes: * Architecting a solution using Microsoft Azure cloud infrastructure and the Pega platform for workflow and case management. * Implementing intelligent automation and straight-through-processing (STP) to automatically collate internal, external, and trusted customer data into a single view. * Utilizing machine learning to enhance data quality, optimize risk detection, and support country-specific resilient hosting. * Developing a customized deployment architecture based on microservices to ensure rapid integration with incumbent enterprise solutions.","Headline: Global Private Equity Lead Analyst
About: With over 20 years of experience in alternative investments, I lead global research efforts in private equity for a major professional services firm. I manage a team of industry analysts producing insights on fundraising, sourcing, structuring, acquisitions, value creation, and exit readiness. I am a thought leader in the PE sector, shaping industry conversations through data-driven research and quarterly market reports like the PE Pulse.
Service: Private Equity Market Insights & Research
Service details: Provides data-driven research and analysis on private equity market trends, including fundraising, deal sourcing, structuring, acquisitions, value creation, and exit readiness. Delivers quarterly insights through the PE Pulse report and related thought leadership content.
Experience: - Led global research team producing insights on private equity trends, including fundraising, sourcing, structuring, acquisitions, value creation, and exit readiness. - Authored and published the quarterly PE Pulse report, providing data and insights on private equity market activity and trends for clients and industry stakeholders. - Shaped industry conversations as a thought leader by surfacing data-driven, forward-looking insights on private equity before they become mainstream.",,
28,G038,"Gig: Cloud core insurance modernization specialist for a regional P&C carrier
Scope: A regional property and casualty carrier needs a core insurance modernization that avoids a ground-up rebuild. The work should reuse a proven cloud insurance core configuration rather than start from scratch, then adapt it to the carrier’s policy, billing, and claims processes. Scope: - Assess a mature cloud core platform configuration and align it to our commercial lines operating model. - Plan and deliver cloud launches for nine commercial lines, with clear governance, decision rights, and strict scope control. - Limit customization and preserve stable, proven functionality unless change creates clear business value. - Use AI-enabled tools and automation to streamline configuration, quality, and execution. - Stagger the agent portal release to reduce change impact on stakeholders. The goal is a modern cloud foundation that supports commercial lines without long disruption.","Headline: Accounting Services Specialist
About: I've been an accounting partner in M&A Transaction services for over two decades, combining public accounting experience with merger and acquisition expertise. Throughout my career, I have led due diligence teams for private equity and strategic buyer clients. My role involves advising on various aspects of transactions, often leading multi-country collaborations.
Service: Accounting Services
Experience: - Led due diligence teams to advise private equity and strategic buyers on various aspects of transactions. - Assisted over 100 completed or proposed transactions with clients in consumer and industrial products industries, leveraging my expertise to ensure smooth deal navigation. - Coordinated US/European cross-border transactions as primary contact for US/European cross-border deals",,
29,G113,"Gig: M&A Integration Specialist for Rapid Healthcare Acquisitions
Scope: Need an experienced specialist to manage integration for a high-volume portfolio of 27 healthcare acquisitions completed in 15 months. The role requires supporting an Integration Management Office with daily operational surge, mapping complex billing and payroll systems, and executing due diligence across financial, HR, and clinical areas. Must ensure employee retention and service continuity while upgrading legacy infrastructure.","Headline: Audit & Assurance Partner and Business Controls Leader
About: I am an Audit and Assurance partner with over 20 years of experience advising complex global financial services clients. As the national leader for Business Controls Advisory, I specialize in modernizing controls using AI-enabled tools, covering emerging technologies like AI, machine learning, RPA, and advanced analytics. My expertise includes SOX program design, internal controls gap analysis, M&A advisory, and business controls for system migrations. I previously led finance transformation practices and AI initiatives.
Service: Business Controls and Audit Advisory Services
Service details: Advisory services focused on modernizing internal controls for financial services clients, specifically leveraging AI-enabled tools for emerging technologies like GenAI, RPA, and advanced analytics. Services include SOX program design, internal controls gap analysis, M&A advisory, and governance for system migrations.",,
30,G033,"Gig: IFRS 17 Implementation for Life Insurance Company
Scope: A Japanese online life insurer is transitioning to IFRS 17 to improve financial transparency and support investor confidence. The company needs help implementing the global accounting standard to accurately reflect long-term profitability, especially by deferring new contract costs over policy life. The project requires hands-on support with trial calculations, data preparation, and system adjustments to align with IFRS 17 reporting requirements. The insurer aims to use IFRS 17 data to refine product profitability and inform strategic decisions, including a move to the TSE Prime Market. The engagement involves close collaboration with finance and accounting teams to ensure accurate, timely reporting and market education efforts.","Headline: Financial Services Expert
About: I have more than 30 years of experience serving insurance and reinsurance clients. I lead our full portfolio of audit, assurance, and consulting services for insurance clients.
Service: Audit, Assurance & Consulting Services
Service details: I deliver audit, assurance, and consulting services to insurance clients, drawing on my expertise from leading the firm's national sector leader role for insurance.
Experience: - Reduced client satisfaction by leading a national team of auditors in delivering high-quality audit services to multiple insurance clients, ensuring timely completion and effective communication with clients. - Successfully provided consulting services to reinsurance clients, identifying areas of improvement and implementing solutions to drive business growth. - Awarded two top 50 most influential women in IT awards for their contributions to the development of innovative auditing and assurance practices.",,
31,G015,"Gig: Customer-Centric Transformation Consultant for a Retail Energy Business
Scope: We are a national energy provider reorganizing our retail business around customers and digital channels. We seek a transformation partner to restructure our retail operations, build a customer-centric workforce, and establish a data-driven solutions business. - Humans at center: restructure into a customer-led retail division and upskill employees into an agile-driven, customer-first workforce. - Innovation at scale: build a retail structure and culture that empowers customers to understand and manage their energy usage. - Technology at speed: establish a data-driven solutions business to drive customer experience-led innovation and new business models in adjacent energy markets.","About: I offer over two decades of experience guiding clients through human-centric business transformations. I specialize in the Technology, Media, and Telecommunications sectors, advising C-Suite executives on large-scale initiatives to unlock enterprise value by reshaping workforces within the Future of Work context. My focus includes developing talent strategies and aligning workforce programs to business priorities. I previously served on the Board of Directors for the HR Certification Institute for a six-year term, bringing deep strategic insight to every engagement I undertake today
Service: Human Capital as a Service
Service details: Leading large-scale workforce transformation initiatives for C-Suite executives, specifically within the Technology, Media, and Telecommunications sectors. Services include reshaping workforces for the Future of Work, developing talent strategies, and aligning human capital programs to core business priorities to unlock enterprise value.",,
32,G068,"Gig: Accounting Services for US GAAP Compliance
Scope: A regional not-for-profit organization is preparing annual audited financial statements under United States Generally Accepted Accounting Principles (US GAAP). The organization has complex sponsorship and vendor arrangements that require significant judgments. We need a provider to develop a roadmap, accounting models, and illustrative use-case scenarios to assist with US GAAP compliance.","Headline: Audit & Assurance Leader in Financial Services
About: Partner with over 20 years of experience leading audit and assurance for U.S. financial services clients. Specializes in multilocation audits, IPOs, capital market transactions, SEC reporting, acquisition due diligence, and accounting advisory. Served clients across real estate, investment management, and other financial sectors, and acted as a technical accounting resource for the U.S. Audit and Advisory practice.
Service: Financial Services Audit & Assurance Advisory
Service details: Provides audit and assurance services for financial services clients, including multilocation audits, IPO support, capital market transactions, SEC reporting, acquisition due diligence, and accounting advisory. Offers technical accounting expertise and guidance for complex financial reporting matters.",,
33,G118,"Gig: Sales strategy and operations for medical technology spinoff
Scope: I lead sales operations at a medical technology company preparing for a high-growth spinoff. I need a specialist to transform our sales strategy and operational setup to support this transition. Specifically, I need an end-to-end strategy for business partner selection, moving from identifying desired partner qualities to operationalizing the onboarding process. The scope includes developing a scoring model and the necessary templates to enable rapid expansion through an indirect channel.","Headline: Strategy Practice Professional Specializing in Growth and Digital Transformation
About: I draw on experience from the strategy practice of a global professional services firm, where I co-led a technology-powered business transformation offering. My advisory focus has included growth strategy, go-to-market strategy, business model transformation, and digital transformation, with a focus on high-tech clients. I have worked with cloud hyperscalers and other technology leaders to support clients across industries in driving growth, innovation, and top- and bottom-line improvement. My functional experience spans strategy, sales, marketing, finance, IT, HR, and operations.
Service: Growth and Digital Transformation Advisory
Service details: Advisory on growth strategy, go-to-market strategy, business model transformation, and digital transformation for high-tech and cross-industry clients, in collaboration with cloud hyperscalers and technology leaders to improve growth, innovation, and top- and bottom-line outcomes.",,
34,G073,"Gig: Digital-first banking strategy and customer experience design
Scope: Looking for a banking and digital transformation specialist to help design and launch a mobile-only bank. The project requires rethinking traditional banking processes from a customer-first perspective, focusing on mobile convenience and low operational costs. Work includes developing a digital banking app with streamlined account opening, money transfers, and loan services. The goal is to reduce customer effort—aiming for account setup in under 10 minutes—while meeting regulatory standards for security, compliance, and KYC. Must integrate with existing digital platforms and demonstrate how new technologies improve customer experience and operational efficiency.","Headline: CEO of a major African financial institution
About: I led a major African bank as CEO, driving digital transformation and strategic partnerships. I championed data-driven decision-making and fintech integration to modernize banking services. I navigated political and economic volatility in South Africa while expanding regional operations. I focused on ethical leadership, gender equity, and sustainable growth across Africa’s emerging markets.
Service: Digital Banking Transformation Advisory
Service details: Advisory on digitizing financial services, integrating fintech partnerships, leveraging big data and AI for customer insights, and modernizing legacy systems to compete in mobile-first markets.
Experience: - Championed digital transformation at a major African bank, increasing digital transactions to 1.6 billion annually while reducing in-person transactions to 30 million. - Led partnerships with fintechs and mobile operators to develop new products, such as data-driven microloans using mobile payment data from MTN Group. - Directed a strategic shift to embrace AI and robotics for routine operations, including foreign exchange reporting, while emphasizing human empathy and ethical design in technology.",,
35,G012,"Gig: Corporate Restructuring and Turnaround Strategy Advisor
Scope: A large, heavily leveraged conglomerate with worldwide operations across aviation, tourism, hotels, finance and technology is facing insolvency, severe cash depletion and mounting debt. The appointed government-led working group has determined that restructuring, not liquidation, is the best way to preserve the business. We seek an experienced specialist advisory team to steer the conglomerate through one of the country's largest corporate restructurings. Scope: - Assess going-concern status alongside creditors as the debt crisis first becomes apparent - Advise on restructuring assets, liabilities and shareholdings, and on the disposal of assets - Provide working capital advisory to release cash and adapt business and operational policy - Implement business and management restructuring to enable better operations and profitability - Monitor group spending and operations as creditors exercise their legal control - Act as a communications bridge across numerous stakeholders and recruit strategic investors through targeted due diligence
Notes: The restructuring must be completed within a nine-month deadline as required under Chinese insolvency requirements. The engagement expects a large, multi-disciplinary advisory team capable of operating across a complex, interconnected shareholding structure spanning tens of thousands of transactions among roughly two thousand companies and around sixty thousand creditors spread worldwide.","Headline: US Strategy & Transactions Leader
About: I bring my expertise as a strategic advisor to Fortune 500 executives, focusing on catalyzing growth in core businesses and designing new models. In the past, I led large-scale transformations as US Monitor strategy practice leader. My work spans a breadth of disciplines including corporate strategy, M&A, and organizational and digital transformation.
Experience: - Led large-scale transformations that unlock enterprise value for clients - Facilitated the tackling of challenging issues for global companies",,
36,G073,"Gig: Digital-first banking strategy and customer experience design
Scope: Looking for a banking and digital transformation specialist to help design and launch a mobile-only bank. The project requires rethinking traditional banking processes from a customer-first perspective, focusing on mobile convenience and low operational costs. Work includes developing a digital banking app with streamlined account opening, money transfers, and loan services. The goal is to reduce customer effort—aiming for account setup in under 10 minutes—while meeting regulatory standards for security, compliance, and KYC. Must integrate with existing digital platforms and demonstrate how new technologies improve customer experience and operational efficiency.","Headline: Tax Transformation and AI Strategy for M&A Confidence
About: I help executive teams manage tax complexity, sharpen M&A decisions, and modernize global tax operations. Over more than 25 years, I advised banks, asset managers, insurers, and real estate organizations on mergers and acquisitions, cross-border tax strategy, and enterprise-wide tax transformation. I guided more than 6,000 tax professionals serving Fortune 500 and multinational clients, shaping AI strategy and modern operating models. My work moves tax functions from legacy processes to technology-driven, agile structures, so leaders can act with greater speed and confidence.
Service: Tax Transformation and AI Strategy Advisory
Service details: I advise executives on mergers and acquisitions, cross-border tax strategy, and enterprise-wide tax transformation. I design and implement modern tax operating models that move functions from legacy processes to technology-driven, agile structures, including AI strategy for tax functions.",,
37,G073,"Gig: Digital-first banking strategy and customer experience design
Scope: Looking for a banking and digital transformation specialist to help design and launch a mobile-only bank. The project requires rethinking traditional banking processes from a customer-first perspective, focusing on mobile convenience and low operational costs. Work includes developing a digital banking app with streamlined account opening, money transfers, and loan services. The goal is to reduce customer effort—aiming for account setup in under 10 minutes—while meeting regulatory standards for security, compliance, and KYC. Must integrate with existing digital platforms and demonstrate how new technologies improve customer experience and operational efficiency.","Headline: Digital Banking and Financial Services Software Solutions Advisor
About: I led a business unit that combined cloud-based software with an integrated technology ecosystem for for banks and insurers. I helped improve customer experience, expand product portfolios, acquire customers, lower acquisition costs, and strengthen technology return on investment. I co-led a digital banking suite to help institutions modernize and compete with fintech and challenger banks. I focused on scalable, consumer-centric solutions that supported digital transformation and better technology outcomes for financial services clients.
Service: Digital Banking and Financial Services Software Advisory
Service details: I advise banks and insurers on cloud-based digital banking and financial services software solutions, covering customer experience, product portfolio expansion, customer acquisition, acquisition-cost reduction, technology return on investment, and modernization to compete with fintech and challenger institutions.",,
38,G033,"Gig: IFRS 17 Implementation for Life Insurance Company
Scope: A Japanese online life insurer is transitioning to IFRS 17 to improve financial transparency and support investor confidence. The company needs help implementing the global accounting standard to accurately reflect long-term profitability, especially by deferring new contract costs over policy life. The project requires hands-on support with trial calculations, data preparation, and system adjustments to align with IFRS 17 reporting requirements. The insurer aims to use IFRS 17 data to refine product profitability and inform strategic decisions, including a move to the TSE Prime Market. The engagement involves close collaboration with finance and accounting teams to ensure accurate, timely reporting and market education efforts.","Headline: Former Investment Management & Real Estate Finance Transformation Leader
About: I led finance transformation for investment management and real estate sectors. I acted as a lead consulting partner for select global investment managers and as an executing partner for complex global finance transformation initiatives. In past roles, I built investment management and finance-specific solutions, developed capabilities in advanced analytics and cloud enablement, and shaped an approach to profitability analytics for investment management. I combined sector knowledge with finance, analytics, and technology delivery to support finance transformation for investment management and real estate.
Service: Investment Management Finance Transformation
Service details: Finance transformation for investment management and real estate, covering finance-specific solutions, advanced analytics, cloud enablement, and profitability analytics capabilities.",,
39,G113,"Gig: M&A Integration Specialist for Rapid Healthcare Acquisitions
Scope: Need an experienced specialist to manage integration for a high-volume portfolio of 27 healthcare acquisitions completed in 15 months. The role requires supporting an Integration Management Office with daily operational surge, mapping complex billing and payroll systems, and executing due diligence across financial, HR, and clinical areas. Must ensure employee retention and service continuity while upgrading legacy infrastructure.","Headline: Former Head of Public Accounting & Industry Leader
About: <p>I have 25 years of experience in public accounting, focusing on the intersection of healthcare and life sciences. As a seasoned industry professional, I've established myself as a trusted advisor for clients navigating complex merger and acquisition transactions.</p>
Experience: - Led a practice as national managing partner for Merger & Acquisition Life Sciences and Health Care Industry. - Developed expertise in advising clients on mergers and acquisitions with specific knowledge of diligence, execution, integration, process improvement, strategy, and financial reporting because it allows me to pinpoint areas of inefficiency. - Guided private equity and corporate clients through M&A transactions involving all areas of the healthcare Merger & Acquisition life cycle.",,
40,G005,"Gig: Deploy intelligent automation platform for KYC and AML financial crime compliance
Scope: We require a comprehensive solution to eliminate our KYC remediation backlog and future-proof against evolving financial crime risks. We need a partner to design and implement a scalable, secure global financial crime platform that automates case management and reduces manual intervention. The scope includes: * Architecting a solution using Microsoft Azure cloud infrastructure and the Pega platform for workflow and case management. * Implementing intelligent automation and straight-through-processing (STP) to automatically collate internal, external, and trusted customer data into a single view. * Utilizing machine learning to enhance data quality, optimize risk detection, and support country-specific resilient hosting. * Developing a customized deployment architecture based on microservices to ensure rapid integration with incumbent enterprise solutions.","Headline: Senior Cybersecurity & Financial Crime Consulting Leader
About: I bring extensive expertise in cybersecurity and financial crime consulting, helping organizations navigate complex digital risks. My background in business technology management allows me to address multifaceted security challenges across privacy, operational technology, and cloud environments. I combine technical security prowess with strategic risk advisory to protect clients in diverse sectors. By leveraging structured mentorship from a market-leading practice, I deliver robust solutions that secure digital transformation initiatives and ensure compliance. My approach integrates deep technical knowledge with practical business insights to safeguard critical assets.
Service: Cybersecurity and Financial Crime Consulting
Service details: Provision of technical cybersecurity advisory and risk assessment services, covering privacy, operational technology security, cloud security, and managed security services. Includes strategic consultation on financial crime prevention and compliance within the context of digital transformation and technology integration.",,
41,G000,"Gig: SAP S/4HANA Finance Implementation Specialist for Shipping Company
Scope: The client, a shipping giant with operations in over 40 countries, needs to implement SAP S/4HANA Finance across their global presence. This includes unifying three different finance and accounting systems and streamlining operations in a single ERP to support Day One of its post-merger existence within an aggressive timeline of eight months. The ideal consultant will work closely with the client's team, establish a project management framework, and ensure cultural differences between teams do not become hurdles.","Headline: Former M&A Principal in Financial Services and Insurance
About: I have advised executives and finance teams on complex financial services and insurance transactions. My work has spanned the full M&A lifecycle: deal strategy, due diligence, post-merger integration, divestitures, and go-to-market value capture. I have designed organization and workforce strategies, integrated or separated finance functions, and introduced technology-enabled solutions that improved speed and value realization. For the the transaction lifecycle, I have supported integration, separation, and post-deal operational performance for leadership teams.
Service: M&A Advisory for Financial Services and Insurance
Service details: My services cover the M&A lifecycle: deal strategy, due diligence, post-merger integration, divestitures, go-to-market value capture, organization and workforce design, and technology-enabled finance integration or separation.",,
42,G063,"Gig: AI Center of Excellence Setup Specialist
Scope: We're looking for an experienced specialist to help set up an AI Center of Excellence (CoE) at a biotech company. The CoE will manage business engagement and technology delivery for the company's AI program. Key responsibilities include establishing guiding principles, strategic and governance structures, policies, procedures, and controls for deploying new solutions. Additional requirements include standing up the CoE, analyzing business requirements, developing use cases, prioritizing projects, and managing potential risks.","Headline: Former CTO and Dean of an AI Training Academy, AI and Data Science Leader
About: I spent more than a decade in machine learning, deep learning, and enterprise AI, with a focus on building and integrating large-scale models, frameworks, and solutions designed to deliver measurable return on investment. I served as dean of a professional services firm's AI training academy, where I educated and reskilled a global workforce through immersive training for digital-economy capabilities. As CTO of a recently acquired data science and engineering practice, I led a team of data scientists, engineers, and managers to deliver practical client solutions.
Service: Enterprise AI and Data Science Advisory
Service details: Advisory services include designing, building, and integrating large-scale enterprise AI, machine learning, and data science models, frameworks, and solutions; providing data science and engineering team leadership; and delivering immersive workforce reskilling programs.",,
43,G015,"Gig: Customer-Centric Transformation Consultant for a Retail Energy Business
Scope: We are a national energy provider reorganizing our retail business around customers and digital channels. We seek a transformation partner to restructure our retail operations, build a customer-centric workforce, and establish a data-driven solutions business. - Humans at center: restructure into a customer-led retail division and upskill employees into an agile-driven, customer-first workforce. - Innovation at scale: build a retail structure and culture that empowers customers to understand and manage their energy usage. - Technology at speed: establish a data-driven solutions business to drive customer experience-led innovation and new business models in adjacent energy markets.","Headline: Power & Utilities Customer Experience Transformation Advisor
About: I spent 30 years across power and utilities, working with energy retailers in the US, UK, Europe, Asia, and Oceania. Based in Seattle, I combined retail strategy, sales and marketing, digital technology, analytics, and organizational change to help energy companies develop new residential and commercial products and services. I hold US patents in energy efficiency and demand management analytics, and Consulting Magazine recognized me as one of its Top 25 Consultants for Excellence in Energy.
Service: Energy Retail Transformation Advisory
Service details: I advise energy retailers on customer experience transformation, retail strategy, sales and marketing, digital technology, analytics, and organizational change, and help develop residential and commercial products and services.
Experience: - Earned recognition as one of Consulting Magazine's Top 25 Consultants for Excellence in Energy. - Secured several US patents in energy efficiency and demand management analytics.",,
44,G106,"Gig: Cybersecurity transformation for a global retailer
Scope: A global consumer goods retailer is strengthening its cyber defenses after identifying gaps in its security program. The organization has a collection of costly, fragmented technology tools and lacks a cohesive strategy. It needs a cybersecurity specialist to design and implement a three-year roadmap to mature its cyber posture, reduce risk, and protect customer data. The scope includes establishing a 24x7 Security Operations Center with threat-hunting and automation, modernizing vulnerability management with automated prioritization, upgrading Identity Access Management with a cloud-based identity governance platform, and integrating Governance, Risk, and Compliance with a risk-based, technology-enabled approach. The goal is to reduce vulnerabilities, eliminate redundant systems, and improve service delivery to internal and external customers.","Headline: Governance, Risk Management, Compliance Specialist
About: My career background is steeped in driving business transformations across governance, risk management, and compliance - focusing on delivering solutions that are tailored to each client's needs. With extensive experience managing large-scale projects and providing expert guidance on regulatory matters, I deliver tangible value for stakeholders. My passion lies in navigating complex regulatory landscapes and crafting bespoke strategies that mitigate risks. Whether it's streamlining operations or enhancing risk management controls, my drive is always geared towards delivering concrete results.
Experience: - Led many large-scale, multiyear implementation, transformation, and remediation projects in governance, risk management, compliance, and bank operating models. - Provided clients with assistance on regulatory, governance, compliance, risk management, and operational controls issues that allowed them to make informed decisions with a high degree of confidence. This often involved identifying gaps in their current practices and suggesting targeted interventions - sometimes even serving as an independent advisor. - Reduced the impact of a significant change by building collaborative relationships with impacted stakeholders.",,
45,G012,"Gig: Corporate Restructuring and Turnaround Strategy Advisor
Scope: A large, heavily leveraged conglomerate with worldwide operations across aviation, tourism, hotels, finance and technology is facing insolvency, severe cash depletion and mounting debt. The appointed government-led working group has determined that restructuring, not liquidation, is the best way to preserve the business. We seek an experienced specialist advisory team to steer the conglomerate through one of the country's largest corporate restructurings. Scope: - Assess going-concern status alongside creditors as the debt crisis first becomes apparent - Advise on restructuring assets, liabilities and shareholdings, and on the disposal of assets - Provide working capital advisory to release cash and adapt business and operational policy - Implement business and management restructuring to enable better operations and profitability - Monitor group spending and operations as creditors exercise their legal control - Act as a communications bridge across numerous stakeholders and recruit strategic investors through targeted due diligence
Notes: The restructuring must be completed within a nine-month deadline as required under Chinese insolvency requirements. The engagement expects a large, multi-disciplinary advisory team capable of operating across a complex, interconnected shareholding structure spanning tens of thousands of transactions among roughly two thousand companies and around sixty thousand creditors spread worldwide.","Headline: Corporate finance advisor for business services and cross-border transactions
About: I have performed corporate finance advisory and execution work since 2001 for start-ups, privately owned, middle market, public, and very large companies across business services, technology, industrials, government contracting, engineering and construction, facilities management, transportation, aerospace and defense, and healthcare. I have handled these engagements, including mergers, acquisitions, divestitures, private equity investments, financings, business valuations, strategic assessments, and cross-border transactions involving companies based in Canada, Europe, Asia Pacific, and South America.
Service: Corporate Finance Advisory
Service details: I offer advisory and execution support for mergers, acquisitions, divestitures, private equity investments, financings, business valuations, and strategic assessments, including cross-border transactions.",,
46,G073,"Gig: Digital-first banking strategy and customer experience design
Scope: Looking for a banking and digital transformation specialist to help design and launch a mobile-only bank. The project requires rethinking traditional banking processes from a customer-first perspective, focusing on mobile convenience and low operational costs. Work includes developing a digital banking app with streamlined account opening, money transfers, and loan services. The goal is to reduce customer effort—aiming for account setup in under 10 minutes—while meeting regulatory standards for security, compliance, and KYC. Must integrate with existing digital platforms and demonstrate how new technologies improve customer experience and operational efficiency.","Headline: Principal, US banking and capital markets leader
About: I advise regional and global banks on strategic issues including channel strategies, digital modernization, payments product development, post-merger integrations, and operating model transformations. As a former banker, I bring deep expertise in technology and digital transformation within financial services. I focus on delivering actionable insights that drive measurable outcomes for clients.
Service: Banking and Capital Markets Advisory
Service details: Advising banks on strategic issues including channel strategies, digital modernization, payments product development, post-merger integrations, and operating model transformations.",,
47,G112,"Gig: Tax Managed Services Specialist
Scope: Looking for a Tax Managed Services specialist to deliver comprehensive tax-related services, including tax compliance, reporting, and advisory, with a focus on efficiency and cost savings. Partnering with the client's existing tax team, you will help implement a unified approach to scale their tax capabilities while preserving institutional knowledge and business continuity.
Notes: - seniority: Experienced","Headline: Financial Services Tax Advisor for Banking and Capital Markets
About: I have 19 years of financial services experience and 23 years in tax, with a focus on US and global banking and capital markets. I led the US and global banking and capital markets tax function. I provided tax consulting, compliance, and tax accounting services to multinational banks, broker-dealers, investment managers, and fintech companies. I advised systemically important financial institutions on tax regulatory matters, including regulatory stress testing. I also spoke at industry conferences and represented a professional services tax firm to a bankers' association.
Service: Financial Services Tax Advisory
Service details: My services include tax consulting, compliance, and tax accounting for multinational banks, broker-dealers, investment managers, and fintech companies, plus tax regulatory advice for systemically important financial institutions subject to regulatory stress testing.",,
48,G026,"Gig: Develop a 10-year fiscal recovery plan for a city facing a $200M annual budget deficit
Scope: Analyze the city’s top 50 highest-cost services to identify efficiency gains and revenue opportunities. Conduct interviews with department heads and frontline staff to uncover operational insights. Benchmark against 12 peer cities to assess tax capacity and spending practices. Develop recommendations for service improvements, financial planning, and innovation infrastructure. Map 90+ potential initiatives by financial impact, equity, and feasibility. Deliver a prioritized roadmap with quick wins and long-term strategies to close the budget gap and ensure fiscal sustainability.","Headline: Former Principal Consultant & Public Sector Digital Transformation Leader
About: I bring more than 25 years of industry and consulting experience in technology-driven business transformation, customer strategy, and digital transformation for federal, state, county, and higher education clients. I previously served as a senior consultant and principal in a global professional services consulting practice, leading AI and engineering technology solutions for US government and public sector clients. I have focused on large-scale IT, business, and service delivery transformations that combine innovative technology with human-centered design to improve service value for stakeholders.
Service: Public Sector Digital Transformation Consulting
Service details: I design and implement technology-driven business transformation, customer strategy, and digital transformation for federal, state, county, and higher education clients, including large-scale IT and service delivery initiatives that combine innovative technology with human-centered design.",,
49,G112,"Gig: Tax Managed Services Specialist
Scope: Looking for a Tax Managed Services specialist to deliver comprehensive tax-related services, including tax compliance, reporting, and advisory, with a focus on efficiency and cost savings. Partnering with the client's existing tax team, you will help implement a unified approach to scale their tax capabilities while preserving institutional knowledge and business continuity.
Notes: - seniority: Experienced","Headline: US Investment Management Tax Advisor
About: I provide tax guidance for US investment management clients on local, state, federal, and international tax rules. My work focuses on the tax rules that apply to domestic and cross-border operations in the sector. I led a team of professionals serving the investment management sector, and I oversaw overall strategy and offerings for that sector. I advise on a broad range of tax matters, including navigating local, state, federal, and international rules.
Service: Investment Management Tax Services
Service details: I provide tax services and guidance on navigating local, state, federal, and international tax rules for US investment management clients.",,
50,G106,"Gig: Cybersecurity transformation for a global retailer
Scope: A global consumer goods retailer is strengthening its cyber defenses after identifying gaps in its security program. The organization has a collection of costly, fragmented technology tools and lacks a cohesive strategy. It needs a cybersecurity specialist to design and implement a three-year roadmap to mature its cyber posture, reduce risk, and protect customer data. The scope includes establishing a 24x7 Security Operations Center with threat-hunting and automation, modernizing vulnerability management with automated prioritization, upgrading Identity Access Management with a cloud-based identity governance platform, and integrating Governance, Risk, and Compliance with a risk-based, technology-enabled approach. The goal is to reduce vulnerabilities, eliminate redundant systems, and improve service delivery to internal and external customers.","Headline: Audit & Assurance Partner
About: I have over 20 years of experience working with major banking and capital markets clients to provide bespoke Audit & Assurance Advisory solutions. With a strong background in corporate governance, risk management, mergers and acquisitions, and complex accounting matters, I excel at uncovering valuable insights that inform business decisions.
Service: Audit & Assurance Advisory
Experience: - Evaluated the use of data from operations,",,
51,G068,"Gig: Accounting Services for US GAAP Compliance
Scope: A regional not-for-profit organization is preparing annual audited financial statements under United States Generally Accepted Accounting Principles (US GAAP). The organization has complex sponsorship and vendor arrangements that require significant judgments. We need a provider to develop a roadmap, accounting models, and illustrative use-case scenarios to assist with US GAAP compliance.","Headline: Audit & Assurance Partner
About: I have over 20 years of experience working with major banking and capital markets clients to provide bespoke Audit & Assurance Advisory solutions. With a strong background in corporate governance, risk management, mergers and acquisitions, and complex accounting matters, I excel at uncovering valuable insights that inform business decisions.
Service: Audit & Assurance Advisory
Experience: - Evaluated the use of data from operations,",,
52,G080,"Gig: Supply chain transformation consultant for a frozen-foods manufacturer
Scope: Looking for a supply chain transformation specialist to help a large frozen-foods producer streamline operations and reduce costs. The goal is to simplify the product portfolio, optimize manufacturing, and improve logistics. Key tasks include conducting SKU rationalization to reduce inventory complexity by 20%, analyzing manufacturing processes for cost savings, and evaluating logistics networks to cut redundant handling and transportation costs. The project involves working with existing facilities across the US and Europe, and integrating insights from agriculture and production data. Deliverables include a revised product portfolio aligned with demand, a plan for manufacturing efficiency improvements, and a logistics optimization strategy that reduces handling steps and shipping costs. Tools and standards used include digital dashboards for real-time monitoring and performance tracking, with a focus on reducing operating costs to fund global expansion.","Headline: Supply Chain Strategy and Operations Transformation Consultant
About: I help manufacturing, consumer, and retail clients drive financial and operational performance through targeted supply chain strategies. My background includes leading US Digital Supply Chain Strategy offerings and supporting broader supply chain practices within global professional services environments. I specialize in procurement transformation, global sourcing, and inventory optimization to deliver measurable cost reductions and efficiency gains.
Service: Supply Chain and Operations Transformation
Service details: Design and execution of supply chain strategy, procurement transformation, global sourcing strategies, and operating model design. Includes cost reduction initiatives, operational efficiency programs, and inventory management optimization for manufacturing, consumer, and retail clients to drive financial and performance improvements.",,
53,G072,"Gig: Mobile App Replatforming and Digital Transformation for a Professional Sports League
Scope: I run the digital products team for a professional women’s basketball league, and we need to rebuild our mobile app to meet rising fan expectations. Our current app only supports livestreaming, but fans want personalized highlights, real-time stats, curated content, and deeper engagement with players. We’re looking for a specialist to help us rearchitect the app for scalability, build a modular, data-driven backend, and implement continuous analytics and rapid feature deployment. The goal is to create a living platform that evolves with fan behavior and league growth, not just a one-time launch. We’ll need expertise in mobile development, app architecture, and fan engagement analytics.","Headline: Finance Transformation Advisor for CFOs in Technology, Media, and Telecommunications
About: I advised CFOs and finance teams across technology, media, and telecommunications as they modernised finance operations. I worked within a professional services consulting environment focused on finance and enterprise performance, helping leaders move from strategy to implemented capability. I identified transformation opportunities, designed digital solutions, and executed programs that delivered next-generation capabilities to finance. I embedded digital solutions so finance leaders could modernise their finance function with greater clarity and confidence.
Service: Finance Transformation Advisory
Service details: Support for CFOs and finance teams to identify, design, and execute finance transformation programs, including navigation and implementation of digital solutions across the finance function in technology, media, and telecommunications contexts.",,
54,G118,"Gig: Sales strategy and operations for medical technology spinoff
Scope: I lead sales operations at a medical technology company preparing for a high-growth spinoff. I need a specialist to transform our sales strategy and operational setup to support this transition. Specifically, I need an end-to-end strategy for business partner selection, moving from identifying desired partner qualities to operationalizing the onboarding process. The scope includes developing a scoring model and the necessary templates to enable rapid expansion through an indirect channel.","Headline: Principal specializing in investment & wealth management solutions
About: I advise asset and wealth managers on operating model transformation and technology implementation to modernize core operations. With deep expertise in front and middle office transformation, platform selection, and trading integration, I help firms navigate complex operational challenges. My focus lies in driving insourcing or outsourcing strategies, enhancing data management, and implementing robust reporting solutions. I partner with clients to increase operating value through strategic insight and technical precision across both traditional and alternative asset classes.
Service: Investment & Wealth Management Transformation Advisory
Service details: Advisory services focused on modernizing investment and wealth management operations through operating model redesign, technology platform assessment, and integration of trading and reporting systems for asset and wealth managers.",,
55,G005,"Gig: Deploy intelligent automation platform for KYC and AML financial crime compliance
Scope: We require a comprehensive solution to eliminate our KYC remediation backlog and future-proof against evolving financial crime risks. We need a partner to design and implement a scalable, secure global financial crime platform that automates case management and reduces manual intervention. The scope includes: * Architecting a solution using Microsoft Azure cloud infrastructure and the Pega platform for workflow and case management. * Implementing intelligent automation and straight-through-processing (STP) to automatically collate internal, external, and trusted customer data into a single view. * Utilizing machine learning to enhance data quality, optimize risk detection, and support country-specific resilient hosting. * Developing a customized deployment architecture based on microservices to ensure rapid integration with incumbent enterprise solutions.","Headline: Governance, Risk Management, Compliance Specialist
About: My career background is steeped in driving business transformations across governance, risk management, and compliance - focusing on delivering solutions that are tailored to each client's needs. With extensive experience managing large-scale projects and providing expert guidance on regulatory matters, I deliver tangible value for stakeholders. My passion lies in navigating complex regulatory landscapes and crafting bespoke strategies that mitigate risks. Whether it's streamlining operations or enhancing risk management controls, my drive is always geared towards delivering concrete results.
Experience: - Led many large-scale, multiyear implementation, transformation, and remediation projects in governance, risk management, compliance, and bank operating models. - Provided clients with assistance on regulatory, governance, compliance, risk management, and operational controls issues that allowed them to make informed decisions with a high degree of confidence. This often involved identifying gaps in their current practices and suggesting targeted interventions - sometimes even serving as an independent advisor. - Reduced the impact of a significant change by building collaborative relationships with impacted stakeholders.",,
56,G106,"Gig: Cybersecurity transformation for a global retailer
Scope: A global consumer goods retailer is strengthening its cyber defenses after identifying gaps in its security program. The organization has a collection of costly, fragmented technology tools and lacks a cohesive strategy. It needs a cybersecurity specialist to design and implement a three-year roadmap to mature its cyber posture, reduce risk, and protect customer data. The scope includes establishing a 24x7 Security Operations Center with threat-hunting and automation, modernizing vulnerability management with automated prioritization, upgrading Identity Access Management with a cloud-based identity governance platform, and integrating Governance, Risk, and Compliance with a risk-based, technology-enabled approach. The goal is to reduce vulnerabilities, eliminate redundant systems, and improve service delivery to internal and external customers.","Headline: Senior Cybersecurity & Financial Crime Consulting Leader
About: I bring extensive expertise in cybersecurity and financial crime consulting, helping organizations navigate complex digital risks. My background in business technology management allows me to address multifaceted security challenges across privacy, operational technology, and cloud environments. I combine technical security prowess with strategic risk advisory to protect clients in diverse sectors. By leveraging structured mentorship from a market-leading practice, I deliver robust solutions that secure digital transformation initiatives and ensure compliance. My approach integrates deep technical knowledge with practical business insights to safeguard critical assets.
Service: Cybersecurity and Financial Crime Consulting
Service details: Provision of technical cybersecurity advisory and risk assessment services, covering privacy, operational technology security, cloud security, and managed security services. Includes strategic consultation on financial crime prevention and compliance within the context of digital transformation and technology integration.",,
57,G012,"Gig: Corporate Restructuring and Turnaround Strategy Advisor
Scope: A large, heavily leveraged conglomerate with worldwide operations across aviation, tourism, hotels, finance and technology is facing insolvency, severe cash depletion and mounting debt. The appointed government-led working group has determined that restructuring, not liquidation, is the best way to preserve the business. We seek an experienced specialist advisory team to steer the conglomerate through one of the country's largest corporate restructurings. Scope: - Assess going-concern status alongside creditors as the debt crisis first becomes apparent - Advise on restructuring assets, liabilities and shareholdings, and on the disposal of assets - Provide working capital advisory to release cash and adapt business and operational policy - Implement business and management restructuring to enable better operations and profitability - Monitor group spending and operations as creditors exercise their legal control - Act as a communications bridge across numerous stakeholders and recruit strategic investors through targeted due diligence
Notes: The restructuring must be completed within a nine-month deadline as required under Chinese insolvency requirements. The engagement expects a large, multi-disciplinary advisory team capable of operating across a complex, interconnected shareholding structure spanning tens of thousands of transactions among roughly two thousand companies and around sixty thousand creditors spread worldwide.","Headline: Financial Services Tax Advisor for Banking and Capital Markets
About: I have 19 years of financial services experience and 23 years in tax, with a focus on US and global banking and capital markets. I led the US and global banking and capital markets tax function. I provided tax consulting, compliance, and tax accounting services to multinational banks, broker-dealers, investment managers, and fintech companies. I advised systemically important financial institutions on tax regulatory matters, including regulatory stress testing. I also spoke at industry conferences and represented a professional services tax firm to a bankers' association.
Service: Financial Services Tax Advisory
Service details: My services include tax consulting, compliance, and tax accounting for multinational banks, broker-dealers, investment managers, and fintech companies, plus tax regulatory advice for systemically important financial institutions subject to regulatory stress testing.",,
58,G063,"Gig: AI Center of Excellence Setup Specialist
Scope: We're looking for an experienced specialist to help set up an AI Center of Excellence (CoE) at a biotech company. The CoE will manage business engagement and technology delivery for the company's AI program. Key responsibilities include establishing guiding principles, strategic and governance structures, policies, procedures, and controls for deploying new solutions. Additional requirements include standing up the CoE, analyzing business requirements, developing use cases, prioritizing projects, and managing potential risks.","Headline: Former Head of AI & Engineering Transformation, Industry Leader
About: I led technology-focused teams and client projects for more than 25 years, with a financial services emphasis. I advised public and private sector organizations on operations process improvement, data management implementation, investment planning, engineering deployment, and service excellence programs. I focused on technology transformation where software engineering intersects with AI and Generative AI. My work delivered improved financial performance and faster speed to market, while strengthening engineering practices, data capabilities, and AI adoption across complex business environments.
Service: AI & Engineering Transformation Advisory
Service details: I advise public and private sector clients on AI, data, and engineering initiatives, including operations process improvement, data management implementation, investment planning, engineering deployment, service excellence programs, and Generative AI software engineering, to improve financial performance and accelerate speed to market.
Experience: - I earned recognition on a national business publication's Most Powerful Next Generation list. - I earned a 2023 A-List award for supporting Pan-Asian professionals.",,
59,G118,"Gig: Sales strategy and operations for medical technology spinoff
Scope: I lead sales operations at a medical technology company preparing for a high-growth spinoff. I need a specialist to transform our sales strategy and operational setup to support this transition. Specifically, I need an end-to-end strategy for business partner selection, moving from identifying desired partner qualities to operationalizing the onboarding process. The scope includes developing a scoring model and the necessary templates to enable rapid expansion through an indirect channel.","Headline: Sales Excellence Strategist | US Sales Leader
About: I develop and execute the firm’s overall sales excellence strategy, guiding teams in making informed decisions that drive business growth. With over 20 years of experience at this firm, I’ve advised banking clients on key initiatives to advance their goals.
Experience: - Led strategic initiatives for domestic and international banking clients, including channel strategy, and M&A operational integration. This involved implementing complex system solutions that addressed the clients’ business needs. - Designed the credit underwriting process for clients to meet regulatory requirements, thereby reducing the risk of non-compliance. It ensured a unified approach across all client portfolios. - Unified capabilities serving the firm’s financial services client portfolio as US Financial Services Industry Leader.",,
60,G072,"Gig: Mobile App Replatforming and Digital Transformation for a Professional Sports League
Scope: I run the digital products team for a professional women’s basketball league, and we need to rebuild our mobile app to meet rising fan expectations. Our current app only supports livestreaming, but fans want personalized highlights, real-time stats, curated content, and deeper engagement with players. We’re looking for a specialist to help us rearchitect the app for scalability, build a modular, data-driven backend, and implement continuous analytics and rapid feature deployment. The goal is to create a living platform that evolves with fan behavior and league growth, not just a one-time launch. We’ll need expertise in mobile development, app architecture, and fan engagement analytics.","Headline: Former Head of Sports Industry Transformation & M&A Advisory
About: I advised sports businesses on strategy, digital transformation, and acquisitions, drawing on more than 20 years in the industry. I helped organisations address complex operating challenges, enhance fan experiences, and create new digital revenue streams. My work focused on turning strategic ambition into measurable value, from clarifying business priorities to executing value-creating initiatives in competitive markets. My business economics and MBA training helped me make transformation practical, durable, and commercially meaningful for the organisations I served.
Service: Sports Transformation and M&A Advisory
Service details: Advisory for sports businesses on large-scale digital transformation, acquisitions, fan-experience improvement, and revenue growth, helping organisations maximize value from digital enablement across operations.",,
