source_file,extracted_by_model,source_company,source_company_team,hire_title,hire_description,hire_description_additional_notes,classify_label,industry,secondary_industry,taxonomy_version,extracted_at,time_taken_by_model,roll_detail,roll_voice,roll_area
ey.com__en_gl_insights_ai_case-study-how-ey-transformed-with-ai.md,qwen3.6:35b,EY,,Responsible AI Framework and Risk Assessment for SME,"We are a 150-person professional services firm in Singapore. With recent adoption of generative AI tools, we need a specialist to design our internal Responsible AI framework. Drawing on global best practices for ethical governance, you will define clear AI usage policies, map risk management processes to innovation speed, and establish definitions for ethical AI deployment across our teams. This ensures our AI integration remains compliant with emerging regulations while mitigating data privacy risks. Deliverable: a written Responsible AI governance framework and risk assessment report. Engagement duration: 4-6 weeks.",,HIRER,Professional Services,,industry_v1,2026-10-01T21:59:13,6.87,Standard,Owner intro,none
ey.com__en_gl_insights_managed-services_blue-earth-capital-built-finance-function-at-speed.md,qwen3-vl:32b,EY,,Design Month-End Close Process for Impact Investor,"We are a mid-sized impact investment firm in Singapore with about 35 staff, managing S$170 million in assets. We’re transitioning from external support to building our own finance function and need to set up a reliable month-end close process quickly. We want someone to design a streamlined, compliant month-end close workflow using a pre-configured ERP system, ensuring accurate reporting and audit readiness. The process must handle multi-jurisdictional requirements and integrate with our existing systems. Deliverable: documented month-end close process with roles, timelines, system steps, and compliance checks. Engagement duration: 3-5 weeks.",,HIRER,Financial Services,,industry_v1,2026-10-01T21:59:13,10.94,Standard,Owner intro,none
pwc.com__gx_en_about_case-studies_pwc-sap-4-hana-alliance-one-shipping-case-study-html.md,qwen3.6:35b,PwC,PwC South East Asia Consulting,IFRS16 Lease Accounting Assessment for SAP S/4HANA,"We run a logistics and shipping firm in Singapore managing multiple leased containers, trucks and warehouse space. We need to comply with IFRS 16 lease accounting standards. Our current processes are manual and fragmented, making it hard to track lease liabilities and right-of-use assets accurately. We require a specialist to review our existing lease contracts, map the data to the requirements of SAP S/4HANA REFX, and identify gaps in our current setup. The goal is to prepare a compliant framework that can be integrated into our finance system. Deliverable: written gap analysis and prioritised action list for IFRS 16 compliance. Engagement duration: 4 weeks.",,HIRER,Marine & Offshore,,industry_v1,2026-10-01T21:59:13,12.02,Standard,Problem first,none
ey.com__en_gl_insights_energy-resources_how-ai-drove-data-optimization-for-oil-and-gas-capital-projects.md,qwen3-vl:32b,EY,EY Global and US Industrials and Energy Consulting,Review and Tag Engineering Requirements Using AI,"We are a mid-sized oil and gas engineering firm in Singapore with 35 staff, managing capital projects. We have a library of over 750 engineering documents, each with 30+ pages and 100+ requirements, but manual processing is slow and error-prone. We need someone to review and tag a sample set of 50 requirements using AI, based on industry standards like INCOSE and EARS, and assign metadata tags from a library of over 1,000 options. The specialist must use generative AI and a vector database to match requirements to tags, with human oversight to validate accuracy. Deliverable: tagged sample set with validation notes and a short report on AI performance. Engagement duration: 3-4 weeks.",,HIRER,Energy & Resources,,industry_v1,2026-10-01T21:59:13,22.91,Minimal,Owner intro,none
ey.com__en_gl_insights_strategy-transactions_how-an-insolvent-travel-industry-giant-got-back-on-track.md,qwen3-vl:32b,EY,EY-Parthenon,Restructuring Assessment for a Struggling Travel Company,"We run a regional travel and tourism company in Singapore with 200 staff, and we’re facing cash flow issues due to high debt and reduced bookings. We need someone to assess our current financial and operational structure, review our asset and liability positions, and identify quick wins to improve cash flow and stabilise operations. This includes reviewing our key contracts, identifying non-core assets for potential divestment, and mapping out immediate cost-saving actions. Deliverable: written assessment with prioritised action plan for short-term stabilisation. Engagement duration: 4-6 weeks.",,HIRER,Retail & Consumer,,industry_v1,2026-10-01T21:59:49,14.13,Standard,Problem first,named
ey.com__en_gl_insights_workforce_how-ey-built-a-better-working-world-with-its-people-at-the-center.md,qwen3.6:35b,EY,,Employee Change Readiness Assessment for Strategy Refresh,"We are a 40-person professional services firm in Singapore preparing to refresh our company strategy following a leadership transition. We need a specialist to assess our team's current readiness and sentiment regarding the upcoming changes. You will design and deploy a concise, multi-language pulse survey to capture awareness, concerns, and adoption barriers. The analysis must identify specific cultural or structural gaps that could hinder adoption. Deliverable: a report with sentiment analysis, risk heat map, and prioritized intervention recommendations. Engagement duration: 3 weeks.",,HIRER,Professional Services,,industry_v1,2026-10-01T21:59:49,14.14,Standard,Owner intro,none
ey.com__en_gl_insights_banking-capital-markets_how-tax-managed-services-can-accelerate-banks-transformation.md,qwen3-vl:32b,EY,EY Americas Financial Services Tax and Finance Operate Banking & Capital Markets Leader,Assess Tax Function for Managed Services Transition,"A mid-sized banking institution in Singapore is evaluating how to reduce costs and improve resilience in its tax and finance function. The bank is considering a managed services approach to handle non-core but critical tax operations, and needs an independent specialist to assess its current tax function. The specialist will review how the tax function currently operates, identify core processes that could be transitioned, and evaluate data security and governance risks. The assessment must consider the bank’s need for business continuity, especially in remote working conditions, and align with MAS regulatory expectations. Deliverable: written assessment report with findings on current operations, transition feasibility, and risk mitigation recommendations. Engagement duration: 4-6 weeks.",,HIRER,Financial Services,,industry_v1,2026-10-01T21:59:49,14.5,Standard,Context first,none
pwc.com__gx_en_services_legal-business-solutions_case-study-digital-transformation-global-shipping-html.md,qwen3-vl:32b,PwC,PwC Global Legal Network,Review Antitrust Compliance for Shipping Industry Consortium,"A shipping consortium in Singapore, formed by several ocean carriers and terminal operators, is setting up a not-for-profit joint venture to create a blockchain-based trade data platform. They need to ensure the structure complies with competition and antitrust laws. The specialist must review the proposed joint venture model, assess regulatory risks in key jurisdictions, and help prepare filings for antitrust clearance. Deliverable: written assessment of antitrust compliance risks and recommended steps for regulatory approval. Engagement duration: 4-6 weeks.",,HIRER,Logistics & Distribution,,industry_v1,2026-10-01T21:59:49,15.88,Standard,Context first,none
ey.com__en_gl_insights_consulting_xoople-transforms-earth-data-into-business-insights.md,qwen3-vl:32b,EY,EY Americas AI and Data Leader,Transform Geospatial Data into AI-Ready Format for Agriculture Use,"We run a small precision agriculture firm in Singapore with 15 staff, using satellite data to monitor crop health. We need someone to help us convert raw geospatial data into AI-ready datasets for our farm monitoring system. The data comes from multiple satellite sources and is currently too complex to process in-house. We want to use AI to predict crop yield and health based on real-time changes in soil and vegetation. The specialist must clean, structure, and label the data using open formats, ensuring it’s compatible with our existing tools. Deliverable: processed AI-ready dataset with documentation on data sources, transformations, and format standards. Engagement duration: 4-6 weeks.",,HIRER,Cross-industry,,industry_v1,2026-10-01T21:59:49,18.16,Standard,Problem first,none
ey.com__en_gl_insights_government-public-sector_nagasaki-stadium-city-reimagines-urban-revitalization.md,qwen3.8:27b,EY,,Develop ICT Strategy for Sports Venue,"We are a private-sector development company in Singapore preparing to launch a mixed-use sports facility, including a 5,000-seat arena and retail spaces. We need a specialist to define our ICT vision, focusing on a single visitor app and the high-speed network infrastructure required to support it. The goal is to use technology to drive operational efficiency and labor savings, particularly through visualized shift management for events. We need to align on the initial vision and goals to ensure the digital services are scalable and user-friendly from the start. Deliverable: a defined ICT strategy document outlining the vision, goals, and technical requirements for the visitor app and network infrastructure. Engagement duration: 4-6 weeks.",,HIRER,Construction & Real Estate,,industry_v1,2026-10-01T21:59:49,24.58,Standard,Owner intro,none
ey.com__en_us_insights_consulting_ey-consulting-case-studies_case-study-intelligent-automation-shifts-a-state-agency-into-higher.md,qwen3.6:35b,EY,EY US,Assess automation scope for routine service renewals,"We run a six-outlet retail chain in Singapore and our manual processing for routine service renewals is causing bottlenecks and errors. We need someone to map our current workflows, identify which high-volume tasks are suitable for robotic process automation, and assess the data integrity of our central system. We want to avoid hiring a full transformation team and instead get a clear picture of where intelligent automation can plug into our existing operations before we commit to any build. Deliverable: gap analysis report with prioritised automation use cases for routine renewals. Engagement duration: 3-4 weeks.",,HIRER,OTHER,,industry_v1,2026-10-01T22:00:03,12.37,Standard,Problem first,named
ey.com__en_us_insights_strategy-transactions_cash-leadership-office-for-bristol-myers-squibb.md,qwen3-vl:32b,EY,EY-Parthenon,Design Cash Leadership Office for Procurement Function,"We are a mid-sized pharmaceutical distributor in Singapore with 45 staff, managing a portfolio of oncology and cardiovascular drugs. We need to improve cash flow to fund new product development and offset revenue declines from expiring patents. We’re starting with our procurement function to establish a cash leadership office (CLO) that will monitor and optimize payment terms, reduce delays, and align procurement decisions with company-wide cash goals. The specialist will map current procurement processes, identify cash flow levers, and design a governance framework for the CLO. Deliverable: draft CLO framework for procurement, including key performance indicators and process recommendations. Engagement duration: 4-6 weeks.",,HIRER,Healthcare,,industry_v1,2026-10-01T22:00:05,13.05,Standard,Owner intro,none
ey.com__en_gl_insights_consulting_why-people-and-tech-are-the-fuel-for-customer-centric-transformation.md,qwen3.8:27b,EY,,Customer Segmentation Analysis for Utility Provider,"We are a utility retail provider in Singapore serving a mixed base of residential and commercial customers. As we shift to a digital-first model, we need to move beyond generic service and better understand our differing customer expectations. We require a specialist to analyse our customer base and define distinct segments, including large business, government, SMEs, and residential cohorts. This analysis should guide how we enhance interactions across physical and digital channels.

Deliverable: documented customer segmentation framework with defined profiles for each cohort. Engagement duration: 4-6 weeks.",,HIRER,Energy & Resources,,industry_v1,2026-10-01T22:00:03,19.89,Minimal,Owner intro,none
ey.com__en_us_insights_tech-sector_helping-new-relic-scale-up-into-the-billions.md,qwen3.6:35b,EY - US,,Review quote-to-cash processes for SaaS scaling,"I run the IT operations for a Singapore-based SaaS company growing fast, and our manual quoting overhead is slowing us down. We need a specialist to map our current quote-to-cash process, identify root causes of low data consistency and high manual effort, and recommend immediate fixes. We want to avoid generic analysis and get a clear view of what to prioritise next. Deliverable: short report with process mapping, root-cause analysis, and a prioritised list of recommendations. Engagement duration: 2-3 weeks.",,HIRER,Technology & Software,,industry_v1,2026-10-01T22:00:23,15.49,Standard,Individual poster,named
ey.com__en_us_insights_consulting_ey-consulting-case-studies_behavioral-health-data-in-oregon.md,qwen3-vl:32b,EY,EY US,Assess Behavioral Health Data System for Modernization,"We are a mid-sized mental health clinic network in Singapore with 12 clinics and 45 staff. Our current data system is fragmented and outdated, making it hard to track patient outcomes and comply with MOH reporting requirements. We need someone to review our existing data collection processes, identify gaps in data accuracy and consistency, and assess how to modernize our system to meet MOH standards. The specialist will map our current workflows, evaluate data integrity, and recommend improvements to streamline reporting and support better care delivery. Deliverable: written assessment with gap analysis and prioritised modernisation recommendations. Engagement duration: 4-6 weeks.",,HIRER,Public Sector,Healthcare,industry_v1,2026-10-01T22:00:03,35.48,Standard,Owner intro,none
pwc.com__us_en_library_case-studies_mustang-machinery-company-digital-solutions-html.md,qwen3-vl:32b,PwC,,Standardize Engine Rebuild Process for Heavy Machinery Service,"We’re a precision machinery service provider in Jurong with 35 staff, servicing heavy engines for oil and gas clients. Our technicians face inconsistent procedures and long downtime, and we need to standardize the engine rebuild process to improve quality and speed. We want someone to map the current steps for one engine model, identify gaps, and document a standardized workflow using Microsoft Power Platform tools. Deliverable: detailed process map and standard operating procedure for one engine rebuild. Engagement duration: 4-6 weeks.",,HIRER,Manufacturing,,industry_v1,2026-10-01T22:00:38,7.98,Standard,Problem first,named
deloitte.com__us_en_what-we-do_case-studies_wnba-app-html.md,qwen3.8:27b,Deloitte,,Fan Research for Sports Mobile App,"We are a small sports media company with a mobile app for livestreaming games. Fans are asking for more than just video; they want personalized highlights, real-time stats, and curated stories. We need to understand what drives their engagement to plan our next feature releases. Please conduct fan research and competitive benchmarking to identify key engagement drivers and content gaps. Deliverable: a written report summarizing research findings and a prioritised list of feature opportunities. Engagement duration: 3-4 weeks.",,HIRER,Social Services & Non-profit,,industry_v1,2026-10-01T22:00:54,9.28,Standard,Problem first,named
deloitte.com__us_en_what-we-do_case-studies_the-james-beard-foundation-serves-up-insights-independent-restaurants-can-depend-on-html.md,qwen3.8:27b,Deloitte,,Design Survey for Independent Restaurant Industry Report,"We are a small food-focused foundation in Singapore supporting independent chefs. Our previous survey data didn't capture the full complexity of the sector, so we need to refine our research approach for the next annual industry report. We need a specialist to design a targeted survey instrument that complements our qualitative interviews. The survey should cover key operational challenges, pricing strategies, and staffing methods specific to independent operators. Deliverable: a finalised survey questionnaire with clear instructions for distribution. Engagement duration: 3-4 weeks.",,HIRER,Food & Beverage,Social Services & Non-profit,industry_v1,2026-10-01T22:00:50,15.48,Standard,Problem first,named
aesg.com__portfolio-item_expo-2020-uk-pavilion.md,qwen3.8:27b,AESG,,Acoustic Detailing Report for Exhibition Pavilion,"A Singapore-based exhibition designer is preparing a fixed pavilion for a large trade fair. The structure features complex geometry and mixed-use spaces, requiring specific acoustic performance standards for clarity and insulation. An acoustical specialist is needed to review the current architectural drawings and provide technical direction on surface treatments and isolation measures to ensure the interior meets design targets. The work involves producing detailed specifications and reviewing the final construction documents. Deliverable: Acoustic detailed design report, technical notes, and mark-ups. Engagement duration: 4-6 weeks.",,HIRER,Engineering Services,,industry_v1,2026-10-01T22:01:05,11.5,Standard,Context first,named
aesg.com__portfolio-item_deep-dive-dubai.md,qwen3.8:27b,AESG,,Gap Analysis of Diving Facility MEP Systems,"We operate a privately owned recreational diving facility in Singapore where divers descend to depths of at least 60 meters. Before we can tender for necessary maintenance works, we need a clear picture of the current condition of our critical infrastructure. We are looking for a specialist to conduct a gap analysis and condition survey of our Mechanical, Electrical, and Plumbing (MEP) systems, as well as Electronic Low Voltage (ELV) and Fire Life Safety (FLS) systems. The goal is to identify deficiencies that prevent us from proceeding with the tender process for remedial works. Deliverable: A detailed gap analysis and condition survey report covering MEP, ELV, and FLS systems. Engagement duration: 4-6 weeks.",,HIRER,Marine & Offshore,,industry_v1,2026-10-01T22:01:05,11.99,Detailed,Owner intro,none
aesg.com__portfolio-item_university-of-birmingham-uob-dubai-campus.md,qwen3-vl:32b,AESG,,Waste Management Strategy for University Campus,"We are a private university campus in Singapore with classrooms, labs, offices and F&B spaces. We need to set up a waste management system before opening, including zoning, segregation, and handling hazardous waste from labs. We need someone to design the waste flow strategy, including storage, composting and baling to reduce landfill waste. Deliverable: detailed waste management plan with zonation, segregation, hazardous waste handling, and operational workflow. Engagement duration: 6-8 weeks.",,HIRER,Education,,industry_v1,2026-10-01T22:01:08,10.05,Standard,Owner intro,named
ey.com__en_gl_insights_financial-services_emeia_how-technology-fights-fincrime-while-enhancing-regulatory-compliance.md,qwen3.8:27b,EY,,KYC Remediation Process Design for Compliance,"We are a Singapore-based corporate finance provider with about 25 staff. We have a backlog of KYC files that require remediation to meet regulatory standards, but our current manual process is too slow and prone to errors. We need a specialist to design a streamlined workflow for processing these files, focusing on data collection, verification, and screening. The goal is to reduce manual input and improve data quality without building a full tech platform yet.

Deliverable: A documented remediation workflow and process design for the KYC backlog.
Engagement duration: 4-6 weeks.",,HIRER,Financial Services,,industry_v1,2026-10-01T22:01:11,11.21,Standard,Problem first,none
ey.com__en_au_insights_workforce_how-ey-built-a-better-working-world-with-its-people-at-the-center.md,qwen3.8:27b,EY,People Advisory Services,Design change activation survey for workforce transition,"We are a professional services firm with 80 staff in Paya Lebar rolling out a new strategy after a leadership change. We need to understand how teams are absorbing the new ways of working before scaling communication. Please design a short, multi-language survey to assess staff sentiment, awareness, and behavior adoption. We need the questions to identify specific barriers to adoption and key success factors like leadership commitment. We will use the results to target our engagement activities.
Deliverable: a validated survey instrument with a brief on analysis method.
Engagement duration: 2-3 weeks.",,HIRER,Professional Services,,industry_v1,2026-10-01T22:01:17,8.36,Detailed,Owner intro,named
deloitte.com__us_en_what-we-do_case-studies_a-search-for-harmony-html.md,qwen3.6:35b,Deloitte,Restructuring Services,Operating model assessment for process standardisation,"We are a wholesale distributor in Singapore facing margin pressure and need to identify cost savings through process standardisation. We have fragmented activities across functions and locations that require review. We need a specialist to audit our current workflows, determine where routine activities can be automated or shifted, and propose a leaner operating model that balances efficiency with low operational risk. Deliverable: written report with gap analysis and prioritised action list. Engagement duration: 4-6 weeks.",,HIRER,Logistics & Distribution,,industry_v1,2026-10-01T22:01:17,8.46,Minimal,Owner intro,none
ey.com__en_gl_insights_consulting_how-caterpillar-is-using-technology-on-its-journey-to-improve-financial-forecasting.md,qwen3.8:27b,EY,Americas Finance Transformation,Pilot AI Forecasting Model for Finance Team,"Our finance team at a Singapore-based manufacturing firm currently relies on decades-old processes, pulling data from hundreds of sources and countless spreadsheets to produce financial forecasts. This leaves us little time for strategic insights. We need a specialist to build an initial proof of concept using machine learning and AI to improve forecast accuracy and speed. The work involves developing a modeling tool using a shadow copy of our data and selected external sources to validate the solution's functionality. Deliverable: working prototype of the forecasting model and a short report on its accuracy compared to current methods. Engagement duration: 4-6 weeks.",,HIRER,Construction & Real Estate,Manufacturing,industry_v1,2026-10-01T22:01:17,11.57,Minimal,Problem first,none
deloitte.com__us_en_industries_energy_articles_ai-field-solutions-drone-power-line-inspection-html.md,qwen3.8:27b,Deloitte,,OptoAI Setup for Power Line Inspection,"We are the field operations team at a mid-sized power utility in Singapore. Our current drone inspections rely on manual data review, which is slow and prone to error. We need a specialist to configure the OptoAI platform for our fleet to enable real-time anomaly detection and automate preflight planning. This will help us spot issues faster and reduce manual workload. Deliverable: configured OptoAI system with automated inspection workflows active. Engagement duration: 4-6 weeks.",,HIRER,Energy & Resources,,industry_v1,2026-10-01T22:01:23,8.33,Minimal,Owner intro,none
pwc.com__en_services_people-organisation_change-management-communications-html.md,qwen3.6:35b,PwC,People and Organisation,Develop Change Impact Assessment for New Analytics Tool,"We are a data-driven professional services firm in Singapore preparing to launch an advanced analytics platform for our client advisory teams. To ensure smooth adoption, we need an independent specialist to assess the change impact across a single pilot team. You will map current workflows, identify resistance points, and define the specific training and communication needs for this group. 

Deliverable: a concise change impact assessment report with a prioritised communication and training plan for the pilot group. Engagement duration: 2-3 weeks.",,HIRER,Cross-industry,,industry_v1,2026-10-01T22:01:22,9.42,Standard,Owner intro,none
ey.com__en_us_insights_consulting_ey-consulting-case-studies_leveraging-gen-ai-helps-an-agency-secure-federal-funding.md,qwen3.8:27b,EY,,Assess GenAI for Grant Application Writing,"We are a Singapore-based mental health social enterprise relying on grants to fund our recovery services. Our team currently spends over two months drafting each 10-20 page application, which slows our response to funding opportunities. We need a specialist to evaluate how generative AI tools could assist in drafting and formatting these narratives. Please review our past successful applications and specific grant guidelines to assess feasibility. Deliverable: a brief report on workflow integration and a pilot plan for one application. Engagement duration: 3-4 weeks.",,HIRER,OTHER,,industry_v1,2026-10-01T22:01:25,7.43,Standard,Owner intro,none
ey.com__en_gl_alliances_how-a-b2b-company-drove-engagement-by-transforming-its-d2c-platform.md,qwen3.8:27b,EY,,Customer Data Migration Plan for D2C Site,"We are a small pet recovery service in Singapore with about 20 staff. We are moving our customer data from a legacy system to a new cloud-based commerce platform to improve our online experience. We need a specialist to review our current customer database and design a migration strategy that ensures data quality and completeness before the switch. The plan must cover data mapping, validation rules, and a clear approach for handling subscriptions and billing records. Deliverable: a written data migration plan with specific mapping rules and a validation protocol. Engagement duration: 4-6 weeks.",,HIRER,Healthcare,Retail & Consumer,industry_v1,2026-10-01T22:01:28,11.01,Standard,Owner intro,named
ey.com__en_us_insights_consulting_ey-consulting-case-studies_how-data-helps-low-income-families-thrive.md,qwen3.8:27b,EY,,Data Analysis for Welfare Program Outcomes,"We are the social services team at a statutory board in Singapore, supporting roughly 500 families through a temporary cash assistance scheme. Currently, about 30% of families return to the program within two years of exiting. We need a specialist to analyze our historical case data to identify which factors predict long-term financial independence versus recurrence. The focus is on understanding barriers such as childcare access and transport, specifically for households in HDB estates with higher living costs. Deliverable: a written analysis highlighting key success drivers and a prioritised list of policy adjustments to reduce re-enrolment. Engagement duration: 4-6 weeks.",,HIRER,Public Sector,,industry_v1,2026-10-01T22:01:25,17.06,Standard,Owner intro,named
ey.com__en_gl_insights_forensic-integrity-services_how-virtual-optimizes-compliance-analytics-for-honeywell.md,qwen3.6:35b,EY,Forensic & Integrity Services,Design anti-bribery compliance digital scorecard,"We are a mid-sized professional services firm in Singapore preparing for a board-level integrity review. Our current compliance tracking relies on fragmented spreadsheets, making it hard to show real-time performance on anti-bribery and anti-corruption risks. We need a specialist to map our existing policies and survey data against DOJ-aligned metrics to create a consolidated digital scorecard. This tool will provide a clear, color-coded heat map of our compliance status for senior leadership. Deliverable: structured compliance scorecard framework and prototype dashboard logic for anti-bribery metrics. Engagement duration: 4-5 weeks.",,HIRER,Technology & Software,,industry_v1,2026-10-01T22:01:42,9.54,Standard,Owner intro,named
deloitte.com__us_en_what-we-do_case-studies_driving-quality-and-safety-forward-html.md,qwen3-vl:32b,Deloitte,Deloitte Consulting LLP,Assess Safety Data Readiness for Early Issue Detection,"We are a mid-sized automotive parts manufacturer in Singapore with 50 staff, facing increased safety concerns flagged in a recent third-party audit. We need to improve our ability to detect quality and safety issues early using existing data from service logs and customer feedback. The safety team wants to assess whether our current data systems can support an early alerting system, including identifying gaps in data structure, coverage, and accessibility. We need someone to review our data sources, map what data is available and usable, and identify key gaps that would prevent us from building a reliable alerting model. Deliverable: written assessment of data readiness with a list of gaps and recommendations for next steps. Engagement duration: 3-4 weeks.",,HIRER,Manufacturing,,industry_v1,2026-10-01T22:01:49,24.34,Standard,Owner intro,none
erm.com__about_news_erm-foundation-project-team-contributes-to-breakthrough-research-linking-ebola-with-deforestation.md,qwen3-vl:32b,ERM,ERM Foundation project team,Analyze Satellite Imagery to Assess Forest Fragmentation Risk for Ebola Outbreaks,"We are a small environmental NGO in Singapore, working with local communities to monitor forest health. We’ve received anecdotal reports that deforestation may increase the risk of zoonotic diseases like Ebola in our region. We need someone to analyze historical satellite imagery from known Ebola outbreak sites in West and Central Africa to test whether forest fragmentation correlates with disease emergence. The specialist should use remote sensing tools to measure forest cover changes and identify patterns in fragmented landscapes. Deliverable: a short report summarizing findings and identifying key fragmentation indicators linked to outbreak locations. Engagement duration: 4-6 weeks.",,HIRER,Social Services & Non-profit,Healthcare,industry_v1,2026-10-01T22:02:07,9.7,Standard,Owner intro,none
ey.com__en_gl_insights_consulting_how-a-beverage-company-added-refreshment-to-its-supply-chain.md,qwen3.8:27b,EY,,Warehouse Operations Assessment for SAP EWM Implementation,"A Singapore-based beverage distributor with 45 staff is consolidating operations after recent acquisitions. Our current reliance on three disparate legacy systems has led to inconsistent practices and reduced visibility into inventory levels. We need a supply chain specialist to conduct an operational assessment of our central warehouse to identify inefficiencies in storage and retrieval. The goal is to prepare a design blueprint for migrating to SAP Extended Warehouse Management (EWM). 

Deliverable: A written operational assessment report including a technical blueprint for the SAP EWM implementation.
Engagement duration: 4-6 weeks.",,HIRER,Food & Beverage,Logistics & Distribution,industry_v1,2026-10-01T22:02:05,13.13,Detailed,Context first,none
aesg.com__portfolio-item_port-of-fujairah.md,qwen3-vl:32b,AESG,,Fire Safety Risk Assessment for New Berth at Port Facility,"A port terminal operator in Singapore is expanding its facility with a new berth for small tankers. The project requires a fire safety risk assessment for the firefighting system at the new berth, to ensure compliance with local safety regulations and operational safety standards. The assessment must cover potential fire hazards, system adequacy, and emergency response planning. Deliverable: written risk assessment report with findings and recommendations. Engagement duration: 3-4 weeks.",,HIRER,Marine & Offshore,,industry_v1,2026-10-01T22:02:18,12.23,Standard,Context first,named
arup.com__projects_la-nube-steam-discovery-center.md,qwen3.6:35b,Arup,,Smoke Control CFD Model for Atrium Renovation,"We are a small museum or gallery in Singapore planning an atrium renovation. Our existing passive smoke management approach is no longer viable due to new layouts, and we need a performance-based design to meet HSA and BC A requirements. We need an engineering specialist to run a Computational Fluid Dynamic (CFD) model of our atrium space. The goal is to optimise the mechanical exhaust system size, ensuring it effectively controls smoke without requiring the costly, prescriptive ductwork we were initially quoted. Deliverable: a validated CFD report and recommended mechanical exhaust specifications. Engagement duration: 4-5 weeks.",,HIRER,Education,Public Sector,industry_v1,2026-10-01T22:02:21,10.65,Standard,Owner intro,none
arup.com__projects_peru-reconstruction-with-changes.md,qwen3.6:35b,Arup,,Resilient Hospital Design Review for Clinic Retrofit,"We are a private healthcare clinic with 150 staff in Singapore preparing to renovate our existing facility. With climate change increasing the risk of severe weather and flash flooding, we need to ensure our building meets modern resilience standards for operational continuity. We need a specialist to review our renovation plans against resilience best practices, specifically focusing on flood mitigation, structural safety, and sustainable drainage features like rain gardens. Deliverable: a written resilience gap analysis and prioritised design recommendations for the renovation. Engagement duration: 3 weeks.",,HIRER,Engineering Services,,industry_v1,2026-10-01T22:02:21,11.48,Standard,Problem first,none
pwc.com__us_en_library_case-studies_shrm-transforming-member-engagement-html.md,qwen3.8:27b,PwC,,UX Review for Member Dashboard Navigation,"A professional association in Singapore with roughly 500 members is finding its existing digital portal feels cluttered and outdated. The interface currently offers a one-size-fits-all experience, which is making it difficult for members to locate specific learning resources and certification updates efficiently. This fragmentation is negatively impacting member engagement and retention, so the organization needs a targeted review of the current user journey. The specialist will audit the existing member dashboard, identify specific navigation friction points, and map out a streamlined information architecture that prioritizes key member actions. Deliverable: a UX audit report with a prioritised list of navigation improvements. Engagement duration: 3-4 weeks.",,HIRER,Professional Services,,industry_v1,2026-10-01T22:02:25,11.81,Minimal,Context first,none
kpmg.com__xx_en_client-stories_stolt-nielsen-turns-csrd-compliance-into-sustainability-insights-html.md,qwen3.8:27b,KPMG,,Design ESG Data Map for CSRD Compliance,"We are a liquid logistics operator in Singapore with 40 staff and a small fleet. Our ESG data is currently scattered across different departments and spreadsheets, making it difficult to meet upcoming sustainability reporting requirements. We need a specialist to map where this data resides, identify gaps, and clarify roles and responsibilities for reporting. The goal is to create a clear blueprint that consolidates our non-financial data for audit-ready reporting. Deliverable: a documented data map and operating model blueprint for ESG reporting. Engagement duration: 4-6 weeks.",,HIRER,Logistics & Distribution,Manufacturing,industry_v1,2026-10-01T22:02:26,12.5,Minimal,Owner intro,none
aesg.com__portfolio-item_150-holborn.md,qwen3-vl:32b,AESG,,Commissioning Management for Mixed-Use Building,"We are a mid-sized property development firm in Singapore with three commercial projects underway, including a new mixed-use building with retail and residential units. We need someone to manage the commissioning process for the building’s mechanical, electrical, and plumbing systems to ensure they meet design specifications and operational requirements. The specialist will coordinate with contractors, review system documentation, and verify performance during the handover phase. Deliverable: commissioning report with verification records and punch list for system completion. Engagement duration: 6-8 weeks.",,HIRER,Construction & Real Estate,,industry_v1,2026-10-01T22:02:29,9.99,Standard,Owner intro,none
ey.com__en_gl_alliances_how-the-energy-sector-can-extract-value-from-emissions-data.md,qwen3.6:35b,EY,,Assess Blockchain for Emissions Tracking and Traceability,"We are a mid-sized energy company in Singapore managing greenhouse gas emissions across one major business unit. To meet rising stakeholder and regulatory expectations for accurate carbon reporting, we need to determine if blockchain technology can serve as a reliable 'system of record' for capturing and storing emissions data. We need a specialist to assess enterprise readiness, map the current technology landscape and data sources, identify pain points in our existing processes, and evaluate how to streamline data processing. Deliverable: a detailed assessment report and a strategic roadmap for setting up an emissions management platform. Engagement duration: 6-8 weeks.",,HIRER,Energy & Resources,,industry_v1,2026-10-01T22:02:32,9.78,Standard,Problem first,none
ey.com__en_gl_insights_consulting_a-supply-chain-solution-sparked-an-industry-leading-reaction-for-dupont.md,qwen3.8:27b,EY,,Scenario Modeling Assessment for Supply Chain Plan,"We are a Singapore-based precision components maker with 35 staff. Our current planning tools are fragmented, making it hard to anticipate supply disruptions or assess financial impacts of demand changes. We need a specialist to evaluate our current S&OP process and design a scenario modeling framework. This should allow us to test the impact of inventory levels, production capacity, and alternate sourcing on our 24-month aggregate supply plan. The focus is on identifying key supply chain factors that drive profit performance.

Deliverable: A written assessment of current planning gaps and a design blueprint for a digital scenario modeling system.
Engagement duration: 4-6 weeks.",,HIRER,OTHER,,industry_v1,2026-10-01T22:02:33,12.97,Standard,Owner intro,none
ey.com__en_gl_insights_assurance_how-motor-racing-is-accelerating-toward-action-on-climate-change.md,qwen3.8:27b,EY,,Develop SEIA Framework for Transient Event,"We run a small, single-site eco-tourism event in a sensitive nature reserve. To manage local environmental risks and ensure we leave no trace, we need a social and environmental impact assessment framework tailored for short, transient gatherings. Please adapt the World Bank’s Environmental and Social Framework to our specific context, creating flexible templates that work regardless of who performs the site checks. This will help us mitigate impacts on local wildlife and heritage features before our next season. Deliverable: A tailored SEIA framework with standardised assessment templates. Engagement duration: 4-6 weeks.",,HIRER,Cross-industry,,industry_v1,2026-10-01T22:02:32,18.95,Minimal,Problem first,named
ey.com__en_us_insights_government-public-sector_case-study-how-predictive-maintenance-can-take-the-faa-to-new-heights.md,qwen3.6:35b,EY,,Predictive Maintenance Model Design for Asset Telematics,"We manage a fleet of critical operational assets in Singapore and face high repair costs and unplanned downtime. We have years of maintenance logs and sensor data but lack the insights to predict failures. We need a specialist to help us move from reactive to predictive maintenance by sourcing, processing, and structuring this data.

You will work with our existing telemetry and unstructured logs, applying natural language processing to extract failure patterns. The goal is to build a prototype predictive model that can flag equipment issues 3-7 days in advance. This will allow us to optimize spare parts inventory and schedule technicians proactively. We are data-rich but insight-poor and need a clear path to actionable intelligence.

Deliverable: A validated predictive maintenance prototype with a model achieving at least 75% accuracy for failure forecasting and a prioritised data pipeline design. Engagement duration: 6-8 weeks.",,HIRER,Public Sector,,industry_v1,2026-10-01T22:02:37,15.13,Standard,Owner intro,none
ey.com__en_gl_insights_ai_how-a-global-biopharma-became-a-leader-in-ethical-ai.md,qwen3-vl:32b,EY,EY UK&I Client AI Strategy,Review AI Governance Framework for Biopharma Startup,"We're a Singapore-based biopharma startup with 25 staff, developing AI for drug discovery and patient data analysis. We’ve built an initial AI governance framework but need an independent review to ensure it aligns with responsible AI principles and prepares us for future regulations like the EU AI Act. We need someone to assess our current framework, interview key team members, review documentation, and evaluate a sample of our AI projects (like adverse event tracking and early disease detection) against the global Responsible AI framework. Deliverable: written review report with gap analysis and recommendations for improvement. Engagement duration: 4-6 weeks.",,HIRER,Healthcare,,industry_v1,2026-10-01T22:02:39,16.48,Standard,Problem first,named
ey.com__en_gl_insights_ai_how-ai-helped-a-major-it-company-to-improve-its-vendor-interaction-experience.md,qwen3.6:35b,EY,,Design Multi-lingual Vendor Query AI Chatbot,"I run procurement at a small Singapore IT services firm and manage over 100 local vendors. Our current query handling relies on manual email replies, causing delays and poor vendor satisfaction. I need to implement a secure, on-premise AI chatbot that can intelligently interpret vendor queries and respond in English and Mandarin without exposing our data externally. The specialist should scope the AI engine requirements, define the integration points with our existing procurement system, and design the architecture for a solution that handles routine queries on payment advice and tax documents autonomously.

Deliverable: System design specification and AI integration blueprint.
Engagement duration: 4 weeks.",,HIRER,Technology & Software,,industry_v1,2026-10-01T22:02:53,9.45,Standard,Individual poster,none
deloitte.com__us_en_what-we-do_case-studies_from-time-consuming-to-value-adding-transforming-b2b-commerce-processes-html.md,qwen3.6:35b,Deloitte,,Review B2B Dealer Ordering Processes,"We are a precision equipment maker in Singapore with roughly 40 staff and a network of local dealers. Our current ordering process is slow, relying on legacy systems and manual steps that frustrate our partners. We need a specialist to map our end-to-end order-to-cash workflow, identifying bottlenecks where dealers spend too much time on configuration, quoting, and data entry. The goal is to understand exactly where efficiency is lost before we consider any platform upgrades. Deliverable: process map with a prioritised list of friction points and recommended fixes. Engagement duration: 3-4 weeks.",,HIRER,Manufacturing,,industry_v1,2026-10-01T22:02:58,9.21,Standard,Owner intro,none
grantthornton.com__content_grantthornton_language-masters_en_insights_case-studies_nfp_2026_a-sentinel-security-optimization-boosts-efficie.md,qwen3.8:27b,Grant Thornton,,Optimize Microsoft Sentinel Ingestion and Deduplication,I manage IT security for a mid-sized not-for-profit in Singapore and our Microsoft Sentinel costs are climbing due to duplicate logs. We need a specialist to assess our current ingestion patterns and implement data rationalization to cut waste. Please configure XDR and DCR optimizations to remove duplicates and identify high-cost drivers. Deliverable: an optimized environment with deduplicated data and a summary of changes. Engagement duration: 3-4 weeks.,,HIRER,Social Services & Non-profit,,industry_v1,2026-10-01T22:03:14,10.0,Minimal,Individual poster,named
ey.com__en_gl_insights_consulting_how-a-frozen-foods-powerhouse-kept-their-cool-on-the-way-to-being-no-1.md,qwen3-vl:32b,EY,,Optimise SKU Portfolio for Frozen Food Distributor,"We’re a frozen-foods distributor with 15 outlets in Singapore, and our product range has grown too complex, leading to higher inventory costs and slower order fulfilment. We need someone to review our current SKU list, identify redundant or low-selling items, and recommend a simplified portfolio that aligns with actual customer demand. The specialist should use SKU rationalization techniques, analyse sales data from the past 12 months, and suggest cuts to reduce complexity. Deliverable: report with SKU analysis, rationalization recommendations, and projected cost savings. Engagement duration: 3-5 weeks.",,HIRER,Food & Beverage,,industry_v1,2026-10-01T22:03:12,13.14,Standard,Problem first,none
erm.com__projects_confidential-client-industrial-facility.md,qwen3.8:27b,ERM,,High Resolution Site Characterisation for Contaminated Plume,"We run an active industrial facility in Singapore where the current pump-and-treat remediation plan for chlorinated solvents in fractured bedrock is too costly and uncertain. We need a specialist to conduct a High Resolution Site Characterisation (HRSC) to map the contaminant plume’s magnitude, flux, and extent. This data will let us redefine source and plume areas for targeted in-situ treatment. Deliverable: a conceptual site model defining plume boundaries and remediation targets. Engagement duration: 3-4 weeks.",,HIRER,Engineering Services,Energy & Resources,industry_v1,2026-10-01T22:03:25,12.33,Standard,Owner intro,none
aesg.com__portfolio-item_seaworld-abu-dhabi.md,qwen3-vl:32b,AESG,,Hydrodynamic Study for Outfall Layout in Sensitive Coastal Area,"I run a marine conservation and research centre in Singapore, located near mangrove and saltmarsh habitats. We’re planning a new water intake and outfall system for our facilities and need to comply with NEA’s environmental guidelines. I need someone to model three outfall layout options using a hydrodynamic and flushing study to assess environmental impact and recommend the least disruptive option. The study must consider water flow, sediment movement, and habitat protection. Deliverable: technical report with analysis of three outfall options, ranked recommendations, and mitigation measures. Engagement duration: 4-6 weeks.",,HIRER,Marine & Offshore,,industry_v1,2026-10-01T22:03:25,14.99,Standard,Individual poster,named
bdo.com__insights_advisory_comprehensive-due-diligence-helped-educational-institution-assess-reputational-risk-linked-to-wealth.md,qwen3.8:27b,BDO,,Due Diligence Review for Major Donor,"We are a private secondary school in Singapore with about 500 students. A potential major donor has offered a significant contribution, conditional on naming rights for a new facility. Before accepting, we need to vet the donor’s background to ensure their source of wealth is clean and there are no links to bribery, corruption, or sanctions. Please conduct a background profile covering the individual and their immediate family, focusing on international records and any adverse media findings. Deliverable: a written report summarising findings and reputational risk assessment for our board. Engagement duration: 3-4 weeks.",,HIRER,Education,,industry_v1,2026-10-01T22:03:30,11.44,Standard,Owner intro,named
erm.com__projects_aurizon.md,qwen3.6:35b,ERM,,Integrate IVMS Data into SAP for Fleet Safety,"We are a small logistics operator with a fleet of approximately 50 vehicles and run 24-hour operations. We have an In-Vehicle Monitoring System (IVMS) capturing driver behaviour data (speed, braking, fatigue, seat belt use) but these alerts are isolated from our main safety reporting. We need to integrate this real-time sensor feed into our SAP Incident Management solution to centralise safety reporting and automate incident notifications, reducing administrative work. Deliverable: functional integration engine mapping IVMS safety attributes into SAP and a basic dashboard setup. Engagement duration: 4-6 weeks.",,HIRER,Logistics & Distribution,,industry_v1,2026-10-01T22:03:38,10.62,Minimal,Owner intro,none
ey.com__en_gl_insights_consulting_how-digital-transformation-opened-new-channels-for-growth.md,qwen3.6:35b,EY,,Map and optimize booking experience for cruise excursion,"I manage operations for a mid-sized cruise operator in Singapore with a small fleet. We currently rely on a printed daily newsletter for onboard activities, which leads to low engagement and missed revenue opportunities. I need a specialist to audit this analog workflow, interview staff about pain points, and map the ideal digital booking flow using a mobile app. Deliverable: a gap analysis report and a prioritised roadmap for digitising excursion bookings. Engagement duration: 3-4 weeks.",,HIRER,Retail & Consumer,,industry_v1,2026-10-01T22:03:41,8.68,Standard,Individual poster,none
ey.com__en_gl_insights_financial-services_emeia_how-a-nordic-insurance-company-automated-claims-processing.md,qwen3.8:27b,EY,,Assess AI Automation for Claims Documents,"We are a small general insurance agency in Singapore with 20 staff. Our claims agents spend hours manually processing unstructured documents like pharmacy invoices, medical receipts, and diagnosis reports. This manual handling slows down our response times and strains our team. We need a specialist to evaluate how we can automate this data extraction using AI tools like OCR and NLP. Focus on assessing the viability of converting these specific document types into structured data for our core claims system.

Deliverable: A feasibility report outlining the automation approach and expected accuracy improvements.
Engagement duration: 4-6 weeks.",,HIRER,Financial Services,,industry_v1,2026-10-01T22:03:37,12.92,Standard,Owner intro,none
aesg.com__portfolio-item_abu-dhabi-grand-mosque.md,qwen3.6:35b,AESG,,Energy Model for Large Community Facility,"We are managing the upgrade of a large community hall in Singapore to add visitor facilities. We need a specialist to model the energy performance of the new 600 sqm southern annex, focusing on the HVAC systems for the expanded public spaces and ensuring the design meets local sustainability standards. Deliverable: energy performance report with modelling results and efficiency recommendations. Engagement duration: 4-5 weeks.",,HIRER,Construction & Real Estate,,industry_v1,2026-10-01T22:03:40,11.07,Minimal,Owner intro,named
bdo.com__insights_advisory_how-a-global-business-saved-more-than-11m-in-insurance-costs.md,qwen3.8:27b,BDO,,Review Insurance Program and Claims History,"We are a mid-sized logistics firm in Punggol with 45 staff. Our CRO needs to cut costs and has asked us to evaluate our current insurance program. We need a specialist to catalogue our policies to determine total premiums and deductible levels, and review our claims history to assess loss exposure. This will help us identify potential savings before the next renewal cycle. Deliverable: a report detailing current total cost of risk and identified opportunities for premium reduction. Engagement duration: 4-6 weeks.",,HIRER,Cross-industry,,industry_v1,2026-10-01T22:03:42,9.2,Minimal,Owner intro,named
ey.com__en_us_insights_strategy_case-study-collaborating-to-close-a-city-budget-deficit.md,qwen3.6:35b,EY,EY-Parthenon,Service-level budget analysis for town council,"We are a town council in Singapore managing common property for approximately 8,000 residents. We suspect our expenditure on recurring services is inefficient compared to peers and need an independent review of our service spending before our next AGM.

Using data from our last twelve months, map out our highest-cost operational categories—such as landscaping, security, and waste management. Benchmark our unit costs against standard town council rates in Singapore and identify quick-win savings we can implement within six months, such as process streamlining or vendor consolidation.

Deliverable: written gap analysis report with a prioritised action list and estimated savings for quick wins. Engagement duration: 4-5 weeks.",,HIRER,Public Sector,,industry_v1,2026-10-01T22:03:50,11.2,Standard,Owner intro,named
deloitte.com__us_en_what-we-do_case-studies_having-the-right-materials-at-the-right-time-for-all-the-right-reasons-html.md,qwen3.6:35b,Deloitte,Supply Chain and Mining & Metals practices,MRO Inventory Target Optimization Assessment,"We are a precision components manufacturer in Jurong with 40 staff, relying on specialized machinery in demanding conditions. Post-pandemic stockpiling has left us with surplus inventory that ties up working capital, while critical parts remain understocked. We need a specialist to analyze our historical demand data and supplier lead times to recalibrate our inventory targets. The goal is to reduce excess stock and reorder points for our maintenance, repair, and operations (MRO) spares without risking production downtime. Deliverable: a prioritized action list with specific inventory target recommendations for our top 1,000 parts. Engagement duration: 3-4 weeks.",,HIRER,Energy & Resources,,industry_v1,2026-10-01T22:03:49,14.31,Standard,Owner intro,named
deloitte.com__us_en_what-we-do_case-studies_accelerating-the-drive-toward-a-more-sustainable-automotive-industry-html.md,qwen3-vl:32b,Deloitte,,Design Cloud-Based EV Charger Data System,"I run the advanced engineering team at a Singapore-based automotive parts supplier with 35 staff in Jurong. We’re shifting into electric vehicle charging and need to build a software-enabled charger system. I need someone to design a cloud-native data model and tech stack for collecting and visualizing charging session data, using industry-standard tools. The goal is to enable proactive maintenance and improve customer experience. Deliverable: technical design document with data model, tech stack recommendations, and initial dashboard mockups. Engagement duration: 4-6 weeks.",,HIRER,OTHER,,industry_v1,2026-10-01T22:03:50,15.32,Minimal,Individual poster,named
pwc.com__sg_en_case-study_better-health-programme-html.md,qwen3-vl:32b,PwC,PwC South East Asia Consulting,Assess NCD Data Collection and Reporting System for Community Clinic,"We run a community health clinic in Singapore serving 3,000 residents, and we need to improve how we collect and report data on non-communicable diseases (NCDs) like diabetes and hypertension. Our current system is manual and inconsistent, making it hard to track patient outcomes and report to MOH. We need someone to review our existing data collection processes, assess gaps in accuracy and completeness, and recommend changes to align with national NCD surveillance standards. The specialist should examine our patient records, interview staff, and propose a simple, sustainable improvement plan. Deliverable: report with findings, gaps, and a prioritised action list for better NCD data reporting. Engagement duration: 3-4 weeks.",,HIRER,Healthcare,Public Sector,industry_v1,2026-10-01T22:03:51,17.37,Minimal,Problem first,none
ey.com__en_gl_insights_ai_how-microsoft-365-enables-innovation-with-compliance-governance.md,qwen3.6:35b,EY,,Review AI Governance Controls for SFRS(I) Compliance,"We are a 40-staff fintech startup in Paya Lebar building AI-driven financial tools. Navigating the PDPA and MAS technology risk management guidelines while maintaining rapid development pace is challenging. We need a specialist to review our current AI governance workflows, map them against ISO 42001 principles, and identify gaps in our automated compliance monitoring. We want to ensure our evidence collection processes are robust enough for upcoming audits without slowing down our engineering team. Deliverable: a gap analysis report with a prioritised action list for embedding compliance by design. Engagement duration: 4 weeks.",,HIRER,Technology & Software,,industry_v1,2026-10-01T22:04:08,12.85,Minimal,Owner intro,named
deloitte.com__us_en_what-we-do_case-studies_the-big-picture-pocket-sized-with-greater-visibility-html.md,qwen3-vl:32b,Deloitte,,Mobile Maintenance App Integration for Plant Facility,"We run a precision components manufacturing plant in Singapore with 35 staff, producing heavy machinery. Our current desktop CMMS is outdated and will no longer be supported by end-2026. We need to integrate our SAP Plant Maintenance and Asset Management system with a mobile app to improve technician access to work orders, real-time inventory, and digital workflows. The app must sync with our ERP for financial data and support barcode scanning for parts tracking. Deliverable: a mobile solution integrated with SAP Service and Asset Manager, enabling real-time updates and digital forms. Engagement duration: 6-8 weeks.",,HIRER,Manufacturing,Energy & Resources,industry_v1,2026-10-01T22:04:16,11.27,Minimal,Owner intro,none
grantthornton.com__insights_case-studies_nfp_2026_a-sentinel-security-optimization-boosts-efficiency.md,qwen3.8:27b,Grant Thornton,,Optimize Microsoft Sentinel Data Ingestion,We are a mid-sized not-for-profit in Singapore managing a Microsoft Sentinel environment. Duplicate and unparsed log records are driving up our monthly Azure costs and creating monitoring gaps. We need a specialist to assess our current ingestion patterns and apply data rationalization and log deduplication techniques. The goal is to reduce unnecessary data inflow while ensuring we still have the visibility needed for security operations. Deliverable: an optimized data ingestion configuration with a summary of cost savings and retention strategy. Engagement duration: 3-4 weeks.,,HIRER,Social Services & Non-profit,,industry_v1,2026-10-01T22:04:31,11.23,Standard,Owner intro,none
ey.com__en_gl_insights_consulting_how-bayer-is-unearthing-agronomy-future-with-generative-ai.md,qwen3-vl:32b,EY,"EY Americas Microsoft AI and Data Leader, EY Global Consulting AI Leader, EY Americas AI, Automation and Analytics Leader",Build GenAI Prototype for Agronomy Knowledge Access,"I run a crop science division at a Singapore-based agricultural input company with 150 staff, based in Jurong. We need to help our agronomic advisors quickly access technical product and crop knowledge, which currently requires years of expertise or manual reference. We’re exploring generative AI to make this information faster and more accessible. We need someone to build a proof-of-concept GenAI system using our existing agronomy data. The system must retrieve accurate answers to natural language queries like 'What is the greensnap rating for seed X?' using Retrieval Augmented Generation (RAG) and prompt engineering. Deliverable: working prototype with documentation on data structure, retrieval logic, and response accuracy. Engagement duration: 6-8 weeks.",,HIRER,Food & Beverage,,industry_v1,2026-10-01T22:04:31,24.51,Standard,Individual poster,named
kroll.com__en_publications_cyber_case-studies_building-cyber-resilience-amid-azure-migration.md,qwen3-vl:32b,Kroll,Kroll Responder,Assess Cyber Risks During Azure Migration,"We're a maritime services company in Singapore with 35 staff, migrating to Microsoft Azure to centralise IT across our offices and shipboard systems. As part of this shift, we need to evaluate our current security setup and identify gaps before moving critical systems to the cloud. We need someone to conduct a vulnerability scan and penetration test on our existing environment, focusing on endpoints and network access points, using CREST-accredited methods. They should also review our current SIEM and recommend a cloud-native monitoring approach using Microsoft Sentinel. Deliverable: written assessment of security gaps and a short plan for cloud migration safeguards. Engagement duration: 4-6 weeks.",,HIRER,Marine & Offshore,,industry_v1,2026-10-01T22:04:49,10.27,Standard,Problem first,none
rsmus.com__insights_services_managed-services_engineering-firm-expands-its-it-capabilities-html.md,qwen3-vl:32b,RSM US LLP,,Assess and Plan IT Infrastructure Upgrade for Engineering Firm,"We are a mid-sized engineering consulting firm in Singapore with around 100 staff, and our IT systems are outdated and struggling to support our growing operations. We need someone to review our current network and infrastructure, identify gaps, and create a clear, phased upgrade plan that aligns with our business needs. The specialist should assess our existing setup, evaluate potential cloud migration options, and consider how any changes will interact with our ERP system. We want to avoid disruptions to daily operations and ensure the new setup supports future growth. Deliverable: a written assessment report with a prioritised upgrade roadmap. Engagement duration: 4-6 weeks.",,HIRER,Engineering Services,,industry_v1,2026-10-01T22:04:56,12.13,Standard,Owner intro,none
bdo.com__insights_case-studies_comprehensive-due-diligence-helped-educational-institution-assess-reputational-risk-linked-to-weal.md,qwen3-vl:32b,BDO,,Due Diligence on Wealthy Donor for Educational Institution,"A private educational institution in Singapore is considering a major donation from a wealthy individual, which may result in the donor’s name being featured on a building or monument. The institution wants to assess reputational risk before proceeding, including the donor’s source of wealth and any links to bribery, corruption, sanctions, or regulatory issues. We need someone to conduct a thorough background check, using public and international sources, focusing on the donor and immediate family. The review should include any adverse findings such as legal convictions, ties to controversial figures, or involvement in financial scandals. Deliverable: written report summarising findings and risk assessment for the institution’s leadership. Engagement duration: 3-4 weeks.",,HIRER,Education,,industry_v1,2026-10-01T22:04:56,12.81,Standard,Context first,none
ey.com__en_gl_insights_insurance_new-digital-customer-engagement-model.md,qwen3.6:35b,EY,,Digital Engagement Model Concept Design for Insurance Product,"We are a general insurance agency with 40 staff looking to better understand how a digital offering could benefit our core annuity business. Industry-wide fee compression is forcing us to re-evaluate our distribution practices and target more customers directly. We need a specialist to analyze the market, map customer journeys for key personas, and test proposed product attributes with consumers to define a new digital engagement model. Deliverable: executive-level business concept deck with launch plan considerations. Engagement duration: 4-5 weeks.",,HIRER,Financial Services,,industry_v1,2026-10-01T22:04:58,11.28,Standard,Owner intro,none
ey.com__en_gl_insights_ai_how-ey-is-unlocking-the-next-iteration-of-genai-advancement-with-eyq.md,qwen3.6:35b,EY,EY Studio+,Design Responsible GenAI Governance Framework,"I run a mid-sized professional services firm and need to implement a GenAI strategy that prioritizes data privacy, brand safety, and ethical use. We want to build a custom, secure environment for our staff rather than using public tools, so we need a specialist to map out a governance framework that covers decision-making, risk management, and compliance. This ensures we can adopt AI responsibly without exposing sensitive client or employee data. Deliverable: a written governance strategy covering ethical AI principles, data security protocols, and risk mitigation steps. Engagement duration: 4-5 weeks.",,HIRER,Professional Services,,industry_v1,2026-10-01T22:04:59,10.44,Minimal,Individual poster,named
fticonsulting.com__en_canada_insights_case-studies_building-industry-powerhouse-transformational-carve-out.md,qwen3-vl:32b,FTI Consulting,,Assess Synergy Opportunities for Logistics Business Acquisition,"We are a logistics company in Singapore with 25 staff, acquiring a smaller regional operations unit to expand our supply chain services. We need someone to review the target’s operations, identify and quantify potential cost and revenue synergies, and build a simple business case for the top 3-5 opportunities. This includes mapping dependencies, estimating one-time and ongoing savings, and outlining a high-level integration roadmap. Deliverable: short report with synergy analysis, prioritised opportunities, and a 3-month integration plan. Engagement duration: 3-4 weeks.",,HIRER,Logistics & Distribution,,industry_v1,2026-10-01T22:05:01,9.23,Standard,Problem first,named
aesg.com__portfolio-item_al-akaria.md,qwen3.8:27b,AESG,,Facade Access System Design for Hotel Tower,"We are a Singapore-based hotel operator with a 150-room boutique tower in the CBD. We need a specialist to design the Building Maintenance Unit (BMU) system for our facade to ensure safe and efficient access for routine cleaning and maintenance. The system must comply with MOM workplace safety rules. Please review the architectural drawings, select the appropriate BMU type, and produce the necessary technical details for installation.
Deliverable: BMU design package including system selection report and installation detail drawings.
Engagement duration: 4-6 weeks.",,HIRER,Construction & Real Estate,,industry_v1,2026-10-01T22:05:03,12.71,Detailed,Owner intro,none
bdo.com__insights_industries_manufacturing_enhance-your-network-strategy-with-bdo.md,qwen3-vl:32b,BDO,,Optimize Warehouse Network for Food Distributor,"We are a food manufacturer and distributor with 40 staff based in Jurong, Singapore, recently carved out from a larger group. We’re struggling to serve all customers due to inefficient warehouse locations, leading to rising costs and declining sales. We need someone to review our current warehouse network, analyze service coverage and costs, and recommend a streamlined layout that prioritizes high-value customers. The specialist should use historical demand and delivery data to model options, focusing on reducing delivery times and operating expenses. Deliverable: network assessment report with recommended warehouse locations and projected cost savings. Engagement duration: 4-6 weeks.",,HIRER,Cross-industry,,industry_v1,2026-10-01T22:05:08,8.86,Standard,Owner intro,named
deloitte.com__us_en_what-we-do_case-studies_team-usa-la28-tech-strategy-html.md,qwen3.8:27b,Deloitte,Tech Strategy,Develop User Personas and Journey Maps for Event Tech,"We are a small sports event planning organisation with a limited team, preparing for a major multi-day competition. We need to understand how different stakeholders, including fans, athletes, and staff, will interact with our digital services. The goal is to move beyond general assumptions and create a clear picture of user needs that can guide our technology choices. You will conduct interviews with key internal stakeholders and survey a broad group of over 800 external participants. Your analysis should identify key user groups and map their end-to-end experience with our potential digital platforms. Deliverable: a set of user personas and corresponding journey maps. Engagement duration: 4-6 weeks.",,HIRER,OTHER,,industry_v1,2026-10-01T22:05:09,10.53,Standard,Problem first,none
ey.com__en_gl_insights_consulting_how-experiment-led-strategy-leads-to-action.md,qwen3.6:35b,EY,EY Studio+,Prototype and test one new year-round service concept,We are a hospitality and leisure business in Singapore shifting from a seasonal model to an all-year operation. We need a specialist to run a co-creative design sprint to develop and prototype one new non-seasonal service concept. The work involves facilitating stakeholder workshops to identify viable opportunities and running a two-week validation sprint with a small group of customers to test the concept’s appeal and feasibility. Deliverable: validated service prototype and test results report. Engagement duration: 4-6 weeks.,,HIRER,Retail & Consumer,,industry_v1,2026-10-01T22:05:08,12.88,Minimal,Owner intro,none
pwc.com__sg_en_case-study_terumo-optimises-its-travel-and-expense-processes-html.md,qwen3.6:35b,PwC,PwC South East Asia Consulting,Design streamlined travel expense policy and SAP Concur scope,"We are a Singapore-based medical technology company preparing to digitise our travel and expense management. Currently, we rely on manual paper claims, disparate legacy systems, and fragmented local policies. We need an independent consultant to review these existing processes and design a standardised, streamlined enterprise-wide policy and the corresponding functional scope for an SAP Concur implementation. The specialist will consolidate our current rules into one clear framework that balances efficiency with the compliance controls we need for spend management. Deliverable: a written travel and expense policy document and a functional scope specification for the SAP Concur system. Engagement duration: 3-4 weeks.",,HIRER,Healthcare,,industry_v1,2026-10-01T22:05:16,10.14,Standard,Owner intro,none
ey.com__en_gl_insights_consulting_an-energy-companys-transformation-for-the-21st-century-customer.md,qwen3-vl:32b,EY,EY Americas Technology Transformation Leader – Architecture,Design EV Charger App Feature for Residential Customers,"We’re a small energy provider in Singapore with 15 staff serving 3,000 residential customers in Tampines. We’re launching a Wi-Fi-enabled EV charger for homes and need help designing the app feature that lets users schedule charging during off-peak hours (midnight to 6 a.m.) to reduce grid strain and cost. We want the app to show real-time energy prices and let users choose renewable sources when available. The feature must integrate with our existing mobile app and use data from smart meters. Deliverable: app feature design document with user flows, data integration plan, and security considerations. Engagement duration: 4-6 weeks.",,HIRER,Energy & Resources,,industry_v1,2026-10-01T22:05:09,17.31,Standard,Problem first,named
ey.com__en_gl_industries_government-public-sector_uniting-pertinent-data-sources-to-help-children-and-families-in-crisis.md,qwen3-vl:32b,EY,,Design Data Sharing Prototype for Child Welfare Services,"We’re a local child welfare agency in Singapore with 15 staff, managing at-risk families. We need to improve our early intervention by creating a data-sharing prototype that pulls together basic family info — like postcode, age, gender and family relations — from our internal records and community partners. The goal is to help caseworkers identify families needing support before a crisis. We want a system that can match data sources and flag potential cases using simple criteria, then deliver a clear, unified view to frontline staff. Deliverable: working prototype with documentation on data sources, matching logic and user access. Engagement duration: 6-8 weeks.",,HIRER,Public Sector,Social Services & Non-profit,industry_v1,2026-10-01T22:05:10,16.53,Minimal,Problem first,none
ey.com__en_gl_insights_consulting_how-ai-innovation-powers-microsoft-s-finance-journey.md,qwen3-vl:32b,EY,EY Americas Generative AI Leader,Design AI-Powered Finance Query Tool for Product Launches,"A mid-sized software development company in Singapore is streamlining its product launch finance process. They need to reduce the time taken to gather financial requirements from 6-8 weeks to 3-4 weeks. The company wants to build an AI-powered chat tool that can query historical product launch data stored in various formats (PDF, Excel, Word, etc.) and provide natural language responses. The tool should extract relevant financial parameters, identify unmet requirements, and suggest comparable past launches. The specialist must design the system architecture, define data ingestion methods, and outline the AI model integration using retrieval-augmented generation (RAG) to ensure accurate, source-backed answers. Deliverable: detailed design document for the AI query tool, including data sources, system components, and integration plan. Engagement duration: 4-6 weeks.",,HIRER,Technology & Software,,industry_v1,2026-10-01T22:05:27,16.14,Standard,Context first,named
ey.com__en_gl_insights_consulting_dow-bold-approach-to-customer-experience.md,qwen3-vl:32b,EY,EY Studio+,Design Customer Journey Map for B2B Chemical Supplier,"We are a specialty chemical supplier in Singapore with 30 staff, serving manufacturing clients in the packaging and infrastructure sectors. We want to improve how we understand our customers’ experience, especially during product inquiries and technical support. We need someone to conduct customer journey mapping sessions with 5-6 key clients, identify key touchpoints and pain points, and map the end-to-end experience from initial contact to product use. We’ll provide access to our CRM and service tickets. Deliverable: customer journey map with key insights and recommended improvements. Engagement duration: 3-4 weeks.",,HIRER,Manufacturing,,industry_v1,2026-10-01T22:05:33,12.6,Standard,Owner intro,named
ey.com__en_gl_insights_consulting_how-delivery-hero-digitally-transformed-treasury-management.md,qwen3.8:27b,EY,SAP Treasury Consulting,Design SAP Payment Automation Framework,We operate a food delivery platform in Singapore with a rapidly growing transaction volume. Our current manual payment processes to restaurants and banks are becoming a bottleneck and lack the necessary transparency. We need a specialist to design a framework for automating these payment flows within our existing SAP S/4HANA environment. The focus is on standardizing bank communication and payment execution to reduce manual effort and improve cash cycle visibility. We are moving away from diverse bank portals to a consolidated infrastructure. Deliverable: a technical design document for SAP advanced payment management and bank communication integration. Engagement duration: 4-6 weeks.,,HIRER,Food & Beverage,Technology & Software,industry_v1,2026-10-01T22:05:44,14.45,Detailed,Owner intro,none
grantthornton.com__insights_case-studies_nfp_2026_how-leaders-regained-control-of-data-risks.md,qwen3-vl:32b,Grant Thornton,,Assess and Improve Sensitive Data Protection for Not-for-Profit,"A not-for-profit organisation in Singapore with 50 staff runs multiple cybersecurity tools but lacks a unified view of data risks. Executives are concerned about data exposure and want to strengthen controls without overhauling systems. The organisation needs someone to assess its current data protection, identify sensitive data categories, and recommend targeted fixes. The specialist will use Microsoft Purview to map data exposure, evaluate existing controls, and define sensitivity labels for key data types. Deliverable: report with data exposure findings, 8 defined sensitive data categories, and a prioritised remediation plan. Engagement duration: 4-6 weeks.",,HIRER,Social Services & Non-profit,,industry_v1,2026-10-01T22:05:46,13.84,Minimal,Context first,none
kroll.com__en_publications_cyber_case-studies_enhanced-ransomware-defences-global-shipping-business-robust-mdr.md,qwen3.6:35b,Kroll,,Ransomware Readiness Assessment for Maritime SME,"We run a medium-sized ship management office in Singapore and manage about 10 vessels. Our small IT team struggles to provide 24/7 threat visibility across our hybrid cloud and Office 365 environments, and we want to proactively address ransomware risks ahead of upcoming security reviews. We need an independent specialist to conduct a targeted ransomware readiness assessment, examining our current security posture against critical attack vectors and validating our existing controls. Deliverable: a concise gap analysis report identifying key vulnerabilities and prioritised mitigation steps. Engagement duration: 3 weeks.",,HIRER,Marine & Offshore,,industry_v1,2026-10-01T22:06:00,10.0,Minimal,Problem first,named
bdo.com__insights_case-studies_financial-transformation-university-streamlines-operations-for-sustainability.md,qwen3.8:27b,BDO,Industry Specialty Services,ERP Financial Configuration Gap Analysis,"We are a small liberal arts college in Singapore facing financial strain from outdated accounting practices. After stabilising our core staffing, we need to fix our reporting. Please review our current ERP configuration and general ledger setup to identify why our financial data is inaccurate and slow. Focus on the specific gaps preventing timely reporting and trend analysis. Deliverable: a written gap analysis report listing configuration fixes required for accurate monthly reporting. Engagement duration: 4-6 weeks.",,HIRER,Education,,industry_v1,2026-10-01T22:06:03,7.62,Standard,Owner intro,none
ey.com__en_gl_insights_insurance_redefining-insurance-industry-using-digital.md,qwen3-vl:32b,EY,,Design Cloud-First IT Strategy for New Insurance Entity,"We are a general insurance agency with 40 staff in Paya Lebar, planning to launch a new digital insurance entity. We need to design a cloud-first IT strategy to reduce costs and improve customer experience. The work includes defining guiding principles for simplicity, transparency and trust, assessing current systems, and creating a roadmap for migrating core functions like policy administration and underwriting to the cloud. Deliverable: documented IT strategy with cloud migration roadmap and cost-saving projections. Engagement duration: 6-8 weeks.",,HIRER,Financial Services,,industry_v1,2026-10-01T22:06:04,12.21,Standard,Owner intro,named
ey.com__en_gl_insights_ai_how-mott-macdonald-is-building-confidence-through-responsible-ai.md,qwen3-vl:32b,EY,EY UK Responsible AI team,Design Responsible AI Policy and Risk Assessment Framework,"I run the technology and innovation function at a mid-sized engineering consultancy in Singapore with 150 staff. We’re starting to use AI in our project delivery and need to set up a governance framework to manage risks, especially as we prepare for upcoming AI regulations. I need someone to help us define what counts as AI in our context, draft a responsible AI policy, and design a risk assessment method to classify AI tools by risk level. This will ensure we can innovate safely and comply with future rules like the EU AI Act. Deliverable: written responsible AI policy and risk assessment methodology. Engagement duration: 6-8 weeks.",,HIRER,Professional Services,Technology & Software,industry_v1,2026-10-01T22:06:06,14.14,Standard,Individual poster,none
erm.com__insights_the-esg-roadmap-co-authored-by-brownflynn-an-erm-group-company.md,qwen3.6:35b,ERM,,Draft ESG Disclosure Framework for Singapore SME,"We are a five-year-old fintech startup in Singapore preparing to seek Series A funding. Our investors are requiring a clear ESG disclosure plan before they commit, but we only have a general manager handling this part-time. We need an independent specialist to map our current data gaps against standard sustainability reporting frameworks and draft a practical disclosure roadmap. This needs to cover basic environmental metrics and governance policies relevant to our size. Deliverable: a written ESG disclosure strategy document with a prioritised list of data collection steps and policy gaps. Engagement duration: 3-4 weeks.",,HIRER,Cross-industry,,industry_v1,2026-10-01T22:06:11,10.8,Detailed,Owner intro,none
ey.com__en_gl_insights_consulting_wawa-caters-to-retail-customers-with-digital-offerings.md,qwen3.6:35b,EY,,Design omnichannel catering platform for retail,"We are a convenience store chain with over 50 outlets in Singapore. We need to launch a new catering service for corporate events and gatherings, integrating it into our existing digital ecosystem. We require a specialist to design the unified commerce strategy and customer experience for this specific vertical, ensuring a consistent omnichannel journey across our mobile app and website. The specialist must map the customer persona needs for bulk food ordering and define the digital workflow from selection to payment, aligning with our goal to empower store associates with digital tools. Deliverable: customer journey map and functional requirements document for the catering feature. Engagement duration: 3-4 weeks.",,HIRER,Retail & Consumer,,industry_v1,2026-10-01T22:06:10,13.82,Standard,Owner intro,none
aesg.com__portfolio-item_al-andalus.md,qwen3-vl:32b,AESG,,Energy Modeling for Residential Tower,"We are a mid-sized property developer in Singapore building a new residential tower with about 200 units. We need to meet the BCA Green Mark requirements for energy efficiency. We need someone to run energy modeling for the tower using the design specs, assess compliance with BCA Green Mark standards, and prepare the documentation for submission. Deliverable: energy model report with compliance assessment and submission-ready documentation. Engagement duration: 4-6 weeks.",,HIRER,Construction & Real Estate,,industry_v1,2026-10-01T22:06:10,19.12,Minimal,Owner intro,none
ey.com__en_gl_insights_consulting_how-an-agile-sap-approach-gave-eversource-a-power-surge.md,qwen3-vl:32b,EY,EY Energy Industry Cloud for SAP solutions,Assess Agile Readiness for SAP Implementation,"We are a mid-sized energy services provider in Singapore with about 35 staff, managing a small customer base and basic billing systems. We’re planning to upgrade our customer information system to SAP S/4HANA but are unsure if our team is ready for agile delivery. We need someone to assess our current agile maturity, identify gaps in knowledge and processes, and recommend steps to prepare for a scaled agile rollout. The specialist should conduct interviews with key staff, review existing workflows, and map them against SAFe principles. Deliverable: a short report with an agile maturity assessment, gap analysis, and prioritised action plan. Engagement duration: 3-4 weeks.",,HIRER,Energy & Resources,,industry_v1,2026-10-01T22:06:12,18.02,Standard,Owner intro,none
ey.com__en_gl_insights_consulting_how-takeda-accelerated-the-financial-close-process-by-nearly-two-weeks.md,qwen3-vl:32b,EY,EY Financial Accounting Advisory Services,Streamline Month-End Close Process for Pharmaceutical Firm,"We are a mid-sized pharmaceutical company with 150 staff in Singapore, managing our financial close process manually and facing delays. We need someone to review our current month-end closing procedures, identify bottlenecks, and recommend improvements to reduce close time. The specialist should map our current workflow, assess manual journal entries and accruals, and propose automation or standardization steps. Deliverable: detailed process assessment report with prioritized action list. Engagement duration: 4-6 weeks.",,HIRER,OTHER,,industry_v1,2026-10-01T22:06:17,14.06,Minimal,Owner intro,named
ey.com__en_gl_industries_government-public-sector_using-data-to-improve-social-services-in-london-s-most-deprived-borough.md,qwen3.8:27b,EY,,Data Integration Assessment for Social Services,"We are a small social services agency in Singapore serving vulnerable residents. Our client data is scattered across several different case management systems, making it impossible for our caseworkers to see the full picture of a household. We need a specialist to review these systems and map how the data can be connected. The goal is to enable predictive modeling that flags high-risk cases six to nine months before a crisis occurs, allowing us to intervene earlier rather than reacting to immediate needs. Deliverable: a technical report detailing the data integration strategy and required cleansing steps. Engagement duration: 4-6 weeks.",,HIRER,Public Sector,,industry_v1,2026-10-01T22:06:20,14.47,Minimal,Owner intro,none
deloitte.com__us_en_what-we-do_case-studies_case-study-ai-and-a-proactive-path-to-projected-prosperity-html.md,qwen3-vl:32b,Deloitte,Deloitte Consulting’s AI services and Deloitte Tech Foundry team,Design AI Use Case Prioritization Framework for Biotech R&D,"We are a Singapore-based biotech company with 35 staff, focused on genetic medicine. We want to apply AI to boost efficiency in R&D and clinical operations but need help structuring how to identify and prioritize use cases. We’ve done some small-scale prototyping and understand AI can help with summarizing, generating, or searching data. We need someone to help us design a framework to collect input from our R&D and clinical teams, assess potential use cases against goals like reducing time to market and lowering costs, and prioritize the top 10 for deployment. Deliverable: prioritized list of AI use cases with rationale and implementation roadmap. Engagement duration: 4-6 weeks.",,HIRER,Healthcare,Technology & Software,industry_v1,2026-10-01T22:06:22,14.22,Standard,Owner intro,none
ey.com__en_gl_insights_consulting_how-blockchain-helped-a-gaming-platform-become-a-game-changer.md,qwen3.8:27b,EY,,Assess Blockchain for Royalty Processing System,"I run a small game publisher in Singapore with about 15 staff. Our current royalty reporting takes 45 days to validate, which is too slow for our cash flow. We want to explore if a blockchain-based smart contract solution can automate this, cutting the time to near real-time. We need a specialist to review our current manual processes and contract terms to design a prototype for automated royalty calculation and distribution. Deliverable: a technical feasibility report and a proof-of-concept smart contract design. Engagement duration: 4-6 weeks.",,HIRER,Technology & Software,,industry_v1,2026-10-01T22:06:35,14.81,Standard,Individual poster,none
ey.com__en_gl_insights_consulting_how-a-digital-ledger-helped-one-plastics-company-champion-circularity.md,qwen3-vl:32b,EY,EY Americas Technology Leader for Sustainability,Design Digital Ledger for Circular Content Tracking,"We are a precision plastics manufacturer with 35 staff in Jurong, Singapore, aiming to meet ISCC sustainability certification for our recycled content products. We need someone to design a digital ledger that tracks and calculates the percentage of circular content in our products, using Microsoft Power Platform and integrating with our existing ERP. The system must be traceable, auditable, and generate valid sustainability certificates. Deliverable: prototype design document with system architecture, data flow, and integration plan. Engagement duration: 4-6 weeks.",,HIRER,Manufacturing,,industry_v1,2026-10-01T22:06:46,11.67,Standard,Owner intro,named
kroll.com__en_publications_cyber_case-studies_housing-association-security-posture-with-managed-xdr-for-microsoft.md,qwen3.6:35b,Kroll,Kroll Responder,Security posture assessment for Microsoft Defender stack,"We are a Singapore-based housing association with about 50 staff and a single office. Our security posture is not mature enough to handle the rise in threats like business email compromise, especially as we work remotely. We rely on Microsoft Defender 365 but lack the specialist time to monitor, investigate alerts properly, and tune the system against false positives. We need an independent review of our current Microsoft Sentinel and Defender configuration to identify critical visibility gaps and streamline our incident response processes.

Deliverable: written gap analysis report with prioritised tuning actions and use-case recommendations. Engagement duration: 2-3 weeks.",,HIRER,Social Services & Non-profit,,industry_v1,2026-10-01T22:06:58,10.09,Standard,Owner intro,none
ey.com__en_gl_insights_consulting_how-to-launch-a-sustainable-direct-to-consumer-business-in-no-time.md,qwen3.8:27b,EY,EY etventure,Consumer Validation for Premium Cheese Subscription,"We are a small dairy co-op in the West of Singapore looking to diversify our revenue away from bulk milk sales. We have a concept for a premium direct-to-consumer cheese subscription service but need to validate demand before building the brand. We need a specialist to conduct on-the-ground consumer research, develop five distinct business concepts, and test their viability. This involves creating prototype landing pages and running targeted social media campaigns to track user interaction, click-through rates, and sign-up intent across the five concepts.

Deliverable: A data-led report ranking the five concepts by viability, highlighting the strongest option for market entry. Engagement duration: 3-4 weeks.",,HIRER,Food & Beverage,,industry_v1,2026-10-01T22:06:58,11.56,Standard,Problem first,named
ibm.com__case-studies_riyadh-air.md,qwen3.6:35b,IBM,IBM Consulting,Design AI-native digital offer and order platform,"We are a new Singapore-based full-service carrier building our digital infrastructure from scratch. We need to move beyond legacy systems and create a digitally native, AI-powered foundation that treats the guest journey as a unified marketplace. Specifically, we require a specialist to design and architect the 'Offer & Order' layer. This involves creating a real-time engine capable of dynamically creating, pricing, and delivering personalized travel offers (flights, hotels, transport) as the journey unfolds, ensuring seamless interoperability across our digital touchpoints.

Deliverable: Detailed architectural blueprint and technical design document for the AI-native Offer & Order platform.
Engagement duration: 4-6 weeks.",,HIRER,Marine & Offshore,,industry_v1,2026-10-01T22:07:10,6.06,Standard,Owner intro,none
pwc.com__sg_en_case-study_transforming-data-governance-capabilities-across-asia-html.md,qwen3.6:35b,PwC,,PII Data Mapping and Governance Standard for Insurance Firm,"We are a general insurance agency with 45 staff in Singapore and we need to tighten our data governance before an MAS review. We have minimal standardisation and no central ownership of our Personal Identifiable Information (PII). We need a specialist to scan our current architecture, identify all PII data elements, and define clear data standards and cleansing rules for our core policy administration system. Deliverable: a central PII inventory and a written data governance standard document for one key system. Engagement duration: 4-5 weeks.",,HIRER,Financial Services,,industry_v1,2026-10-01T22:07:17,7.07,Detailed,Owner intro,none
bdo.com__insights_industries_nonprofit-education_financial-transformation-university-streamlines-operations-for-sustainability.md,qwen3-vl:32b,BDO,Industry Specialty Services team,Review and Improve University Financial Reporting System,"We are a liberal arts university in Singapore with about 150 years of history, facing financial strain due to outdated accounting systems and poor financial reporting. We need someone to assess our current general ledger and ERP system, identify gaps in financial reporting, and recommend improvements for timely, accurate reporting. This includes reviewing system configuration, data flows, and reporting processes to ensure transparency and support budgeting. Deliverable: written assessment of current system gaps and prioritised recommendations for improvement. Engagement duration: 4-6 weeks.",,HIRER,Education,,industry_v1,2026-10-01T22:07:16,9.6,Minimal,Owner intro,none
deloitte.com__us_en_what-we-do_case-studies_team-usa-la28-accounting-services-html.md,qwen3.8:27b,Deloitte,,Develop US GAAP Accounting Roadmap for Sponsorships,"We are a not-for-profit event organising committee in Singapore with a small finance team. As we grow from a startup phase to a larger operation, we are entering numerous sponsorship agreements and facility leases that require significant technical judgment under US GAAP. We need a specialist to review these complex arrangements and help us form accounting conclusions. The scope includes developing accounting models, illustrative use-case scenarios, and tailored position papers, as well as creating contract review templates for future deals. Deliverable: A toolkit including the accounting models, position papers, and review templates. Engagement duration: 4-6 weeks.",,HIRER,Professional Services,,industry_v1,2026-10-01T22:07:19,10.07,Standard,Owner intro,none
aesg.com__portfolio-item_al-furjan-hotel.md,qwen3.8:27b,AESG,,Hotel Waste Strategy and Storage Design,We are a boutique hotel developer in Singapore preparing for construction. We need to establish our waste management framework to ensure we meet local environmental regulations and keep the site tidy. We require a specialist to validate our waste handling strategy and engineer the specific design for the waste storage rooms. This ensures the back-of-house areas are sized correctly and comply with health and safety standards. Deliverable: validated waste strategy and engineered waste storage room layouts. Engagement duration: 3-4 weeks.,,HIRER,Construction & Real Estate,,industry_v1,2026-10-01T22:07:24,6.27,Standard,Owner intro,none
fticonsulting.com__insights_case-studies_building-industry-powerhouse-transformational-carve-out.md,qwen3-vl:32b,FTI Consulting,,Assess Synergy Opportunities for Logistics Business Acquisition,"We are a mid-sized logistics company in Singapore acquiring a smaller regional operations unit. We need someone to review the target’s operations, identify and quantify potential cost and revenue synergies, and build a business case with savings estimates and implementation steps. The work must cover key functions like warehousing, transportation, and customer service, using industry benchmarks. Deliverable: detailed synergy assessment report with prioritized opportunities and high-level roadmap. Engagement duration: 4-6 weeks.",,HIRER,Logistics & Distribution,,industry_v1,2026-10-01T22:07:20,11.18,Minimal,Owner intro,none
ey.com__en_gl_insights_cybersecurity_why-a-superstore-reinforced-its-cyber-walls-to-protect-its-customers.md,qwen3.8:27b,EY,Cybersecurity practice,Identity Governance Platform Migration Plan,"We are a retail chain with 10 stores in Singapore and recently inherited a patchwork of legacy identity and access management (IAM) systems. These obsolete tools and manual processes are creating control deficiencies and making it hard to manage employee access securely. We need a specialist to assess these legacy systems and design a migration path to a single cloud-based identity governance platform. This includes decommissioning redundant tools and standardizing onboarding and password management to protect our customer data under PDPA. Deliverable: A migration plan detailing the platform architecture, decommissioning schedule for legacy systems, and updated IAM service workflows. Engagement duration: 4-6 weeks.",,HIRER,Retail & Consumer,,industry_v1,2026-10-01T22:07:25,8.81,Minimal,Owner intro,none
kroll.com__en_client-stories_hiring-for-your-firm-risk-and-reputation.md,qwen3.8:27b,Kroll,,Reputational Due Diligence for Senior Hire,"We are a Singapore-based financial services firm about to appoint a senior director. Initial screening raised unverified allegations of criminal ties in social media posts. We need a specialist to conduct an accelerated public record and social media risk review to verify these claims before we sign the contract. The scope involves analysing surface and deep web presence, including image and video content, to flag controversial links. Deliverable: a consolidated risk report with findings on the allegations. Engagement duration: 1 week.",,HIRER,Cross-industry,,industry_v1,2026-10-01T22:07:26,13.77,Minimal,Problem first,none
kpmg.com__us_en_capabilities-services_advisory-services_risk-and-compliance_financial-services-regulatory-compliance-risk_consumer.md,qwen3.6:35b,KPMG,"Advisory, Financial Services Risk, Regulatory & Compliance",Consumer Protection Compliance Assessment for Local Finance Firm,"We are a Singapore-based finance company with 40 staff seeking an independent specialist to review our current consumer protection practices. As an MAS-licensed entity, we need to ensure our processes for customer transparency and fair treatment meet regulatory expectations. We require a targeted assessment of our current control framework to identify any gaps or systemic risks before our next supervisory review. This involves analysing our customer journey touchpoints and testing our complaint handling procedures against current MAS guidelines to ensure we prevent harm and elevate trust.

Deliverable: short report with the compliance gap analysis and prioritised action list. Engagement duration: 3-4 weeks.",,HIRER,OTHER,,industry_v1,2026-10-01T22:07:30,10.36,Standard,Problem first,none
ey.com__en_gl_insights_blockchain_how-blockchain-could-ensure-every-drop-of-blood-is-tracked-and-every-outcome-is-measured.md,qwen3.8:27b,EY,,Design Blockchain Traceability Model for Blood Supply Chain,"We operate a regional blood collection and distribution centre in Singapore. Currently, we lose visibility of blood units once they leave our inventory for hospital transport. We need a specialist to design a proof of concept for a blockchain-based tracking system that records unit status at seven key points, from donor intake to final disposal. The design must incorporate IoT temperature and GPS data logging. Deliverable: a technical concept document outlining the data architecture and node interactions for the tracking chain. Engagement duration: 4-6 weeks.",,HIRER,Healthcare,,industry_v1,2026-10-01T22:07:31,10.39,Minimal,Owner intro,none
ey.com__en_gl_insights_government-public-sector_how-can-data-stop-homelessness-before-it-starts.md,qwen3.8:27b,EY,,Review Data Readiness for Homelessness Prevention,"A social services agency in Singapore serving around 150 clients is looking to shift from reactive crisis support to early intervention. The agency holds data in siloed files across different support programmes and needs an assessment of how well these sources can be consolidated for predictive analytics. The specialist must review the existing data structures, identify gaps in sharing protocols, and recommend a framework for integrating records to flag at-risk residents. This assessment is required to build the business case for a predictive tool similar to the Maidstone model, ensuring data quality and governance are in place before implementation. Deliverable: a data readiness report with integration recommendations and governance guidelines. Engagement duration: 4-6 weeks.",,HIRER,Public Sector,,industry_v1,2026-10-01T22:07:31,14.11,Minimal,Context first,none
ey.com__en_gl_insights_consulting_how-microsoft-365-copilot-builds-customer-trust-with-responsible-ai.md,qwen3.8:27b,EY,,ISO 42001 Gap Analysis for AI Product,"We are a Singapore-based software firm with 30 staff developing an AI-powered customer support chatbot. We are preparing to launch the tool publicly and need to demonstrate responsible AI practices to key enterprise clients. We require an independent assessment of our current AI development and operational controls against the ISO 42001 standard. The scope involves reviewing our responsible AI policy, risk assessment processes, and technical safety filters to identify gaps before formal certification. We need to ensure our design and deployment workflows align with the standard’s requirements for AI risk management. Deliverable: a written gap analysis report with a prioritised remediation plan. Engagement duration: 4-6 weeks.",,HIRER,Technology & Software,,industry_v1,2026-10-01T22:07:45,11.54,Detailed,Owner intro,none
ey.com__en_gl_insights_consulting_how-ionitys-finance-function-became-a-growth-driver.md,qwen3-vl:32b,EY,EY Finance Operations Engagement,Design Cross-Border Financial Reporting Process for EV Charging Network,"We are a Singapore-based electric vehicle charging network operator with 15 sites across 3 countries, expanding rapidly. We need to set up a financial reporting process that meets local tax and accounting rules in each country, while maintaining a central view for management. We’re looking for someone to design a standardised, scalable reporting framework using managed services, with clear roles for local and central teams. The process must handle monthly reporting, compliance with local regulations, and integrate with our ERP. Deliverable: documented reporting framework with roles, responsibilities, and process flow. Engagement duration: 4-6 weeks.",,HIRER,Energy & Resources,,industry_v1,2026-10-01T22:07:29,27.48,Standard,Problem first,none
ey.com__en_gl_insights_consulting_how-connectivity-goes-hand-in-hand-with-business-growth.md,qwen3.6:35b,EY,,Review ERP and E-commerce Process Gaps for Small HVAC Installer,"We are a small HVAC installation business in Singapore with 25 staff. We rely on Excel and manual spreadsheets to manage parts inventory, ordering, and dealer coordination, which leads to slow response times and stock errors. We need a specialist to map our current manual workflows for the supply chain and customer order process, identify specific inefficiencies, and recommend how a basic SAP-integrated e-commerce tool could fix these bottlenecks without a full system overhaul. Deliverable: a short process gap analysis report with prioritised recommendations for automation. Engagement duration: 4-5 weeks.",,HIRER,Manufacturing,,industry_v1,2026-10-01T22:07:55,7.87,Minimal,Owner intro,none
kpmg.com__us_en_how-we-work_client-stories_global-cpg-company-client-story-html.md,qwen3.6:35b,KPMG,,Assess Financial Reporting Processes for Food Business,"We are a Singapore-based organic food and beverage retailer with around 50 staff, looking to strengthen our finance function. We are experiencing manual data silos between our accounting and sales systems, causing delays in the monthly close and making revenue forecasting unreliable. We need a specialist to review our current reporting workflows and identify where we can streamline data collection and standardise our close process. Deliverable: a gap analysis report with prioritised recommendations for automating our financial reporting. Engagement duration: 2-3 weeks.",,HIRER,Food & Beverage,,industry_v1,2026-10-01T22:08:06,11.57,Minimal,Problem first,none
rsmus.com__insights_services_managed-services_finance-and-accounting-outsourcing-transforms-operations-for-non-html.md,qwen3.6:35b,RSM,,Review nonprofit grant reporting processes for Intacct migration,"We are a small Singapore-based nonprofit with 10 staff managing grants. We use QuickBooks but struggle with limited dimensions for grant reporting, manual reconciliation, and monthly reporting that doesn't fully align with balance sheet and functional expenses. This makes our grant reporting and audit preparation time-consuming and error-prone. We need a specialist to review our current manual reporting workflows and map them to a cloud ERP (like Intacct). The scope is to design a streamlined process that automates data tracking across key dimensions, ensuring audit-ready financials without double-entry. Deliverable: a gap analysis report and a recommended process design for grant reporting integration. Engagement duration: 2-3 weeks.",,HIRER,Social Services & Non-profit,,industry_v1,2026-10-01T22:08:09,13.68,Detailed,Problem first,none
fticonsulting.com__insights_case-studies_identifying-48-million-annual-technology-savings.md,qwen3.8:27b,FTI Consulting,,Assess Technical Debt for Savings,"We are a mid-sized digital publishing company with 80 staff in Punggol. Our IT costs have risen, and we need to cut annual spend by 14%. We need an expert to assess our current systems, integrations, and technical debt to find where we are overspending. Focus on identifying specific savings opportunities within our existing infrastructure. Deliverable: a report listing identified savings and a migration path for key systems. Engagement duration: 4-6 weeks.",,HIRER,Education,,industry_v1,2026-10-01T22:08:28,7.62,Standard,Owner intro,named
pwc.com__us_en_library_case-studies_financial-services-marketing-automation-platform-html.md,qwen3.8:27b,PwC,,Design B2B Marketing Playbook for Automation,"We are a regional financial services firm in Singapore expanding our B2B lead generation. We are moving to an Adobe Marketo Engage stack to replace manual processes and need a specialist to structure our approach. Please review our current sales and marketing workflows to identify high-value use cases for automation, such as lead nurturing and account-based marketing. The goal is to create a clear operational guide that aligns our teams and defines how we will use the platform to improve lead quality. Deliverable: a B2B marketing playbook with leading practices and process alignment recommendations. Engagement duration: 4-6 weeks.",,HIRER,Financial Services,,industry_v1,2026-10-01T22:08:29,6.57,Standard,Problem first,named
axiomlaw.com__case-studies_artificial-intelligence-case-law-model-developed.md,qwen3.8:27b,Axiom,,Evaluate Legal AI Model Contract Review Accuracy,"We are a Singapore-based legal tech startup building a generative AI platform for contract review and regulatory compliance. We need a specialist to evaluate our large language model’s ability to accurately assess compliance requirements within contracts. Your task is to test the model against a set of specific regulatory scenarios, identify where the AI fails to meet legal standards, and provide structured feedback on its reasoning. This targeted review ensures our platform handles complex clauses correctly before we expand to a wider user base. Deliverable: a detailed evaluation report with specific examples of model errors and recommendations for improvement. Engagement duration: 4 weeks.",,HIRER,Marine & Offshore,,industry_v1,2026-10-01T22:08:22,13.78,Standard,Problem first,none
ey.com__en_gl_insights_consulting_how-digital-transformation-helped-benefit-fans-and-the-bottom-line.md,qwen3.6:35b,EY,,CRM and Marketing Data Integration for Fan Engagement,We run a six-outlet sports retail and ticketing business in Singapore and our legacy systems are sending generic messages that ignore customer buying patterns. We need a specialist to map a migration plan to a unified CRM and analytics stack (Microsoft Dynamics 365 and Adobe Experience Cloud) that tracks purchases and automates targeted campaigns. Deliverable: a technical integration roadmap with data architecture recommendations and a phased rollout plan. Engagement duration: 4 weeks.,,HIRER,Professional Services,,industry_v1,2026-10-01T22:08:31,11.27,Minimal,Problem first,named
kpmg.com__xx_en_client-stories_strengthening-confidence-in-non-financial-data-html.md,qwen3-vl:32b,KPMG,,Validate Supplier Sustainability Data for Private Label Products,"We are a Singapore-based grocery retailer with 15 outlets, reporting on sustainability KPIs like greenhouse gas emissions and plastic use. Our private label product data relies heavily on supplier declarations, and with rising regulatory scrutiny under the EU CSRD, we need to ensure data accuracy. We need someone to review our current data collection process, conduct independent lab testing on a sample of private label products for nutritional and plastic content, and compare results with supplier data. Deliverable: report with findings, data discrepancies, and recommendations to improve data reliability. Engagement duration: 4-6 weeks.",,HIRER,Retail & Consumer,,industry_v1,2026-10-01T22:08:35,10.54,Minimal,Owner intro,none
aesg.com__portfolio-item_al-hamra-entertainment-development.md,qwen3.8:27b,AESG,,Construction Environmental Management Plan for New Venue,"We are a small Singapore-based entertainment venue operator preparing to renovate our 2,000 sqm space to add retail and F&B outlets. To comply with BCA requirements and minimise disruption, we need a specialist to draft a Construction Environmental Management Plan for the upcoming works. The plan must outline specific controls for dust, noise, and waste management to ensure a smooth transition for our customers.

Deliverable: A comprehensive CEMP document ready for submission to the building owner and contractor. Engagement duration: 4-6 weeks.",,HIRER,Construction & Real Estate,,industry_v1,2026-10-01T22:08:35,10.95,Minimal,Problem first,none
kpmg.com__us_en_how-we-work_client-stories_a-people-focused-approach-field-service-transformation-html.md,qwen3.8:27b,KPMG,KPMG Advisory,Configure Dynamics 365 for Field Service,"We’re a mid-sized oil and gas operator with a stalled Microsoft Dynamics 365 Field Service rollout. Our field workers are still relying on pen and paper for routine inspections, so we lack real-time visibility into equipment health and maintenance logs. We need a specialist to reconfigure the existing Dynamics 365 environment to support daily field workflows, including logging routine inspections, reporting leaks or malfunctions, and managing ad-hoc maintenance tasks for a single unconventional asset. The focus is on making the tool work for the people using it, not just the IT department.
Deliverable: A working, configured Dynamics 365 Field Service setup for the single asset, with workflows for routine inspections and issue reporting. Engagement duration: 6-8 weeks.",,HIRER,Energy & Resources,Food & Beverage,industry_v1,2026-10-01T22:08:36,11.44,Standard,Problem first,named
kroll.com__en_client-stories_investigating-and-protecting-c-suite-level-fraud.md,qwen3-vl:32b,Kroll (Duff & Phelps),"Investigations, Diligence and Compliance",Investigate Senior Executive Credit Card Misuse,"We are a mid-sized professional services firm in Singapore with 60 staff. A whistleblower reported that a senior executive misused their company-issued credit card for personal travel and home renovations. We need someone to investigate this claim, review transaction records, and determine if there was misuse. The specialist must also assess whether other senior staff were involved or benefited from the misuse. Deliverable: written investigation report with findings, evidence summary, and recommendations. Engagement duration: 3-5 weeks.",,HIRER,Cross-industry,,industry_v1,2026-10-01T22:08:35,12.08,Standard,Owner intro,none
ey.com__en_uk_industries_government-public-sector_uniting-pertinent-data-sources-to-help-children-and-families-in-crisis.md,qwen3.6:35b,EY,,Design early intervention data-sharing prototype for child welfare,"I manage a small non-profit supporting vulnerable families in Singapore. We have siloed data across our partners and lack a real-time system to identify at-risk cases early, making our response reactive. We need a specialist to design a data-sharing prototype that unifies disparate information sources (postcodes, demographics, family relations) into a single view. The work involves mapping data flows and specifying how an algorithm could flag households showing stress markers for caseworker review. Deliverable: technical design document and data-sharing protocol for a Family Preservation prototype. Engagement duration: 4 weeks.",,HIRER,Public Sector,,industry_v1,2026-10-01T22:08:42,9.95,Standard,Individual poster,none
kpmg.com__us_en_industries_government-public-sector_federal-government_air-force-life-cycle-management-center-architecture-integra.md,qwen3-vl:32b,KPMG,"Federal Advisory, KPMG US",Assess Open Architecture Design for Defense Systems Integration,"We are a small defence technology integration team in Singapore supporting a local defence contractor with 25 staff. We need to evaluate how well our current systems align with open architecture standards for future upgrades and interoperability. The work involves reviewing existing hardware and software components, assessing compatibility with COTS/GOTS solutions, and identifying gaps in our integration approach. Deliverable: written assessment report with findings and recommendations for open architecture adoption. Engagement duration: 4-6 weeks.",,HIRER,OTHER,,industry_v1,2026-10-01T22:08:36,18.77,Minimal,Owner intro,none
ey.com__en_gl_insights_consulting_healthcare-company-tackling-third-party-risk-with-tech-and-data.md,qwen3.8:27b,EY,,Design Third-Party Risk Assessment Framework,"I run a multi-site clinic network in Singapore with about 20 practitioners. Following recent industry data breaches, we need to tighten how we assess our third-party vendors, particularly those handling patient data. We currently rely on manual self-reported surveys, which is slow and opaque. We need a specialist to define a risk assessment framework that categorises vendors by risk level and specifies the data points required for due diligence. This should prepare us to implement a digital workflow later, ensuring we can identify and prioritise high-risk partners effectively. Deliverable: a written risk assessment framework with vendor segmentation criteria and required data attributes. Engagement duration: 4-5 weeks.",,HIRER,Healthcare,,industry_v1,2026-10-01T22:08:46,9.6,Standard,Individual poster,named
kpmg.com__us_en_capabilities-services_alliances_kpmg-salesforce_kpmg-shows-clients-one-source-of-truth-html.md,qwen3.8:27b,KPMG,,Data Audit for Salesforce Migration Readiness,"We are a 50-person professional services firm in Singapore preparing to migrate our client records to a new CRM platform. Our current client data is fragmented across multiple spreadsheets and legacy systems, creating silos that prevent us from delivering personalised service. We need a specialist to review our existing data structure, identify gaps and duplication, and define the schema for our migration. Deliverable: a data gap analysis report and a recommended data model for the new system. Engagement duration: 2-3 weeks.",,HIRER,Technology & Software,,industry_v1,2026-10-01T22:08:55,12.34,Minimal,Problem first,none
ey.com__en_gl_insights_consulting_how-supply-chain-optimization-helps-an-electronics-manufacturer-connect-customers.md,qwen3-vl:32b,EY,,Supply Chain Site Assessment for Electronics Manufacturer,"We are a precision electronics manufacturer with 35 staff in Singapore, producing mobile devices for local and regional clients. We’re facing supply chain delays and rising costs due to overreliance on overseas production, especially during geopolitical disruptions. We need someone to assess potential manufacturing sites in Southeast Asia, focusing on tax implications, labor availability, and logistics costs. The specialist will use a digital supply chain model to evaluate sites, compare them against our current operations, and create a scorecard based on cost, risk, and delivery efficiency. Deliverable: a ranked list of recommended manufacturing sites with supporting analysis and key risk factors. Engagement duration: 4-6 weeks.",,HIRER,Manufacturing,,industry_v1,2026-10-01T22:09:03,13.34,Standard,Owner intro,none
rsmus.com__insights_services_managed-services_nonprofit-gains-multiple-benefits-by-outsourcing-through-rsm-catamaran-html.md,qwen3.6:35b,RSM,,IT Help Desk and Cybersecurity Assessment,"We run a Singapore-based social enterprise supporting student veterans with 20 staff and 30 affiliate partner chapters across the island. Cyberattacks are an increasing risk for national nonprofits, and our current ad-hoc support leaves us exposed. We need a specialist to review our existing IT infrastructure, assess our vulnerability to targeted threats, and design a managed service model that provides reliable 24/7 help desk coverage. This will allow our small team to focus on program delivery rather than troubleshooting technical issues or worrying about data security.

Deliverable: written security audit and managed IT support proposal.
Engagement duration: 4 weeks.",,HIRER,Social Services & Non-profit,,industry_v1,2026-10-01T22:09:16,9.68,Standard,Problem first,named
kpmg.com__xx_en_client-stories_ai-driven-transport-planning-for-a-leading-dairy-organization-html.md,qwen3-vl:32b,KPMG,KPMG in the Netherlands,Optimize Milk Transport Routes Using AI and Data,"We run a dairy processing facility in Jurong that collects raw milk from local farms. Our current transport planning relies on Excel and experience, leading to inefficiencies and risks of product spoilage due to long delivery times. We need someone to build an AI-driven route optimization model using our existing data on farm locations, milk volumes, fat and protein levels, and fleet capacity. The model should generate optimal daily routes that meet time windows and quality standards. Deliverable: working AI optimization model with documentation, trained on our data. Engagement duration: 6-8 weeks.",,HIRER,Food & Beverage,,industry_v1,2026-10-01T22:09:16,11.24,Standard,Owner intro,named
kroll.com__en_publications_cyber_case-studies_seamless-response-ransomware-cyber-resilience-upgrade.md,qwen3.8:27b,Kroll,,Digital Forensics Investigation of Ransomware Attack,"A Singapore logistics company is recovering from a recent ransomware attack. We need a digital forensics specialist to investigate the events preceding the incident. The goal is to determine how the threat entered our network and identify the specific vulnerabilities that were exploited. This analysis is required to support our recovery efforts and strengthen our cybersecurity strategy against future threats. Deliverable: a written forensic report detailing the attack vector, scope of compromise, and critical areas for improvement. Engagement duration: 2-4 weeks.",,HIRER,Logistics & Distribution,,industry_v1,2026-10-01T22:09:38,7.87,Minimal,Context first,none
kpmg.com__us_en_capabilities-services_advisory-services_kpmg-powered-enterprise_kpmg-target-operating-model-html.md,qwen3.6:35b,KPMG,,Design HR Target Operating Model for Cloud Move,"A Singapore-based HR services firm of about 80 staff is planning to migrate its core HR systems to the cloud. The current setup lacks clarity on roles, governance, and performance metrics for the new environment. They need a specialist to design a Target Operating Model specifically for their HR function. The work must cover the People, Governance, and Service Delivery layers to define reporting lines, access rules, segregation of duties, and how HR capabilities will be delivered post-migration. Deliverable: a written Target Operating Model blueprint outlining the six key layers (Process, People, Service Delivery Model, Technology, Performance Insights, and Governance) tailored to their cloud HR setup. Engagement duration: 4-6 weeks.",,HIRER,Professional Services,,industry_v1,2026-10-01T22:09:38,8.15,Standard,Context first,none
pwc.com__us_en_library_case-studies_usaa-finance-cloud-solutions-html.md,qwen3-vl:32b,PwC,,Assess Finance System Modernization Needs for Mid-Sized Financial Services Firm,"We are a financial services firm with 40 staff in Paya Lebar, Singapore, offering insurance and banking products to local clients. Our current finance system is over 10 years old and causes delays in month-end close and reporting. We need someone to review our existing finance processes, identify key inefficiencies, and recommend a modern, cloud-based system that fits our size and budget. We’re considering Oracle Cloud solutions. Deliverable: short assessment report with process gaps, automation opportunities, and a shortlist of suitable cloud platforms. Engagement duration: 3-4 weeks.",,HIRER,Financial Services,,industry_v1,2026-10-01T22:09:35,11.93,Minimal,Owner intro,named
aesg.com__portfolio-item_al-hamra-tower.md,qwen3-vl:32b,AESG,,Independent Review of Fire and Life Safety Systems for Office Building,"I manage the facilities operations for a 15-storey office building in Singapore’s central business district, and we’re preparing for a fire safety audit by the Singapore Civil Defence Force. We need someone to independently review our fire and life safety systems, including the design and cause-and-effect matrix, to ensure compliance with local safety standards. The specialist will assess system documentation, verify design logic, and test key components to identify gaps. Deliverable: written review report with findings and recommendations for compliance. Engagement duration: 3-4 weeks.",,HIRER,Construction & Real Estate,,industry_v1,2026-10-01T22:09:41,11.93,Detailed,Individual poster,named
kroll.com__en_client-stories_resolving-highly-complex-security-breach-global-multi-national.md,qwen3.8:27b,Kroll,,Cyber Forensic Review for Network Intrusion,"I run a 45-person logistics firm in Singapore. We discovered a foreign threat actor had infiltrated our IT networks and financial workflows. We need a specialist to investigate the breach, identify exactly what was accessed, and provide a plan to contain and remove the attacker. The focus is strictly on the digital forensics and network security aspects to help us meet our regulatory responsibilities and stop further data loss. Deliverable: a digital forensic report detailing the scope of the intrusion and immediate containment steps. Engagement duration: 2-3 weeks.",,HIRER,Cross-industry,,industry_v1,2026-10-01T22:09:46,8.93,Standard,Individual poster,none
kpmg.com__us_en_how-we-work_client-stories_making-history-with-kpmg-performance-insights-html.md,qwen3.8:27b,KPMG,,Strokes Gained Analysis for Match Play Selections,"We are the team for a 12-player golf squad preparing for a major match play tournament. We need help applying advanced analytics to our shot data to make better decisions on pairings and captain's picks. Specifically, we want you to process our full-field, shot-level data using Strokes Gained and proximity averages to identify each player's strengths and weaknesses. You should then run simulations to test different pairing combinations and course strategies, similar to the AI-powered predictive models used in professional tours. This helps us move beyond guessing and use data to optimize our lineup for specific hole types. Deliverable: a strategic recommendation document with pairing options and performance insights derived from the simulations. Engagement duration: 4-6 weeks.",,HIRER,OTHER,,industry_v1,2026-10-01T22:09:47,9.31,Minimal,Problem first,named
kpmg.com__xx_en_what-we-do_services_kpmg-client-stories_digital-transformation-and-disruption_driving-customer-and-business-value-.md,qwen3.6:35b,KPMG,,Contact Center AI Opportunity Assessment,"We run a chain of five independent grocery stores in Singapore and want to improve our customer service efficiency without overhauling our entire IT system. We need a specialist to review our current contact center performance, including call volumes and handling times, and map out how generative AI could deflect simple enquiries. The scope includes a functional maturity assessment, benchmarking against best practices, and designing a high-level customer lifecycle framework. We need to understand the realistic options for using virtual agents or IVR to handle routine queries so we can focus human support on complex issues.

Deliverable: Short report with the AI opportunity assessment, maturity analysis, and a recommended action plan.
Engagement duration: 4-5 weeks.",,HIRER,Retail & Consumer,,industry_v1,2026-10-01T22:09:45,12.0,Detailed,Owner intro,none
kpmg.com__us_en_how-we-work_client-stories_utility-it-managed-services-powered-evolution-servicenow-html.md,qwen3-vl:32b,KPMG,KPMG Powered Evolution,Assess IT Service Management Needs for ServiceNow Deployment,"We’re a mid-sized energy services provider in Singapore with 150 staff, operating from a facility in Jurong. We’ve chosen ServiceNow as our core ITSM platform to improve service delivery and reduce manual work, but we’re struggling to build internal expertise due to hiring constraints. We need someone to assess our current IT service management processes, identify gaps for ServiceNow integration, and recommend configuration priorities for our first 500 users. Deliverable: a short report with process gaps, recommended ServiceNow modules, and a prioritized setup plan. Engagement duration: 3-4 weeks.",,HIRER,Energy & Resources,,industry_v1,2026-10-01T22:09:46,12.5,Standard,Problem first,named
ey.com__en_uk_industries_government-public-sector_using-data-to-improve-social-services-in-london-s-most-deprived-borough.md,qwen3.6:35b,ey.com,,Social Service Data Integration Strategy,"We are a social enterprise in Singapore supporting vulnerable individuals, but our data is siloed across separate case management systems for adult, child, and homelessness services. This prevents us from gaining a holistic view of households or predicting crises early. We need a specialist to assess our current data architecture and design a roadmap to integrate these disconnected datasets. The scope covers creating a unified data model that enables predictive modeling for at-risk cases, ensuring compliance with Singapore's PDPA for data security and governance, and outlining a phased implementation plan to move from reactive responses to proactive interventions.",,HIRER,Public Sector,,industry_v1,2026-10-01T22:09:53,7.95,Standard,Problem first,named
ey.com__en_gl_insights_consulting_how-a-major-health-provider-is-putting-care-into-patients-hands.md,qwen3.8:27b,EY,,Design Mobile App for Chronic Condition Management,"We run a mid-sized healthcare provider in Singapore with about 50 staff. Our patient portal is unstable and doesn't support self-management for chronic conditions, which account for roughly 20% of our annual operating expenses. We need a specialist to design the user experience for a new condition-specific mobile app. The app should provide daily guidance, real-time reminders based on patient-uploaded data, and integrate with our existing scheduling system. It must be built on a scalable platform to handle future updates. Deliverable: a detailed UX design and feature specification document for the mobile application. Engagement duration: 4-6 weeks.",,HIRER,Healthcare,,industry_v1,2026-10-01T22:09:55,17.05,Minimal,Owner intro,none
kpmg.com__us_en_how-we-work_client-stories_reporting-insights-accelerated-html.md,qwen3.8:27b,KPMG,,Document Current Financial Close Process,"We are the finance team at a mid-sized IT services firm in Singapore. We recently upgraded to SAP S/4HANA, but our month-end close is still labour-intensive because our reporting process relies on manual data entry and offline Excel manipulation. We need a specialist to map our current record-to-report workflow, identifying specific data challenges and redundant steps. Deliverable: a documented current-state process map highlighting inefficiencies. Engagement duration: 2-3 weeks.",,HIRER,Technology & Software,Retail & Consumer,industry_v1,2026-10-01T22:10:12,7.62,Minimal,Owner intro,none
ey.com__en_gl_insights_consulting_how-yara-centralized-their-hr-operations.md,qwen3-vl:32b,EY,EY Consulting,Design HR Self-Service Portal for Regional Team,"We run a regional HR team supporting over 3,400 employees across 18 countries in Europe. Our HR processes are fragmented, with different countries using emails, physical forms, or local SharePoint sites, making service delivery slow and inconsistent. We need someone to design a unified, self-service HR portal to standardize operations, improve employee experience, and support GDPR compliance. The portal should be intuitive, allow employees to raise HR requests, and provide visibility into case management for HR agents. Deliverable: design specification document with user flows, role-based access plan, and content structure for the portal. Engagement duration: 4-6 weeks.",,HIRER,Manufacturing,,industry_v1,2026-10-01T22:10:14,24.14,Minimal,Problem first,named
kpmg.com__xx_en_client-stories_danone-shift-to-seamless-corporate-support-model-html.md,qwen3-vl:32b,KPMG,Advisory Global Head of Clients & Markets,Design HR Service Process for New Portal,"We are a mid-sized food and beverage company in Singapore with 35 staff, currently running separate HR systems and manual processes. We want to simplify our HR services by creating a unified digital portal for employees to access leave, onboarding and other requests. We need someone to map our current HR workflows, identify gaps, and design a streamlined process model for the new portal using ServiceNow. Deliverable: process design document with workflow diagrams and recommendations for automation. Engagement duration: 4-6 weeks.",,HIRER,Food & Beverage,,industry_v1,2026-10-01T22:10:31,7.68,Standard,Owner intro,none
rsmus.com__insights_technology_microsoft_dynamics-365-elevates-nonprofit-member-engagement-and-growth-html.md,qwen3-vl:32b,RSM US,,Assess and Design CRM System for Alumni Network,"We run a nonprofit alumni association in Singapore with about 1,500 members, supporting former employees through networking and community programs. Our current system is outdated and fragmented, making it hard to track member engagement or plan events effectively. We need someone to review our existing processes, assess how Dynamics 365 could improve member data access and engagement, and design a basic implementation plan. This includes mapping current workflows, identifying key data fields, and outlining integration with Power Pages for a public-facing site. Deliverable: a short report with process assessment, data model suggestions, and a 3-month implementation roadmap. Engagement duration: 3-4 weeks.",,HIRER,Social Services & Non-profit,,industry_v1,2026-10-01T22:10:31,9.89,Standard,Owner intro,none
ibm.com__case-studies_gk-cloud-solutions.md,qwen3.8:27b,IBM,,Watson Discovery Query Accuracy Assessment,"A Singapore-based EdTech provider offers corporate training and faces rising technical queries from learners. Current support takes an average of 17 minutes per issue, and 25% of queries are repeat inquiries, indicating knowledge retrieval gaps. We need a specialist to audit the configuration of our IBM Watson Discovery collection. This involves reviewing how training materials and reference docs are indexed and processed to ensure contextually relevant answers. The goal is to reduce resolution time and eliminate duplicate questions.
Deliverable: Written assessment of current indexing configuration with specific tuning recommendations.
Engagement duration: 2-3 weeks.",,HIRER,Education,,industry_v1,2026-10-01T22:10:38,15.65,Standard,Context first,none
publicissapient.com__work_b2b-leader-wows-with-integrated-omnichannel-experience.md,qwen3-vl:32b,Publicis Sapient,,Fix Web Reservation Funnel Leakage for Equipment Rental Platform,"A Singapore-based equipment rental company with 15 outlets is experiencing significant funnel leakage due to a broken web reservation system. They need someone to assess the current online booking process, identify where users drop off, and recommend fixes to improve conversion. The specialist will review the existing site using Adobe Experience Cloud and Adobe Commerce, map user journeys, and pinpoint technical and UX issues. Deliverable: report with diagnosis of funnel leakage points and a prioritised list of recommended fixes. Engagement duration: 3-5 weeks.",,HIRER,Logistics & Distribution,Retail & Consumer,industry_v1,2026-10-01T22:10:45,10.96,Standard,Context first,none
ey.com__en_us_insights_managed-services_how-a-bold-strategy-helped-a-reinsurer-enter-the-market.md,qwen3.6:35b,EY,EY Integrated Finance Managed Services,Setup Reinsurance Finance Ops and SAP GL for New Market Entry,"We are a new life reinsurance company launching in Singapore, aiming to facilitate large-scale pension risk transfer transactions. Operating under strict MAS regulatory oversight, we need to establish a fully compliant finance infrastructure from scratch within six months to accelerate our time to market. The scope covers designing and implementing the core financial operating model, including general ledger setup, month-end accounting processes, tax compliance, and asset-liability management controls. You must configure a cloud-based SAP S/4HANA general ledger tailored for complex reinsurance entities to ensure real-time reporting and audit readiness.

Deliverable: fully operational finance and accounting infrastructure with configured SAP S/4HANA GL, standard operating procedures, and regulatory compliance documentation.
Engagement duration: 6-8 weeks.",,HIRER,Financial Services,,industry_v1,2026-10-01T22:10:40,17.35,Standard,Problem first,none
aesg.com__portfolio-item_al-maryah-central-2.md,qwen3-vl:32b,AESG,,Commissioning Review for New Office Building MEP Systems,"We are a mid-sized office building developer in Singapore with a new 12-storey commercial space in Paya Lebar. We need someone to review the commissioning plan for our mechanical, electrical and plumbing (MEP) systems before construction starts. The work includes checking the commissioning program, reviewing material submittals, and verifying that the scope meets industry standards. We’re using Data+ (Springboard) for document control, so the specialist should be familiar with it. Deliverable: written commissioning review report with findings and recommendations. Engagement duration: 3-4 weeks.",,HIRER,Construction & Real Estate,,industry_v1,2026-10-01T22:10:46,12.56,Standard,Problem first,named
kpmg.com__us_en_how-we-work_client-stories_charting-course-new-value-html.md,qwen3.6:35b,KPMG,,Financial Baseline Review for Cost Optimization,"We are a Singapore-based professional services firm with 80 staff, operating out of a CBD office. Our month-end financials are scattered across disparate systems, making it hard to track profitability or control costs. We need an independent specialist to review our current accounting setup, map our data flows, and identify where we are losing visibility on expenses. 

Deliverable: written gap analysis of our financial data architecture and a prioritised action list for consolidation. Engagement duration: 3-4 weeks.",,HIRER,Professional Services,,industry_v1,2026-10-01T22:10:41,20.3,Standard,Problem first,named
kpmg.com__xx_en_client-stories_reimagining-turbine-engineering-with-ai-html.md,qwen3.6:35b,KPMG,"Industrial Automation, Intelligence and Digitalisation",Assess AI potential for turbine design automation,"We are a precision manufacturing firm in Singapore producing industrial turbines. Our current engineering cycle is slow because we manually process thousands of design parameters and generate documents for each new order, often taking weeks to respond to RFPs. Although we have historical data from previous projects, we lack the tools to leverage this data for faster decision-making.

We need a specialist to review our existing engineering workflows and assess how swarm intelligence-based algorithms or rule-based engines could automate the generation of key engineering outputs, such as CAD drawings and product specifications. The goal is to identify where AI can reduce manual effort and accelerate design cycles without disrupting our current thermal feasibility checks.

Deliverable: A strategic assessment report with recommendations for automating engineering document generation and design optimization.
Engagement duration: 3-4 weeks.",,HIRER,Energy & Resources,,industry_v1,2026-10-01T22:10:56,7.49,Detailed,Problem first,none
kpmg.com__xx_en_what-we-do_services_kpmg-client-stories_digital-transformation-and-disruption_team-dsm-html.md,qwen3-vl:32b,KPMG,KPMG Lighthouse,Develop Data Analytics Platform for Pro Cycling Team,"We are a professional cycling team based in Singapore, competing in major races like the Tour de France. We need to improve rider performance using data and analytics, as even small gains in efficiency can make a difference in competition. We’re looking for someone to design and build a digital platform that collects and analyzes data from sensors on bikes and riders. The platform should track training, nutrition, power output, and race tactics to help our coaching and science teams make better decisions. Deliverable: functional prototype of the analytics platform with key performance indicators and data visualization dashboards. Engagement duration: 6-8 weeks.",,HIRER,Retail & Consumer,Technology & Software,industry_v1,2026-10-01T22:10:54,10.78,Detailed,Owner intro,named
kroll.com__en_client-stories_tackling-online-abuse-real-time-risk-intelligence.md,qwen3.6:35b,Kroll,,Online Abuse Monitoring and Risk Signal Analysis,"I manage the digital media channels for a mid-sized Singapore football club, where fan engagement generates millions of comments, particularly during matches. We need a specialist to monitor our social media channels for online hate speech and abuse targeting players and fans. The work involves identifying risk signals within the digital chatter and providing actionable intelligence on threats to safety and wellbeing, ensuring we can distinguish harmful content from benign interaction quickly. Deliverable: a report detailing the methodology for detecting online abuse and a prioritized list of risk signals for ongoing monitoring. Engagement duration: 4-6 weeks.",,HIRER,Cross-industry,,industry_v1,2026-10-01T22:10:55,11.49,Detailed,Individual poster,none
deloitte.com__us_en_what-we-do_capabilities_cloud-transformation_case-studies_smart-city-project-case-study-html.md,qwen3-vl:32b,Deloitte,Deloitte Consulting LLP,Design Waste Collection Optimization System for City District,"We are a mid-sized town council in Singapore managing a district with 30,000 residents and 150 public waste bins. Our current waste collection schedule is fixed and inefficient, leading to overflowing bins and higher operational costs. We need someone to design a smart waste collection system using sensor data and cloud-based analytics to optimize collection routes and timing. The system should integrate with existing city operations and reduce collection frequency based on real-time bin fill levels. Deliverable: a design document outlining the sensor deployment plan, cloud integration approach, and route optimization logic. Engagement duration: 5-6 weeks.",,HIRER,Public Sector,,industry_v1,2026-10-01T22:10:59,11.48,Minimal,Owner intro,named
ey.com__en_gl_insights_consulting_how-medtronic-optimized-supply-chain-gets-products-to-patients-in-need.md,qwen3-vl:32b,EY,EY Supply Chain Transformation team,Assess and Improve Demand Forecasting Process,"We are a precision medical device manufacturer with 35 staff in a factory in Jurong, Singapore. Our current demand forecasting relies on manual spreadsheets and fragmented systems, leading to stockouts and excess inventory. We need someone to assess our forecasting process, identify gaps in data and planning, and recommend improvements to increase forecast accuracy. Deliverable: written assessment with findings and prioritised recommendations. Engagement duration: 4-6 weeks.",,HIRER,Healthcare,,industry_v1,2026-10-01T22:11:00,31.42,Standard,Owner intro,named
kpmg.com__xx_en_what-we-do_services_kpmg-client-stories_digital-transformation-and-disruption_building-greater-capabilities-and-in.md,qwen3-vl:32b,KPMG,KPMG Australia,AI-Driven Compliance Gap Assessment for Telecoms,"We are a mid-sized telecommunications provider in Singapore with 150 staff, operating across three regions. Our compliance team currently relies on manual, siloed processes to track regulatory obligations, leading to inefficiencies and inconsistent coverage. We need someone to assess our current compliance framework, identify key regulatory obligations (including MAS and IMDA requirements), and use generative AI tools to draft plain-language obligation statements. The specialist will map gaps between current practices and required controls, and recommend targeted improvements. Deliverable: AI-assisted compliance gap analysis report with prioritised action items. Engagement duration: 4-6 weeks.",,HIRER,Technology & Software,,industry_v1,2026-10-01T22:11:19,12.33,Minimal,Owner intro,named
ey.com__en_gl_insights_consulting_transforming-data-to-drive-resilience-and-trust-with-microsoft.md,qwen3-vl:32b,EY,EY Microsoft Services Group,Assess and Plan CRM Migration to Microsoft Cloud,"We are a mid-sized automotive distributor in Singapore with 15 staff, serving local dealerships and customers. Our current CRM system is outdated, with manual data entry and inconsistent customer records, leading to poor communication and missed sales opportunities. We need to migrate to Microsoft Cloud to improve data accuracy and automation. The specialist will assess our current CRM setup, identify data quality issues, and plan the migration to Microsoft Dynamics 365 and Power Platform, including integration with our dealership network. Deliverable: migration assessment report with data quality findings and phased migration plan. Engagement duration: 4-6 weeks.",,HIRER,Manufacturing,,industry_v1,2026-10-01T22:11:25,17.2,Minimal,Owner intro,none
kpmg.com__xx_en_what-we-do_services_kpmg-client-stories_digital-transformation-and-disruption_bega-cheese-html.md,qwen3-vl:32b,KPMG,KPMG Australia,Assess HR System Gaps for Growing Food Manufacturer,"I run HR operations at a mid-sized food manufacturer in Singapore with about 150 staff, and our current HR systems are too fragmented to support our growth. We need someone to review our existing payroll, employee records, and leave management processes, identify gaps in data consistency and reporting, and recommend a scalable system that integrates with our existing finance software. We’re considering cloud-based HR platforms like Workday, and we want to understand what changes we’d need to make to adopt one. Deliverable: a short report with system gaps, integration options, and a prioritised list of recommended steps. Engagement duration: 3-4 weeks.",,HIRER,Food & Beverage,,industry_v1,2026-10-01T22:11:32,11.14,Standard,Individual poster,named
publicissapient.com__work_how-salesforce-transformed-the-student-and-parent-experience-with-a-digitized-education-ecosystem.md,qwen3.6:35b,Publicis Sapient,Salesforce Delivery Lead,Map Admissions Gaps for School Group Using Salesforce,"A Singapore-based education group managing multiple local centres needs to digitise its student admissions and parent engagement. Existing manual processes and disconnected platforms cause slow application processing and limited transparency for families. The group wants to streamline the journey using Salesforce Education Cloud for automated services, Marketing Cloud for personalised communication, and Service Cloud for a ticketing system. Work involves assessing current data silos and mapping the design for an Experience portal and Salesforce integrations to unify parent inquiries and application tracking. Deliverable: a gap analysis and system architecture map for the admissions workflow. Engagement duration: 4 weeks.",,HIRER,Education,,industry_v1,2026-10-01T22:11:48,8.64,Standard,Context first,none
bdo.com__insights_case-studies_establishing-cybersecurity-leadership-for-a-for-a-multidisciplinary-law-firm.md,qwen3.8:27b,BDO,BDO Digital,Cybersecurity Gap Analysis and Roadmap,"We are a 25-person law firm in Paya Lebar supporting financial institutions. Following a recent security breach, our key clients require us to demonstrate improved cybersecurity maturity and formal progress reporting. We need a specialist to review our current security state, assess gaps against the CIS Controls framework, and prioritise risks. We also need strategies to meet specific client security requirements. Deliverable: a cybersecurity roadmap with action plans, milestones, and a risk register. Engagement duration: 4-6 weeks.",,HIRER,Professional Services,,industry_v1,2026-10-01T22:11:51,8.97,Minimal,Owner intro,named
ey.com__en_gl_insights_strategy-transactions_how-a-financial-services-firm-built-resilience-amid-geopolitical-flux.md,qwen3.6:35b,ey.com,EY-Parthenon Geostrategic Business Group,Develop geopolitical impact scenarios for capital and liquidity,"We are an Asia-Pacific financial services firm needing to understand how US-China tensions might escalate and affect our business. The board requires a clear assessment of implications for capital flows, liquidity, and currency volatility in the short and medium term. We need a specialist to conduct qualitative research and interviews to develop potential scenarios, identify key drivers and signposts, and assess financial and capital impacts. We will stress-test these conclusions with our senior leadership team to identify mitigation actions.

Deliverable: a report detailing the developed geopolitical scenarios, their key drivers, and the assessed impact on our financial structure and capital portfolio.

Engagement duration: 4-6 weeks.",,HIRER,Financial Services,,industry_v1,2026-10-01T22:11:49,13.95,Standard,Owner intro,none
publicissapient.com__work_how-reimagining-the-customer-journey-helped-pilot-company-accelerate-its-growth.md,qwen3.8:27b,Publicis Sapient,,Driver Usability Testing for Mobile App,"We operate a chain of fuel stations in Singapore and are revamping our mobile app to better serve our regular customers. We need a specialist to conduct on-site usability testing with professional drivers to validate our new interface designs. The focus is on checking how well the app works for different user types, such as truck drivers and private car owners, specifically regarding location search and service filtering. You will observe real usage at our sites and note where the design fails to meet user needs. Deliverable: a written report detailing usability issues and specific design recommendations. Engagement duration: 3-4 weeks.",,HIRER,Logistics & Distribution,Retail & Consumer,industry_v1,2026-10-01T22:11:53,11.88,Standard,Owner intro,none
aesg.com__portfolio-item_al-qana.md,qwen3.6:35b,AESG,,Waste Management Plan for F&B Outlet,"We are a mid-sized F&B operator with a busy outlet in Singapore that generates significant food and packaging waste. To maintain our NEA hygiene grading and streamline our sustainability efforts, we need a specialist to review our current waste handling processes and design a more efficient operational waste management plan. We need help sizing the correct bins, planning collection routes with vendors, and establishing clear sorting protocols for our staff to ensure compliance and reduce contamination rates. Deliverable: written operational waste management plan with vendor recommendations and staff sorting protocols. Engagement duration: 3-4 weeks.",,HIRER,Construction & Real Estate,,industry_v1,2026-10-01T22:11:57,10.19,Standard,Owner intro,named
alvarezandmarsal.com__case-study_alvarez-marsal-advises-armah-sports-company-on-its-transfer-to-the-main-market-of-the-saudi-exchange-tadawul.md,qwen3.6:35b,Alvarez & Marsal,,Financial Due Diligence for Main Market Exchange Transfer,We are a fitness and wellness operator in Singapore preparing to transfer from the Parallel Market to the Main Market of the Singapore Exchange (SGX). We need a specialist to conduct Financial Due Diligence (FDD) for this transaction. You will work alongside our other advisors to support the filing and regulatory review process with the Monetary Authority of Singapore (MAS) and the exchange. This involves analysing our financial performance to ensure readiness for the main board listing requirements. Deliverable: FDD report detailing financial findings and supporting materials for the filing. Engagement duration: 4-6 weeks.,,HIRER,Retail & Consumer,,industry_v1,2026-10-01T22:12:00,9.66,Standard,Problem first,none
kroll.com__en_publications_cyber_case-studies_elevating-global-mdr-with-crowdstrike.md,qwen3-vl:32b,Kroll (Duff & Phelps),,Assess and Plan Migration to CrowdStrike Falcon for MDR Service,"I run the cyber security operations team at a mid-sized managed security service provider in Singapore with 25 staff. We’re shifting from multiple legacy EDR and SIEM tools to a unified platform to improve detection speed and service consistency. We need someone to assess our current environments, map the migration path for one client’s endpoints and SIEM, and plan the onboarding process using CrowdStrike Falcon Complete. Deliverable: migration assessment report with a step-by-step plan for one client. Engagement duration: 3-4 weeks.",,HIRER,Cross-industry,,industry_v1,2026-10-01T22:12:00,11.97,Standard,Individual poster,named
kpmg.com__xx_en_our-insights_transformation_perspectives-on-managed-services_flying-high-html.md,qwen3.8:27b,KPMG,KPMG Managed Services,SaaS Optimization Strategy for Dynamics 365,"We are a mid-sized logistics firm in Singapore using Microsoft Dynamics 365 for operations. We have replaced legacy systems but now face process inefficiencies and staff workarounds that create tech debt. We need a specialist to review our current D365 configuration and data integrations to identify specific enhancements. The goal is to make modules more usable for our team and improve our ability to scale work order management without increasing downtime.

Deliverable: A concise SaaS optimization roadmap with prioritized configuration changes and integration fixes. Engagement duration: 4-6 weeks.",,HIRER,OTHER,,industry_v1,2026-10-01T22:12:05,9.57,Standard,Owner intro,none
kpmg.com__xx_en_client-stories_speeding-up-customers-grid-application-approvals-html.md,qwen3.8:27b,KPMG,,Design AI Workflow for Grid Connection Reviews,"We are a small electrical distribution firm in Singapore facing a surge in grid-connection applications from EV and solar customers. Our current manual review of technical diagrams and documents takes about a week per case, which is too slow. We need a specialist to design an automated review process using AI tools like KymChat and erwin that maintains our strict safety standards. The goal is to cut evaluation time to roughly 30 minutes per application without increasing staff. Deliverable: a workflow design document detailing the AI integration strategy. Engagement duration: 4-6 weeks.",,HIRER,Energy & Resources,,industry_v1,2026-10-01T22:12:03,12.88,Standard,Problem first,none
ey.com__en_gl_insights_consulting_how-mojo-fertility-is-helping-more-men-conceive.md,qwen3.6:35b,EY,EY Studio+,Review Mojo Home Kit packaging and logistics for sample viability,"We run a fertility testing startup in Singapore and we are launching a home sperm analysis kit. Men must mail their samples to a lab, but sperm degrades quickly and traditional courier delays risk invalidating results. We need an independent specialist to review our current logistics model and packaging concept to ensure samples arrive within a medically secure time window without adding complex mechanics. The work involves auditing the collection flask design and the shipping workflow to identify any points where sample integrity might fail, then recommending practical fixes that keep the experience simple for the user. Deliverable: written assessment of packaging and logistics risks with a prioritised list of design and operational fixes. Engagement duration: 3 weeks.",,HIRER,Healthcare,Retail & Consumer,industry_v1,2026-10-01T22:12:10,8.26,Standard,Owner intro,named
deloitte.com__us_en_what-we-do_case-studies_detroit-gets-moving-on-autonomous-vehicles-html.md,qwen3.6:35b,Deloitte,,Design accessible autonomous vehicle transport route,"A social enterprise in Singapore is planning a pilot transport service using autonomous shuttles to connect seniors and people with disabilities to healthcare, grocery stores, and community spaces. We need an expert to chart a specific service route that balances accessibility needs with operational feasibility. The specialist should engage with local residents and stakeholders to identify key stops and address concerns, ensuring the route serves a defined neighbourhood area effectively. Deliverable: a detailed route map and a community-engagement report justifying stop locations. Engagement duration: 4-5 weeks.",,HIRER,Public Sector,,industry_v1,2026-10-01T22:12:07,14.87,Standard,Context first,none
arup.com__projects_financial-data-centre-tower-2.md,qwen3-vl:32b,Arup,,Design Energy-Efficient Cooling System for Data Centre,"A data centre operator in Singapore is upgrading its cooling system to improve energy efficiency and support future expansion. The facility requires a specialist to design a water-based thermal energy storage (TES) cooling system using the water stratification principle, ensuring stable cold water supply for uninterrupted operations. The design must integrate with existing infrastructure and meet Tier IV reliability standards. Deliverable: detailed technical design for the TES cooling system, including diffuser layout and stratification verification via computational fluid dynamics (CFD) simulation. Engagement duration: 6-8 weeks.",,HIRER,Technology & Software,,industry_v1,2026-10-01T22:12:19,10.01,Standard,Context first,named
ey.com__en_gl_insights_consulting_why-manufacturing-equipment-doesnt-need-to-be-new-to-be-smart.md,qwen3.6:35b,EY,Cloud Consulting,IoT Architecture for Legacy Manufacturing Equipment,"We are a precision manufacturing firm with around 40 staff operating a single site in Singapore. Our shopfloor relies on 20-year-old machinery with proprietary protocols like OPC UA, causing frequent unplanned downtime and a reactive maintenance culture. We need to avoid costly equipment replacement and instead capture operational data to enable predictive maintenance. We need a specialist to assess our legacy systems, design a bespoke IoT edge module solution to translate proprietary data, and map the connection to a cloud platform like Azure for real-time dashboards and analytics. Deliverable: an IoT architecture design and technical specification for the edge-to-cloud data pipeline, including security checkpoints and dashboard KPI requirements. Engagement duration: 4-5 weeks.",,HIRER,Manufacturing,,industry_v1,2026-10-01T22:12:27,9.26,Minimal,Problem first,none
kpmg.com__xx_en_what-we-do_services_kpmg-client-stories_digital-transformation-and-disruption_sap-s4-hana-cloud-at-happilo-an-impl.md,qwen3-vl:32b,KPMG,KPMG in India,Stabilize SAP S/4HANA Cloud System for Food Ecommerce Brand,"We run a health food ecommerce brand in Singapore with multiple online and offline sales channels. We’ve started using SAP S/4HANA Cloud Public Edition but are struggling with system instability and unclear business process alignment. We need someone to review our current setup, identify and fix technical issues, and help streamline core processes like order fulfillment and inventory management. Deliverable: documented list of system issues resolved and process improvements implemented. Engagement duration: 4-6 weeks.",,HIRER,Food & Beverage,,industry_v1,2026-10-01T22:12:40,12.87,Standard,Problem first,none
thoughtworks.com__en-br_insights_microstories_un-women-the-gender-equality-comparison-program.md,qwen3-vl:32b,Thoughtworks,Thoughtworks China,Market Research Analysis for Women's Rights Organization,"We are a women's rights organization in Singapore with 15 staff, focused on supporting domestic workers. We’re planning to launch a digital platform to match domestic workers with households for fair and sustainable services. We need help analyzing the local market to understand user needs, competitors, and potential gaps. The specialist will conduct desk research, interview 5-7 stakeholders, and review existing service models. Deliverable: a short report with market insights, user personas, and recommendations for our platform. Engagement duration: 4-6 weeks.",,HIRER,Social Services & Non-profit,,industry_v1,2026-10-01T22:12:44,12.27,Standard,Owner intro,named
axiomlaw.com__resources_case-studies_clm-contracts-upload-publisher.md,qwen3-vl:32b,Axiom,,Tag and Upload 500 IP Licensing Agreements to CMS,"We are a small academic publisher in Singapore with 12 staff, managing a growing library of intellectual property licensing agreements. We need to digitize and standardize our contract records to support business decisions and IP monetization. We’re looking for someone to review, tag, and upload 500 existing agreements into our new contract management system (CMS), using consistent metadata fields for type, term, and rights. Deliverable: fully uploaded and categorized agreements in the CMS with a summary report of any anomalies or missing data. Engagement duration: 4-6 weeks.",,HIRER,Education,,industry_v1,2026-10-01T22:12:55,10.94,Standard,Owner intro,named
publicissapient.com__work_how-sonepar-powered-digital-transformation-and-innovation.md,qwen3.8:27b,Publicis Sapient,,Customer Journey Mapping for B2B Electrical Distributor,"We are a Singapore-based electrical distributor with roughly 30 staff serving local contractors. We are moving our online catalog and ordering process to a centralized platform to fix fragmented customer experiences. We need a specialist to map the current customer journey, from initial product discovery to final order placement, and identify key friction points where the experience drops off. The work should focus on aligning digital touchpoints with how our sales associates interact with clients, ensuring a seamless transition to the new system. Deliverable: a documented journey map with a prioritised list of improvement recommendations. Engagement duration: 3-4 weeks.",,HIRER,Logistics & Distribution,,industry_v1,2026-10-01T22:12:57,10.5,Standard,Problem first,none
erm.com__about_news_erm-develops-sdg-sector-roadmap-guidelines-with-wbcsd.md,qwen3.6:35b,ERM,,SDG Sector Roadmap Development for Chemical Manufacturing,"We are a Singapore-based chemical manufacturing company seeking to align our strategy with the UN Sustainable Development Goals. We need an independent specialist to apply the WBCSD’s SDG Sector Roadmap methodology to our operations. This involves establishing our current interaction with the SDGs across the value chain, identifying our most significant impact opportunities, and drafting a strategic plan with key action items and monitoring systems for our 2030 vision. Deliverable: A written sector roadmap document outlining the strategic action items. Engagement duration: 4-6 weeks.",,HIRER,Professional Services,,industry_v1,2026-10-01T22:12:56,11.16,Detailed,Owner intro,none
ey.com__en_au_insights_financial-services_asia-pacific_how-japan-leading-online-insurer-achieved-ambitious-growth.md,qwen3.8:27b,EY,,IFRS 17 Contract Cost Trial Calculation,"We are a Singapore-based online life insurer with 25 staff. We want to move from local GAAP to IFRS 17 to better show long-term profitability to investors, specifically by deferring initial contract acquisition costs. Before we commit to a full transition, we need to verify that these calculations work for our specific business model, where acquisition costs are mainly advertising spend. We need a specialist to perform trial calculations using our historical data to test different deferral patterns and confirm if IFRS 17 accurately reflects our financial position. Deliverable: a technical report detailing the trial calculations, validation of deferral assumptions, and a summary of the impact on periodic profit and loss. Engagement duration: 4-6 weeks.",,HIRER,Financial Services,,industry_v1,2026-10-01T22:12:56,11.59,Standard,Owner intro,none
aesg.com__portfolio-item_amaala-triple-bay-staff-village.md,qwen3-vl:32b,AESG,,Acoustics Assessment for Employee Accommodation Building,"We are a mid-sized construction and facilities management firm in Singapore that manages employee housing for a large project. We’re developing a new multi-storey accommodation block and need to ensure it meets local acoustic standards for comfort and compliance. We need someone to assess the building’s design for noise transmission between units and from external sources, using standard acoustic modelling tools and guidelines. They should review the proposed materials, layout, and façade design, and identify any gaps in sound insulation. Deliverable: written acoustic assessment report with recommendations for materials and design changes. Engagement duration: 3-5 weeks.",,HIRER,Construction & Real Estate,,industry_v1,2026-10-01T22:12:59,11.58,Standard,Owner intro,none
aesg.com__portfolio-item_crowne-plaza-hotel-salalah.md,qwen3.8:27b,AESG,,Sustainability Assessment for Hotel Refurbishment,We are a 150-room beachfront hotel in Singapore planning a major renovation to extend our facility's product life. We need a specialist to review our current environmental performance and identify sustainability upgrades that align with our refurbishment scope. The work focuses on assessing potential LEED certification options and integrating environmental considerations into the design strategy. Deliverable: a sustainability assessment report with recommended LEED strategies for the renovation. Engagement duration: 3-4 weeks.,,HIRER,Retail & Consumer,Construction & Real Estate,industry_v1,2026-10-01T22:13:06,12.29,Standard,Problem first,none
kroll.com__en_services_cyber_reactive-services_incident-response.md,qwen3.6:35b,Kroll,Cyber and Data Resilience,Ransomware Incident Response and Containment for SME,"We are a Singapore-based logistics company with about 50 staff. We recently detected signs of ransomware on our internal file servers and need to contain the threat immediately to stop lateral movement. We need a specialist to join our team, perform digital forensics to identify indicators of compromise, and eradicate the malware. This work must support our insurance claim and regulatory reporting under the Personal Data Protection Act (PDPA). Deliverable: incident containment report and system recovery plan. Engagement duration: 2-3 weeks.",,HIRER,Cross-industry,Technology & Software,industry_v1,2026-10-01T22:13:07,12.9,Standard,Problem first,none
aesg.com__portfolio-item_deira-waterfront-city.md,qwen3.6:35b,AESG,,Waste Management Strategy for Mid-Sized Mixed-Use Development,"I manage the facility planning for a mid-sized mixed-use development in Singapore with retail, residential, and hotel components. We are designing a pedestrian-friendly podium and need a specialist to develop a comprehensive waste management strategy for the site. This includes assessing current volumes and evaluating options for waste collection, including the feasibility of pneumatic waste collection systems for our centralised collection area.
Deliverable: Written waste management strategy document outlining collection logistics and a feasibility assessment of pneumatic systems. Engagement duration: 4-5 weeks.",,HIRER,OTHER,,industry_v1,2026-10-01T22:13:08,13.95,Standard,Individual poster,named
kpmg.com__xx_en_client-stories_strengthening-vargronns-operating-model-in-offshore-wind-html.md,qwen3.8:27b,KPMG,,SAP Cloud ERP Fit-to-Standard Assessment,"A renewable energy joint venture in Singapore with 30 staff needs to unify its fragmented financial systems. The current setup cannot support the transition from early development to large-scale operations, specifically for revenue processes, liquidity planning, and asset management. The team requires a specialist to apply the SAP Activate framework to map these six critical business areas to SAP Cloud ERP standard capabilities. This involves identifying immediate operational needs and ensuring the platform aligns with industry best practices for scalability. Deliverable: a fit-to-standard mapping document outlining standard capabilities versus required customisations. Engagement duration: 4-6 weeks.",,HIRER,Energy & Resources,,industry_v1,2026-10-01T22:13:07,15.42,Standard,Context first,named
kpmg.com__us_en_how-we-work_client-stories_state-govt-unnamed-client-story-html.md,qwen3.8:27b,KPMG,,ServiceNow ITSM Core Implementation Assessment,"We are the IT operations team at a mid-sized social service agency in Singapore. We need to modernize our internal support processes to better handle case data. Please assess our current workflows and map them to ServiceNow ITSM core modules, specifically service catalog, incident reporting, and problem management. Identify gaps in our existing manual procedures that ServiceNow can automate.
Deliverable: A gap analysis report and high-level configuration plan for ServiceNow ITSM core modules. Engagement duration: 3-4 weeks.",,HIRER,Public Sector,,industry_v1,2026-10-01T22:13:08,16.85,Minimal,Problem first,none
ey.com__en_gl_insights_consulting_how-to-accelerate-your-search-speed-with-natural-language-processing.md,qwen3.8:27b,EY,,Develop NLP Algorithm for Contract Compliance Search,"We are a healthcare compliance team in Singapore managing government-funded service agreements. Our analysts spend hundreds of hours manually searching unstructured PDF contracts for specific obligations, which is slowing our ability to respond to new bids. We need a specialist to build and fine-tune a natural language processing algorithm that uses OCR to parse these documents, extracts key obligations, and populates a searchable database. The system must distinguish between obligation markers (like 'shall' or 'must') and quantitative requirements to allow filtering by business function. Deliverable: a working NLP algorithm configured with a dictionary of approximately 450 critical search terms, tested for accuracy. Engagement duration: 4 months.",,HIRER,Healthcare,Financial Services,industry_v1,2026-10-01T22:13:11,21.33,Minimal,Owner intro,none
bdo.com__insights_advisory_case-study-athletic-performance-mobile-app.md,qwen3.6:35b,BDO,,Data Rights Audit for Loyalty Program Launch,"We run a mobile fitness app in Singapore and want to launch a loyalty programme, but we need to clarify our data rights first. Our consumer and user data sources have inconsistent consent terms, and we cannot build a unified profile under Singapore's PDPA without resolving these gaps. We need an independent specialist to map our current data flows, identify permissible use cases based on existing contracts and consent, and propose de-identification strategies where rights are unclear. Deliverable: a concise report detailing data rights inventory and a prioritised list of mitigation actions. Engagement duration: 4-6 weeks.",,HIRER,Technology & Software,Retail & Consumer,industry_v1,2026-10-01T22:13:30,8.12,Minimal,Problem first,named
kpmg.com__us_en_how-we-work_client-stories_cst-industries-powered-microsoft-dynamics-html.md,qwen3-vl:32b,KPMG,"KPMG US Advisory, Platforms",Review and Reconfigure Microsoft Dynamics 365 Inventory Module,"We are a precision components manufacturer with 35 staff in a factory in Jurong, Singapore. Our current Microsoft Dynamics 365 ERP system has inventory reconciliation issues, with physical stock counts often differing from system records by up to S$400,000 annually. We need someone to review our existing inventory management setup, identify gaps in configuration and process, and recommend changes to reduce discrepancies. The specialist should focus on the inventory and warehouse modules, assess current workflows, and suggest adjustments to improve accuracy. Deliverable: written assessment with configuration recommendations and a prioritised action plan. Engagement duration: 4-6 weeks.",,HIRER,Manufacturing,,industry_v1,2026-10-01T22:13:34,10.74,Minimal,Owner intro,named
arup.com__projects_pepsico-plant.md,qwen3.6:35b,Arup,,Whole Life Carbon Footprint Assessment for Manufacturing Plant,"We are a mid-sized food production facility in Singapore aiming for net-zero operations and circular economy compliance. We need a specialist to calculate our whole life carbon footprint, covering construction, operation, and deconstruction phases. The scope includes using BIM data to identify carbon hotspots, evaluating low-carbon material choices like steel with future reuse potential, and assessing energy efficiency measures such as waste heat recovery and on-site renewable generation. Deliverable: written report with carbon hotspots analysis and prioritised decarbonisation roadmap. Engagement duration: 4-5 weeks.",,HIRER,Food & Beverage,,industry_v1,2026-10-01T22:13:45,11.52,Minimal,Problem first,named
thoughtworks.com__en-th_insights_podcasts_pragmatism-in-practice_cio-interview-a-digital-mission-for-social-impact.md,qwen3-vl:32b,Thoughtworks,,Consolidate Email Campaigns into Single Marketing Platform,"We are a mid-sized nonprofit organisation in Singapore with 40 staff, focused on child welfare and fundraising. We currently use multiple email systems and processes, which leads to inconsistent messaging and donor confusion. We need someone to consolidate all our email campaigns into one marketing platform to ensure a consistent donor experience. The specialist will map our current email workflows, assess our existing tools, and design a migration plan to a single marketing cloud platform. They will also help define content prioritisation and messaging cadence to maintain engagement without overwhelming donors. Deliverable: migration plan with system recommendations, workflow diagrams, and a content prioritisation guide. Engagement duration: 4-6 weeks.",,HIRER,Social Services & Non-profit,,industry_v1,2026-10-01T22:13:47,10.77,Standard,Owner intro,none
mathematica.org__solutions_e2i-coach.md,qwen3-vl:32b,Mathematica,,Design Evaluation for Ed-Tech Tool in Primary School,"We run a primary school in Singapore and want to assess whether our new online learning platform is improving student engagement and progress. We need someone to help us design a simple evaluation using real classroom data, comparing students who use the tool with a similar group who don’t. The specialist will guide us through setting up the evaluation, selecting outcomes, and using the e2i Coach platform to analyze results. Deliverable: a short report with evaluation findings and recommendations for next steps. Engagement duration: 3-4 weeks.",,HIRER,Education,Public Sector,industry_v1,2026-10-01T22:13:57,9.94,Standard,Problem first,none
westmonroe.com__client-results_accelerated-tracking-enhanced-impact-completed-12-weeks-early.md,qwen3.8:27b,West Monroe,,User research and scenario mapping for logistics tracking,"We are a small logistics provider in Singapore with 15 staff. Our current shipment tracking process is manual and can’t keep up with our growth. We need a specialist to design the user experience for our new digital track-and-trace feature before we start development.

Please create user personas and map out the key tracking scenarios our customers and staff will use. This will ensure our developers build the right MVP. 

Deliverable: four user personas and 18 detailed scenario maps. 
Engagement duration: 3-4 weeks.",,HIRER,Logistics & Distribution,,industry_v1,2026-10-01T22:14:02,6.7,Standard,Problem first,none
fticonsulting.com__insights_case-studies_leveraging-ai-optimize-costs-workflows-ad-firm.md,qwen3.6:35b,FTI Consulting,,Review Ad Firm AI Cost-Optimization Use Cases,"We are a local advertising solutions provider in Singapore and want to drive cost transformation across our lead-to-cash operating model using AI. We need a specialist to analyze our end-to-end RFP-to-cash processes and identify high-impact, cost-optimizing AI use cases. The work involves assessing workflow applicability across functional units and validating where automation can reduce one-time development costs. Deliverable: a prioritized list of validated AI use cases with a cost-savings assessment. Engagement duration: 3-4 weeks.",,HIRER,Professional Services,,industry_v1,2026-10-01T22:13:59,10.66,Standard,Owner intro,named
ey.com__en_au_insights_financial-services_transforming-a-private-bank-for-customer-centricity-and-innovation.md,qwen3-vl:32b,EY,EY Global Wealth & Asset Management,Design Customer-Centric Wealth Advisory Model for Private Bank,"We are a private banking firm in Singapore with 30 staff, serving high-net-worth clients. We need to shift from a product-focused to a client-goal-focused advisory model to improve customer satisfaction and retention. We want someone to help us design a goal-based advisory framework that integrates client life events, financial goals, and asset holdings into a unified view. This includes reviewing client data sources, identifying key client segments, and creating a simple advisory model with clear steps for advisors to follow. Deliverable: a 15-page advisory model document with client segmentation, goal mapping, and workflow for advisors. Engagement duration: 4-6 weeks.",,HIRER,Financial Services,,industry_v1,2026-10-01T22:13:58,16.18,Standard,Owner intro,none
aesg.com__portfolio-item_dubai-duty-free.md,qwen3.8:27b,AESG,,MEP Condition Survey for Retail Warehouse,"We are a duty-free retailer operating a bonded warehouse and office facility in Singapore. We need a definitive record of our existing building services assets to support our maintenance planning. The scope covers a condition survey of Mechanical, Electrical, and Plumbing (MEP), Electronic and Low Voltage (ELV), and Fire and Life Safety (FLS) equipment and installations. We require a specialist to inspect the systems and document their current state and location.
Deliverable: A written condition survey report detailing the status of all MEP, ELV, and FLS assets.
Engagement duration: 4-6 weeks.",,HIRER,Retail & Consumer,,industry_v1,2026-10-01T22:14:07,10.93,Standard,Owner intro,named
rsmus.com__insights_services_business-tax_should-you-consider-an-employee-stock-ownership-plan-esop-html.md,qwen3.6:35b,RSM US,,ESOP Viability Assessment for SME Succession,"We are a family-owned precision manufacturing firm in Singapore with 40 employees and a strong culture of employee retention. We are considering transitioning ownership to our staff to ensure business continuity, but our directors lack the in-house expertise to evaluate if this structure suits our financial profile. We need an independent specialist to review our current profitability history, average employee tenure, and payroll-to-value ratio to determine if an Employee Stock Ownership Plan is financially feasible for us. The specialist must model potential cash flow impacts to ensure we can sustain the required contributions and funding distributions for leavers.
Deliverable: written viability report with cash flow projections and a prioritised recommendation on proceeding. Engagement duration: 3-4 weeks.",,HIRER,Cross-industry,,industry_v1,2026-10-01T22:14:07,14.59,Detailed,Owner intro,none
kpmg.com__xx_en_our-insights_ai-and-technology_cybersecurity-considerations-2025_energy-natural-resources-chemicals-html.md,qwen3.6:35b,KPMG,Cybersecurity and AI,Business Continuity Playbook for Energy Distributor,"We are a Singapore-based energy distributor facing the risk of total IT capability loss. We need an independent specialist to review our current recovery processes and create a comprehensive incident response playbook with detailed, step-by-step instructions for rebuilding our IT systems from zero. The specialist must also design a simple tool or framework to help us accurately reclassify and identify our most business-critical applications, ensuring our Business Impact Analyses (BIAs) are up to date. Deliverable: a complete recovery playbook and an application criticality assessment tool. Engagement duration: 4-6 weeks.",,HIRER,Energy & Resources,Technology & Software,industry_v1,2026-10-01T22:14:09,14.67,Standard,Problem first,none
aesg.com__portfolio-item_grand-marina-intercontinental-hotel.md,qwen3.6:35b,AESG,,Waste Management Strategy for Boutique Hotel,"A 50-room boutique hotel in Singapore is renovating its F&B and guest areas and needs a compliant waste management plan. The owner requires a strategy that maps all waste streams—food, recyclables, and general—to ensure proper segregation and disposal, similar to international hotel standards. The consultant must identify the key waste categories, define collection procedures, and recommend disposal partners that meet local environmental requirements.

Deliverable: written waste management strategy document outlining segregation protocols and disposal targets. Engagement duration: 3-4 weeks.",,HIRER,OTHER,,industry_v1,2026-10-01T22:14:09,14.41,Standard,Context first,none
ey.com__en_gl_insights_consulting_what-going-digital-means-for-takeda.md,qwen3.8:27b,EY,,Process Automation Assessment for Invoice Handling,"We are a mid-sized healthcare distributor in Singapore handling hundreds of supplier invoices monthly. Our manual entry and reconciliation process is slow and error-prone, straining supplier relationships. We need a specialist to map our current invoice-to-pay workflow and identify specific steps suitable for Robotic Process Automation (RPA) and Optical Character Recognition (OCR). Focus on the manual data entry and validation tasks that cause delays. Deliverable: a prioritised list of automation candidates with estimated efficiency gains. Engagement duration: 3-4 weeks.",,HIRER,Healthcare,Technology & Software,industry_v1,2026-10-01T22:14:14,9.75,Standard,Problem first,none
kpmg.com__us_en_how-we-work_client-stories_state-of-florida-client-story-html.md,qwen3-vl:32b,KPMG,KPMG Florida Lead Account Partner,Disaster Recovery Financial Model for Government Emergency Response,"We are the emergency management team for a Singapore-based government agency responsible for disaster response. We need help building a financial model to estimate and plan for recovery costs after a major storm, based on past events. The model should help us assess budget needs, prioritize vendor payments, and track funding from local and national sources. We’ll use data from previous recovery operations to build and validate the model. Deliverable: financial model with cost projections and funding application guidance. Engagement duration: 4-6 weeks.",,HIRER,Public Sector,,industry_v1,2026-10-01T22:14:11,21.89,Standard,Owner intro,none
bdo.com__insights_advisory_how-bdo-helped-a-global-technology-services-provider-create-a-crisis-management-team.md,qwen3.8:27b,BDO,,Draft Crisis Response Plan for IT Firm,"A Singapore-based technology services provider with 80 staff is struggling with a reactive approach to operational disruptions. As a critical infrastructure support entity, it needs to formalize its decision-making processes to protect employees while maintaining service continuity during emergencies like pandemics. The specialist needs to design a crisis response structure that incorporates intelligence gathering and formalized protocols. Deliverable: a written crisis response plan including policy frameworks and a decision-making protocol. Engagement duration: 4-6 weeks.",,HIRER,Technology & Software,,industry_v1,2026-10-01T22:14:32,11.66,Standard,Context first,none
kpmg.com__xx_en_client-stories_advancing-esg-compliance-and-value-with-sap-technology-html.md,qwen3.6:35b,KPMG,,ESG Data Gap Analysis for Sustainability Reporting,"We are a precision manufacturing firm in Singapore planning to adopt SAP Sustainability Control Tower for our environmental data. Our current processes struggle to consolidate carbon metrics across disparate systems, making accurate Scope 3 emissions tracking and audit-ready reporting difficult. We need an independent specialist to review our existing data flows against standard sustainability frameworks, identify gaps in our carbon accounting, and map out the necessary technical adjustments to ensure we can collect trusted data for regulatory disclosure. Deliverable: a written gap analysis report detailing data deficiencies and a prioritised action plan for compliance. Engagement duration: 4-5 weeks.",,HIRER,Manufacturing,,industry_v1,2026-10-01T22:14:35,20.61,Standard,Problem first,named
bdo.com__insights_advisory_guiding-a-national-food-supplier-through-a-major-recall-event.md,qwen3.6:35b,BDO,,Food Recall Exposure Analysis and Insurance Recovery Plan,"We are a medium-sized food manufacturer and supplier in Singapore. After identifying a contaminated ingredient in our supply chain, we need an expert to help us manage the financial and insurance side of a product recall. We require someone to conduct a loss exposure analysis to estimate potential damages from downstream distributors and third-party claims. The specialist must align these estimates with our existing insurance policies to maximize recovery potential. Deliverable: a written exposure analysis report and a prioritised action plan for insurance claims submission. Engagement duration: 4-6 weeks.",,HIRER,Food & Beverage,,industry_v1,2026-10-01T22:14:50,8.33,Standard,Owner intro,none
thoughtworks.com__insights_microstories_un-women-the-gender-equality-comparison-program.md,qwen3-vl:32b,Thoughtworks,,Market Research for Women's Rights Organization in Singapore,"We are a women's rights organization in Singapore with 15 staff, focused on advancing gender equality through community programs and advocacy. We need help conducting market research to understand local demand and gaps in services for women in our target communities. The work involves designing a research plan, gathering and analyzing data from community surveys and stakeholder interviews, and identifying key insights to inform our program development. Deliverable: research report with findings, analysis, and actionable recommendations. Engagement duration: 4-6 weeks.",,HIRER,Social Services & Non-profit,,industry_v1,2026-10-01T22:14:51,10.67,Standard,Owner intro,none
grantthornton.com__insights_articles_advisory_2024_common-missteps-that-undermine-loyalty-strategies.md,qwen3.6:35b,Grant Thornton,,Loyalty program customer behavior analysis,"We run a six-outlet fast-casual restaurant chain in Singapore and our loyalty program is costing us money without driving growth. We need an independent specialist to review our last two years of transaction data, identify why most members have low frequency and why reward redemption is misaligned, and recommend a customer-centric segmentation strategy that improves engagement. Deliverable: short report with behavioral insights and prioritised strategy recommendations. Engagement duration: 4 weeks.",,HIRER,Professional Services,,industry_v1,2026-10-01T22:15:02,13.63,Minimal,Owner intro,none
aesg.com__portfolio-item_assoufid.md,qwen3.8:27b,AESG,,Waste Strategy Review for Boutique Hotel,"I manage a boutique hotel with villas and leisure facilities in Sentosa. Before finalising our build, we need a waste management consultant to review our current design. Please calculate waste generation, check the design against NEA guidelines and best practice, and recommend how to streamline servicing and reduce environmental impact. Deliverable: a waste strategy report with optimization recommendations. Engagement duration: 3-4 weeks.",,HIRER,Construction & Real Estate,,industry_v1,2026-10-01T22:15:05,11.74,Standard,Individual poster,named
aesg.com__portfolio-item_ikea-dubai-2.md,qwen3-vl:32b,AESG,,Energy Model for New Retail Store in Singapore,"We are a mid-sized retail operator in Singapore planning a new 30,000 sqm store in a mixed-use development. We need to assess the building’s energy performance before construction starts. We require someone to create an energy model for the store, using standard simulation tools, to predict energy use and identify efficiency opportunities. This is part of our sustainability planning and to meet BCA Green Mark requirements. Deliverable: energy model report with performance metrics and efficiency recommendations. Engagement duration: 4-6 weeks.",,HIRER,Retail & Consumer,Construction & Real Estate,industry_v1,2026-10-01T22:15:07,11.21,Standard,Owner intro,none
thoughtworks.com__en-th_insights_podcasts_technology-podcasts_integration-erp-heavy-world-pt1.md,qwen3.8:27b,Thoughtworks,,Define API strategy for legacy ERP integration,I run IT for a 30-person logistics firm and our legacy ERP is too complex for our team to build new capabilities on top of. We need a specialist to run an event storming session with our SMEs to identify core business domains and define an API strategy that abstracts the ERP complexity. This will allow us to expose reusable capabilities without deep ERP knowledge. Deliverable: a domain map and high-level API design document. Engagement duration: 3-4 weeks.,,HIRER,Cross-industry,,industry_v1,2026-10-01T22:15:09,15.18,Minimal,Individual poster,none
aesg.com__portfolio-item_isfahan-hotel-and-hospitality-academy.md,qwen3.6:35b,AESG,,Facade Consultancy for Boutique Hotel,"We are a boutique hotel developer in Singapore planning a new property and need expert facade consultancy to guide our design. Our architect requires guidance on envelope performance and material selection for a medium-rise building with significant glazing. We need a specialist to review the architectural intent, assess thermal and visual comfort implications, and advise on facade detailing that suits the local tropical climate and BCA guidelines.

Deliverable: written facade strategy report with performance recommendations.
Engagement duration: 3-4 weeks.",,HIRER,OTHER,,industry_v1,2026-10-01T22:15:16,10.03,Minimal,Owner intro,none
kpmg.com__xx_en_what-we-do_services_kpmg-client-stories_digital-transformation-and-disruption_enagas-renovable-html.md,qwen3.6:35b,KPMG,KPMG in Spain,SAP Cloud ERP Selection and Requirements Mapping,"We are a mid-sized renewable energy developer managing a portfolio of over 20 projects. We have relied on business process outsourcing for core operations, but expanding plans require us to regain control over financial and operational data. We need to move away from fragmented systems to a centralized, secure platform that supports growth without heavy customization.

We need a specialist to audit our current business processes and technological ecosystem to define clear requirements for a new Enterprise Resource Planning (ERP) system. The solution must be suitable for a Greenfield implementation, favoring standard pre-configured processes (like SAP Cloud ERP) over custom code to ensure agility and easier future upgrades. The specialist will map our key workflows and recommend a system that integrates contract management and data analytics capabilities.

Deliverable: A business requirements document and functional specification outlining process gaps and recommended ERP capabilities.
Engagement duration: 4-6 weeks.",,HIRER,Energy & Resources,,industry_v1,2026-10-01T22:15:16,10.38,Detailed,Problem first,none
ey.com__en_au_insights_insurance_redefining-insurance-industry-using-digital.md,qwen3.6:35b,EY,,Cloud-First IT Strategy for Spin-off NewCo,"We are a general insurance agency with 40 staff preparing to spin off as an independent NewCo. We need a specialist to design a lean, cloud-first technology strategy that allows us to separate core systems like policy administration from our former parent. The goal is to achieve low-cost, simple customer interactions while meeting MAS regulatory requirements. 

We need you to assess our current architecture, prioritize which services to move to SaaS or cloud environments, and define a future-state roadmap. This involves creating vendor selection criteria for non-strategic functions and developing a high-level implementation plan focused on simplicity and transparency.

Deliverable: written strategy report with prioritised cloud migration roadmap and vendor selection framework.
Engagement duration: 4-6 weeks.",,HIRER,Financial Services,,industry_v1,2026-10-01T22:15:02,24.92,Detailed,Owner intro,none
kpmg.com__us_en_how-we-work_client-stories_transforming-how-californians-access-employment-services-html.md,qwen3.8:27b,KPMG,,Assess Customer Journey for Benefits Application System,"We are a government agency in Singapore managing unemployment and employment benefits. During the pandemic, our legacy systems struggled with surging demand, making it hard for residents to navigate applications and access aid. We need a specialist to review our current client experience and identify friction points in the application process. Focus on language accessibility and interface usability for our diverse user base.

Deliverable: a gap analysis report highlighting specific usability issues and a prioritised list of low-code improvements to streamline the application flow. Engagement duration: 4-6 weeks.",,HIRER,Public Sector,,industry_v1,2026-10-01T22:15:17,12.89,Standard,Problem first,named
kpmg.com__us_en_how-we-work_client-stories_sevita-client-story-html.md,qwen3-vl:32b,KPMG,KPMG LLP,Financial Due Diligence for One Acquired Healthcare Provider,"We are a home and community-based healthcare provider in Singapore with 15 clinics and 300 staff, expanding through acquisitions. We’re acquiring a small, family-run care service in the next 60 days and need help assessing its financial health before closing. We need someone to review its financial records, revenue streams, and payroll for the last 12 months, check for compliance with MOH and PDPA, and flag any red flags or integration risks. Deliverable: written financial due diligence report with key findings and risk assessment. Engagement duration: 3-4 weeks.",,HIRER,Healthcare,,industry_v1,2026-10-01T22:15:19,12.5,Standard,Problem first,none
bdo.com__insights_case-studies_case-study-athletic-performance-mobile-app.md,qwen3.6:35b,BDO,,Review data rights for mobile app loyalty programme,"We run a fitness mobile app and apparel retail operation in Singapore, and we are preparing to launch a global loyalty programme. We hold various customer data from multiple sources, but we are unsure if we have the correct rights to merge this into a Unified Consumer Profile (UCP). We need a specialist to review our contractual, regulatory, and consent-based data rights to identify permissible use cases and paths to acquire new rights legally. We are specifically worried about compliance with Singapore’s Personal Data Protection Act (PDPA) when handling consumer data for monetisation. Deliverable: gap analysis of current data rights and a prioritised action list for compliant data consolidation. Engagement duration: 3-4 weeks.",,HIRER,Technology & Software,,industry_v1,2026-10-01T22:15:31,10.49,Standard,Problem first,none
kpmg.com__xx_en_client-stories_data-led-cost-reduction-and-throughput-improvement-for-a-non-ferrous-metal-producer-html.md,qwen3.6:35b,KPMG,"Advisory / Industrial Automation, Intelligence and Digitalisation",Diagnostic review of power optimization for manufacturing operations,"We are a small non-ferrous metal producer in Singapore facing pressure to stabilize monthly production and reduce costs. Our current power load balancing between renewable sources and captive power plants is ineffective, impacting consistency. We need a specialist to diagnose these inefficiencies and assess how digital tools could optimize power consumption and CPP flexibilization. Deliverable: written assessment of power optimization gaps and prioritised action list. Engagement duration: 3-4 weeks.",,HIRER,Manufacturing,Energy & Resources,industry_v1,2026-10-01T22:15:42,8.38,Minimal,Owner intro,none
bdo.com__insights_advisory_interim-financial-management-a-case-study.md,qwen3.6:35b,BDO,"BDO Consulting Group, LLC",Review Month-End Close and Standard Cost Process,"We run a small food and beverage manufacturing business in Singapore and are struggling with our financial planning. Our month-end close takes too long, and our standard cost roll-forward doesn’t capture current commodity price shifts, making it hard to see real contribution margins by product. We need someone to review our current close timeline and cost accounting methods, then recommend specific operational steps to reduce close timing and incorporate recent inflation data into our standard costs. Deliverable: short report on close timeline gaps and a recommended process for standard cost roll-forward. Engagement duration: 3-4 weeks.",,HIRER,Food & Beverage,,industry_v1,2026-10-01T22:15:57,6.76,Standard,Problem first,none
mathematica.org__news_education-project-overview.md,qwen3-vl:32b,Mathematica,,Design Rapid-Cycle Evaluation Toolkit for EdTech,"We are a small educational technology provider in Singapore, serving five schools in the Tampines area. We’ve launched a new learning app but need evidence on its effectiveness quickly to inform our next steps. We need someone to design a low-cost, quick-turnaround evaluation framework for our app, using a web-based, interactive toolkit that schools can use easily. The toolkit should help them collect and interpret student engagement and learning outcomes data in under four weeks. Deliverable: a prototype toolkit with user instructions and evaluation templates. Engagement duration: 6-8 weeks.",,HIRER,Education,,industry_v1,2026-10-01T22:16:07,10.59,Minimal,Owner intro,named
grantthornton.com__insights_articles_audit_2021_how-our-teams-drive-audit-innovation-and-efficiency.md,qwen3.8:27b,Grant Thornton,,Automate Audit Data Preparation Workflows,We are a mid-sized manufacturing company in Singapore. Our finance team currently spends two weeks manually preparing data before every audit because our accounting system does not feed directly into the required financial statement disclosures and workpapers. We need a specialist to map our current data flow and design custom automated workflows to replace this manual process. The goal is to reduce preparation time and improve the quality of our audit inputs. Deliverable: a workflow design document outlining the automated data extraction and mapping process. Engagement duration: 3-4 weeks.,,HIRER,Professional Services,,industry_v1,2026-10-01T22:16:09,8.72,Standard,Owner intro,none
pwc.com__us_en_library_case-studies_columbia-insurance-guidewire-cloud-modernization-case-study-html.md,qwen3-vl:32b,PwC,,Assess Core System Modernization Path for Insurance Carrier,"A general insurance agency in Singapore with 40 staff is evaluating its legacy core systems, which are slowing down policy and claims processing. The agency wants to modernize without the long timelines and high costs of a full rebuild. It needs someone to review its current systems, assess the feasibility of reusing a mature Guidewire Cloud InsuranceSuite configuration, and recommend a focused modernization approach. The specialist should identify key customizations to preserve and areas to simplify, aligning with the agency’s operations and MAS licensing requirements. Deliverable: short assessment report with recommended modernization path and prioritized actions. Engagement duration: 3-5 weeks.",,HIRER,Financial Services,,industry_v1,2026-10-01T22:16:08,11.05,Standard,Context first,none
aesg.com__portfolio-item_qiddiya-six-flags.md,qwen3-vl:32b,AESG,,Acoustics Assessment for Themed Amusement Park Ride,"We are a small amusement park operator in Singapore planning a new themed ride with loud attractions. We need to assess the noise levels to ensure they meet local environmental guidelines and don’t disturb nearby residents. We want someone to measure sound emissions from the ride during operation, compare them against Singapore’s environmental noise standards, and recommend any necessary soundproofing or operational adjustments. Deliverable: written acoustics assessment report with noise measurement data and mitigation recommendations. Engagement duration: 3-4 weeks.",,HIRER,Retail & Consumer,Construction & Real Estate,industry_v1,2026-10-01T22:16:18,9.36,Detailed,Owner intro,none
kpmg.com__us_en_insights-by-industry_insights-healthcare-life-sciences-html.md,qwen3.6:35b,KPMG,Customer Advisory,Develop sales partner scoring and onboarding process,We are a medical technology firm in Singapore preparing to scale through an expanded indirect channel. We need a specialist to help us define the criteria for selecting business partners and operationalise the onboarding process so we can begin conducting business rapidly. The work involves identifying the qualities we value most in potential partners and translating those into a practical scoring model and templates for our internal use. Deliverable: an end-to-end strategy document containing the partner selection scoring model and onboarding templates. Engagement duration: 4-5 weeks.,,HIRER,Healthcare,,industry_v1,2026-10-01T22:16:23,6.66,Detailed,Problem first,none
thoughtworks.com__insights_articles_transforming-sustainability-in-your-supply-chain.md,qwen3.8:27b,Thoughtworks,,Carbon Emissions Scenario Model for Logistics,"A mid-sized Singapore manufacturer with 120 staff is under pressure to cut supply chain emissions but lacks in-house data science support. The company needs a specialist to model its transport and raw material processes to find the most cost-effective reduction path. The work involves creating a mathematical simulation using historical cost and emission data, plus input from operations managers. The model should allow testing different scenarios, such as switching to electric vehicles or greener energy sources, to see their impact on both carbon output and financial costs. Deliverable: a working digital simulator with a dashboard showing predicted emissions and costs for adjusted scenarios. Engagement duration: 6-8 weeks.",,HIRER,Cross-industry,,industry_v1,2026-10-01T22:16:19,12.78,Standard,Context first,none
arup.com__projects_porthcawl-sandy-bay-coastal-scheme.md,qwen3-vl:32b,Arup,,Assess Coastal Flood Risk for Western Breakwater,"We are a coastal town council in Singapore managing a 100m-long seafront promenade with an ageing breakwater structure. Rising sea levels and stronger storms are increasing flood risk, and we need to assess the structural integrity and flood protection capacity of the breakwater. We require someone to review historical data, conduct a site survey using drone and lidar, and model wave impacts to identify vulnerabilities. Deliverable: technical report with risk assessment, structural weaknesses, and recommended repairs. Engagement duration: 4-6 weeks.",,HIRER,OTHER,,industry_v1,2026-10-01T22:16:20,12.0,Minimal,Owner intro,none
accenture.com__news_2025_accenture-and-apptio-team-up-with-ppl-to-unlock-deeper-technology-spending-insights.md,qwen3.8:27b,Accenture,,FinOps Maturity Assessment for Utility IT Team,"We are the IT finance operations team at a Singapore-based utility provider managing electricity and gas services for roughly 40,000 customers. As we shift from legacy systems to a hybrid cloud environment, our traditional finance tools fail to track decentralized, usage-based technology spending effectively. We need an assessment of our current technology financial management practices to identify gaps in visibility and control. Please evaluate our hybrid cloud spending visibility and investment tracking capabilities. Deliverable: a FinOps maturity assessment report with prioritised recommendations for improving spending predictability. Engagement duration: 3-4 weeks.",,HIRER,Energy & Resources,,industry_v1,2026-10-01T22:16:19,13.5,Standard,Problem first,none
bain.com__es-es_industry-expertise_social-impact-consulting_public-sector.md,qwen3.8:27b,Bain & Company,,Skills Gap Assessment for Creative Sector,"I lead a government-funded cultural body in Singapore supporting film, fashion, and culinary creators. Our current capital allocation is inefficient, with much of it sitting idle. I need a specialist to assess the current state of our funding ecosystem and map the value chain for one specific sub-sector, such as film. This involves reviewing our internal capital data and estimating the funding gap against industry standards. The goal is to understand where private co-investment is lacking and how to better direct resources. Deliverable: a written assessment including a value chain map and a quantified funding gap estimate. Engagement duration: 4-6 weeks.",,HIRER,Public Sector,,industry_v1,2026-10-01T22:16:23,13.67,Standard,Individual poster,none
bdo.com__insights_case-studies_how-bdo-helped-a-global-technology-services-provider-create-a-crisis-management-team.md,qwen3-vl:32b,BDO,,Design Crisis Response Framework for Tech Services Firm,"I run a technology services company in Singapore with 35 staff and 3 offices. We’ve faced several service disruptions and lack a formal crisis response plan. We need someone to design a basic crisis management framework, including roles, decision-making processes, and initial communication protocols, so we can respond better to future disruptions. The specialist should use our existing internal comms tools and align with local workplace safety rules from MOM. Deliverable: a simple crisis response framework document with roles, escalation paths, and initial playbooks. Engagement duration: 3-5 weeks.",,HIRER,Technology & Software,,industry_v1,2026-10-01T22:16:36,12.22,Standard,Individual poster,none
kpmg.com__xx_en_what-we-do_services_kpmg-client-stories_digital-transformation-and-disruption_merino-html.md,qwen3.6:35b,KPMG,Management Consulting,SAP S/4HANA Cloud Implementation Planning for Manufacturing,"We are a precision components maker with 35 workers in Jurong. Multiple customizations have made our current systems complicated, resulting in non-standard practices and manual data reconciliation with third-party systems that leads to errors. We need to modernize our technology to improve back-office deliverables and provide superior visibility across the supply chain. We require a specialist to assess our current setup and plan an SAP S/4HANA Cloud implementation to standardize processes and automate recurring activities. Deliverable: a prioritized implementation roadmap for SAP S/4HANA Cloud including system architecture recommendations. Engagement duration: 4-6 weeks.",,HIRER,Manufacturing,,industry_v1,2026-10-01T22:16:46,10.24,Standard,Owner intro,named
bdo.com__insights_case-studies_case-study-400m-food-beverage-company.md,qwen3.8:27b,BDO,BDO Consulting Group,Standard Cost Roll-Forward and Inflation Adjustment,"We are a 150-person food and beverage manufacturer in Singapore. We need to update our standard cost development process to include projected inflation on critical commodities. This will allow us to identify real contribution margins by product and support upcoming customer price reviews.
Deliverable: Updated standard cost model incorporating commodity inflation and a report on product contribution margins. Engagement duration: 3-4 weeks.",,HIRER,Food & Beverage,,industry_v1,2026-10-01T22:17:02,6.7,Minimal,Owner intro,named
bridgespan.org__insights_community-driven-change-africa-and-india_self-reliant-initiatives-through-joint-action-srijan-case-study.md,qwen3.6:35b,The Bridgespan Group,Bridgespan (Leadership),Assess Community Collective Model for Local NGO,"We are a small social enterprise in Singapore supporting migrant workers, focusing on financial literacy and livelihood skills. We want to replicate the 'SRIJAN' model where community collectives (self-help groups) manage their own savings and decision-making. However, we need a specialist to review our current pilot group of 15 women. Specifically, we need someone to map out the governance structure and financial flows to ensure they are moving towards self-reliance without our direct capital injection. Deliverable: A governance and financial independence roadmap for our pilot group. Engagement duration: 4-6 weeks.",,HIRER,Social Services & Non-profit,,industry_v1,2026-10-01T22:17:03,10.11,Standard,Owner intro,none
opml.co.uk__projects_assessing-equip-t.md,qwen3.8:27b,Oxford Policy Management,,Design Fiscal Affordability Study for School Programme,"We are an education non-profit running a pilot school improvement programme in Singapore, funded by a major development partner. Before we propose expanding the model to additional districts, we need to know if the costs are sustainable. We need a specialist to conduct a fiscal affordability study, assessing the overall and per-component costs of our current operations. This will help us determine if we can realistically scale the programme without exceeding our budget. Deliverable: a written fiscal affordability report with cost breakdowns and feasibility analysis. Engagement duration: 4-6 weeks.",,HIRER,Education,,industry_v1,2026-10-01T22:17:09,11.57,Standard,Problem first,none
bdo.com__insights_advisory_how-a-destination-resort-recovered-from-a-devastating-flood.md,qwen3.6:35b,BDO,,Rebuild Business Interruption Claim Model,"We are a hospitality operator in Singapore with a small management team, and we have experienced unexpected downtime that is affecting our revenue projections. We need an independent specialist to review our current business interruption calculations and rebuild a robust financial model from scratch. The work involves methodically analysing property damage, extra expenses, and lost income data to create a valuation that is defensible and withstands scrutiny from insurance forensic accountants. We require a clear, detailed breakdown of figures to support our claim submission. Deliverable: a comprehensive, fully supported financial model of the business interruption claim. Engagement duration: 3-4 weeks.",,HIRER,Retail & Consumer,,industry_v1,2026-10-01T22:17:15,8.42,Standard,Owner intro,none
aesg.com__portfolio-item_bay-extension-avenue.md,qwen3.8:27b,AESG,,Environmental Baseline Study for New Development,"We are a small property developer in Singapore preparing to build a mixed-use commercial complex on a 7,000 sqm site. Before submitting our building application, we need to complete the required environmental baseline studies and secure clearance from the National Environment Agency (NEA). We are hiring an environmental consultant to conduct the baseline assessments, prepare the Environmental Impact Assessment summary, and manage the submission process to NEA for the environmental permit.
Deliverable: completed environmental baseline reports and the secured environmental clearance certificate. Engagement duration: 4-6 weeks.",,HIRER,Construction & Real Estate,Energy & Resources,industry_v1,2026-10-01T22:17:14,15.33,Standard,Owner intro,none
thoughtworks.com__library_is-paper-reviewed-llm-benchmarking-ai-text-detection.md,qwen3-vl:32b,ThoughtWorks,ThoughtWorks AI Labs,Benchmark AI Text Detection for Peer Reviews,"We are a research team in Singapore working on academic integrity tools. We need someone to evaluate how well existing AI text detection tools can identify LLM-generated peer reviews. We have a dataset of 788,984 AI-written peer reviews paired with human-written ones from two major AI conferences. The specialist must test 18 existing detection algorithms on this data, assess their accuracy, and explore a context-aware method called Anchor that uses manuscript content to detect AI-generated reviews. Deliverable: report with detection performance analysis, limitations, and recommendations for improving detection. Engagement duration: 6-8 weeks.",,HIRER,Cross-industry,,industry_v1,2026-10-01T22:17:17,14.11,Standard,Owner intro,none
alvarezandmarsal.com__case-study_alvarez-and-marsal-advises-on-landmark-9bn-uk-restructuring-plans-for-new-fortress-energy.md,qwen3-vl:32b,Alvarez & Marsal,Global Restructuring & Turnaround,Assess Debt Restructuring Options for Energy Infrastructure Group,"I run the finance operations team at a Singapore-based energy infrastructure company with 35 staff, operating natural gas and LNG assets. We’re facing financial pressure and need to explore restructuring options for our debt, which totals around S$300 million. We need someone to review our current debt structure, assess potential restructuring frameworks under Singapore and UK insolvency rules, and evaluate the feasibility of a consensual debt exchange. Deliverable: written assessment with recommended restructuring approach and key risks. Engagement duration: 4-6 weeks.",,HIRER,Energy & Resources,,industry_v1,2026-10-01T22:17:21,11.58,Standard,Individual poster,none
arup.com__projects_south-west-water-team-development.md,qwen3.8:27b,Arup,People and organisations,Emotional Intelligence Training for Water Operations Team,Our wastewater operations team in Jurong struggles with siloed working and inconsistent decision-making under high regulatory pressure. We need a specialist to design and deliver a practical emotional intelligence workshop based on Goleman’s and Druskat’s frameworks. Focus on building individual EI skills and embedding team norms like check-ins and structured decision logs to improve trust and accountability. Deliverable: delivered training sessions and a set of operational team norms. Engagement duration: 4-6 weeks.,,HIRER,OTHER,,industry_v1,2026-10-01T22:17:22,12.08,Standard,Problem first,named
kpmg.com__xx_en_client-stories_advancing-trusted-ai-adoption-in-healthcare-html.md,qwen3-vl:32b,KPMG,KPMG in the US,Develop AI Governance Framework for Medicaid Agency,"We are a state Medicaid agency in Singapore with 150 staff, responsible for healthcare access and eligibility. We’re exploring generative AI to improve service delivery but need to ensure it’s secure and compliant. We require someone to assess our current policies, review AI use cases, and develop a governance framework based on NIST guidance. The framework must support risk identification, oversight, and accountability. Deliverable: documented AI governance framework with policy recommendations and implementation roadmap. Engagement duration: 6-8 weeks.",,HIRER,Public Sector,Healthcare,industry_v1,2026-10-01T22:17:23,12.53,Minimal,Owner intro,named
kpmg.com__uk_en_insights_transformation_delivering-rapid-cash-savings-html.md,qwen3.8:27b,KPMG,,Review Supplier Contract for Cash Recoveries,"We are a healthcare provider in Singapore reviewing our corporate service contracts to align with efficiency goals. We need a specialist to audit a single supplier contract with an annual spend of S$200,000. The review must identify value leakage, including invoicing errors and unutilised commercial levers, using AI-enabled contract analysis tools. We need to determine immediate cash recoveries and recommend controls to prevent future leakage. Deliverable: a detailed savings analysis report and list of actionable recommendations. Engagement duration: 3-4 weeks.",,HIRER,Healthcare,,industry_v1,2026-10-01T22:17:30,12.86,Minimal,Owner intro,none
erm.com__projects_case-study-making-the-travel-industry-more-sustainable-how-booking-com-supports-accommodation-providers.md,qwen3.8:27b,ERM,,Develop Energy Management Module for Sustainability MOOC,"We run a chain of eight boutique hotels in Singapore and want to offer our staff a practical course on energy management to reduce our operational footprint. We need a subject matter expert to design one specific module of this online course. The content must be accessible to non-technical hotel staff and include clear, actionable advice on reducing energy waste in accommodation settings. You will outline the lesson plan, write the scripts for two short video modules, and provide expert input to ensure the technical details on greenhouse gases are accurate. Deliverable: one completed module with a structured lesson plan, video scripts, and final technical review. Engagement duration: 4-5 weeks.",,HIRER,Technology & Software,,industry_v1,2026-10-01T22:17:42,8.66,Standard,Problem first,none
bdo.com__insights_advisory_how-a-global-packaging-company-turned-business-continuity-into-one-of-its-greatest-strengths.md,qwen3-vl:32b,BDO,,Revive Business Continuity Program for Packaging Facility,"I run operations at a Singapore-based packaging facility with 20 staff, and our business continuity program has been neglected for years — staff avoid it, and we have no clear plan for disruptions. We need someone to assess our current setup, identify gaps, and design a simple, practical continuity plan that fits our site and can be maintained by our team. This includes reviewing key processes, risks, and resources, and creating a clear action plan for emergencies. Deliverable: a tailored business continuity plan document with risk assessment, response steps, and maintenance guidance. Engagement duration: 3-5 weeks.",,HIRER,Manufacturing,Healthcare,industry_v1,2026-10-01T22:17:49,9.78,Standard,Individual poster,none
bdo.com__insights_case-studies_guiding-a-national-food-supplier-through-a-major-recall-event.md,qwen3-vl:32b,BDO,,Assess Insurance Recovery Options After Product Recall,"We are a small food processing business in Singapore that recently had to recall a batch of our product due to contamination. We need to understand our insurance recovery options and how to claim for losses. We have multiple policies with different coverages and limits, and we want to maximize recovery. We need someone to review our insurance policies, assess potential claims, and coordinate with our broker and insurers. Deliverable: detailed recovery assessment report with claim strategy and prioritized action steps. Engagement duration: 3-5 weeks.",,HIRER,Food & Beverage,,industry_v1,2026-10-01T22:18:00,7.01,Minimal,Owner intro,named
bridgespan.org__insights_community-driven-change-africa-and-india_society-for-public-education-cultural-training-and-rural-action-spectr.md,qwen3.6:35b,The Bridgespan Group,Bridgespan (Leadership),Design women's rights and livelihoods training curriculum,"I run a small social enterprise in Singapore focused on women's empowerment and livelihoods. We need to build a structured training curriculum that helps marginalised women understand their legal rights and access government support systems, similar to how SPECTRA empowered rural women in India. We want to replicate that community-driven approach locally by teaching participants how to navigate bureaucracy, form support groups, and identify social welfare schemes available to them. The work involves mapping the key local regulations and schemes, then designing a practical, easy-to-understand training module that enables women to advocate for themselves and build collective power within their communities. Deliverable: written training curriculum and facilitator guide covering rights awareness and community organising. Engagement duration: 4-6 weeks.",,HIRER,Social Services & Non-profit,,industry_v1,2026-10-01T22:18:00,11.97,Standard,Individual poster,none
ey.com__en_gl_insights_assurance_how-digitization-transformed-the-audit.md,qwen3.8:27b,EY,,Data Readiness Assessment for Digital Audit Onboarding,We are a 50-person Singapore logistics firm transitioning to an ERP system. Our auditor wants to move from sampling 10 of 1 million journal entries to analyzing 100% of the data. We need an expert to review our current financial data structures and identify gaps preventing full digital extraction. Deliverable: a data gap analysis report outlining specific fixes required for the audit team to process our full dataset. Engagement duration: 3-4 weeks.,,HIRER,Financial Services,,industry_v1,2026-10-01T22:18:12,9.0,Minimal,Problem first,none
kroll.com__en_publications_cyber_case-studies_uncovering-critical-historical-data-progress-complex-legal-case.md,qwen3-vl:32b,Kroll (Duff & Phelps),,Map and Recover Historical Data for Legal Case,"We are a mid-sized law firm in Singapore handling a complex litigation case requiring historical data from a client company. The data spans over 10 years and is stored in physical archives and legacy systems, with key email records inaccessible due to system changes. We need someone to locate, map, and recover this data to support our case. The specialist must visit the client’s site in person, identify storage locations, interview former staff, and recover data from old servers and laptops. They will document the process and ensure chain of custody. Deliverable: comprehensive data mapping report with recovered data inventory and chain-of-custody documentation. Engagement duration: 4-6 weeks.",,HIRER,Professional Services,,industry_v1,2026-10-01T22:18:12,10.03,Minimal,Owner intro,none
bdo.com__insights_case-studies_how-a-destination-resort-recovered-from-a-devastating-flood.md,qwen3.6:35b,BDO,,Forensic accounting for insurance claim valuation,"We are a hospitality operator in Singapore dealing with a significant insurance dispute following severe storm damage. The insurer’s valuation is far lower than our submitted claim, and the gap is widening. We need a specialist to independently review the property damage and business interruption calculations prepared by our previous advisors, rework the financial models to withstand forensic scrutiny, and develop robust positions to support our settlement negotiations. Deliverable: detailed financial model and valuation report for the claim. Engagement duration: 4-6 weeks.",,HIRER,Retail & Consumer,,industry_v1,2026-10-01T22:18:21,7.31,Standard,Problem first,named
aesg.com__portfolio-item_broad-stairs.md,qwen3-vl:32b,AESG,,Fire Safety & Façade Assessment for Mixed-Use Building,"We manage a mixed-use building in Singapore with office and residential spaces, and we need to assess its fire safety and façade systems before renewing our building licence. We’re looking for someone to inspect the external walls, review construction documents, and check building materials for compliance with BCA and Singapore fire safety standards. This includes spot checks and a desktop review of existing records. Deliverable: detailed assessment report with findings and recommendations. Engagement duration: 3-5 weeks.",,HIRER,Construction & Real Estate,,industry_v1,2026-10-01T22:18:20,10.39,Standard,Owner intro,none
opml.co.uk__projects_assessing-the-impact-of-skill-impact-bond-in-india.md,qwen3-vl:32b,Oxford Policy Management,,Verify Training Completion and Job Retention Data for Skills Programme,"A Singapore-based social enterprise supporting youth employment in India is assessing a skills development programme. They need someone to validate and verify data on training completion and three-month job retention reported by training providers. The specialist must check records from the Skill India Portal for errors or inconsistencies, then conduct an independent sample verification through interviews with trainees and employers to ensure accuracy. Deliverable: report with verified data and analysis of retention rates. Engagement duration: 6-8 weeks.",,HIRER,Education,Social Services & Non-profit,industry_v1,2026-10-01T22:18:11,21.43,Standard,Context first,none
arup.com__projects_sydney-opera-house-concert-hall-renewal.md,qwen3.6:35b,Arup,,Acoustic and Rigging Assessment for Theatre Venue,We are a small performing arts centre in Singapore hosting touring productions that require complex rigging and precise sound. Our main auditorium’s ceiling structure is aging and needs an independent review to ensure it can safely support modern lighting and acoustic reflectors. We need you to assess the current acoustic performance against contemporary standards and evaluate the structural capacity of the existing ceiling grid to bear increased load. Deliverable: a technical report covering acoustic gap analysis and rigging load-bearing feasibility. Engagement duration: 3-4 weeks.,,HIRER,OTHER,,industry_v1,2026-10-01T22:18:26,11.81,Standard,Owner intro,none
kpmg.com__us_en_how-we-work_client-stories_global-pharma-bribery-investigation-client-story-html.md,qwen3-vl:32b,KPMG,KPMG Lighthouse Center of Excellence,Analyze Event Data for Bribery Red Flags in Russian Office,"We’re a Singapore-based pharmaceutical company with 150 staff, and we’ve received internal allegations that employees in our Russian office may have facilitated bribes through third-party event organizers. We need someone to analyze our event and transaction data to identify red flags. The data is stored on European servers, and we need to work around access restrictions due to sanctions. You’ll gather, clean, and structure SQL data from our systems, then run trend and outlier analysis to spot anomalies in event costs, participants, organizers, and key fields. Look for missing events, conflicting data, or irregular cost patterns. Deliverable: report with analysis of anomalies, risk-weighted events, and flagged transactions. Engagement duration: 4-6 weeks.",,HIRER,Healthcare,Professional Services,industry_v1,2026-10-01T22:18:28,13.25,Detailed,Problem first,none
axiomlaw.com__practice-areas_corporate-governance-secretary-services_arizona_phoenix.md,qwen3.6:35b,Axiom,,Corporate Governance Review for Singapore SME,"We are a Singapore-based general insurance agency with 40 staff and no in-house legal counsel. To maintain our licensing with the Monetary Authority of Singapore (MAS) and ensure compliance with the Companies Act, we need an independent review of our corporate governance framework. We require a specialist to evaluate our current board processes, director conflict-of-interest disclosures, and statutory filing records. Deliverable: written compliance assessment and prioritised remediation roadmap. Engagement duration: 3-4 weeks.",,HIRER,Cross-industry,,industry_v1,2026-10-01T22:18:23,21.05,Minimal,Owner intro,none
erm.com__projects_case-study-reverse-supply-chain-vendor-verification.md,qwen3-vl:32b,ERM,,Develop Audit Methodology for Reverse Supply Chain Vendors,"We are a Singapore-based technology company with a growing reverse logistics network, including hardware recyclers and refurbishers. We need to ensure our vendors comply with environmental and safety standards, especially as we prepare for our annual Sustainability Impact Report. We need someone to co-develop a clear audit methodology and risk framework for our reverse supply chain vendors, based on standards like R2, EPEAT, and RBA. The framework should help us assess vendor compliance, transparency, and sustainability impacts. Deliverable: documented audit methodology and risk framework for vendor verification. Engagement duration: 6-8 weeks.",,HIRER,Technology & Software,,industry_v1,2026-10-01T22:18:43,7.79,Standard,Owner intro,none
bdo.com__insights_case-studies_belt-railway-of-chicago-goes-full-steam-ahead-on-digital-transformation-with-bdo-digital.md,qwen3.6:35b,BDO,BDO Digital,Cloud Migration Assessment for Legacy Rail Operations,"We are a mid-sized logistics operator in Singapore using a legacy AS/400-based COBOL system for yard management. The system is manual, expensive to maintain, and lacks reliable reporting. We need a specialist to assess our current operations and design a migration plan to a cloud-enabled solution (e.g., Azure) that supports DevOps, zero-downtime deployments, and better visibility into safety rules. Deliverable: a migration strategy and technical feasibility report covering data flow, infrastructure requirements, and risk mitigation for minimal operational disruption. Engagement duration: 4-5 weeks.",,HIRER,Manufacturing,,industry_v1,2026-10-01T22:18:51,9.0,Standard,Owner intro,none
bdo.com__insights_case-studies_how-a-global-packaging-company-turned-business-continuity-into-one-of-its-greatest-strengths.md,qwen3.8:27b,BDO,,Business Continuity Plan Review for Packaging Site,"We are a precision packaging manufacturer with 45 staff in Singapore. Our business continuity procedures have been outdated for years, and we face increased scrutiny for operational risk. We need a specialist to review our current crisis management protocols and design a practical, updated plan that staff can actually follow. Focus on making the process clear and engaging, rather than just a compliance document.

Deliverable: a revised business continuity plan with a clear communication strategy.
Engagement duration: 4-6 weeks.",,HIRER,Food & Beverage,,industry_v1,2026-10-01T22:19:03,11.22,Standard,Owner intro,none
bridgespan.org__insights_community-driven-change-africa-and-india_swades-foundation-case-study.md,qwen3-vl:32b,Bridgespan,,Assess Community Leadership Capacity for Village Development Committee,"We are a community development organisation in Singapore supporting rural villages through village development committees (VDCs). We need to assess the leadership capacity of one VDC in a village we’re working with, to understand how well it’s functioning and where support is needed. We’ll review the VDC’s structure, roles, decision-making processes, and engagement with households. We’ll also check how well it manages its development budget and accesses government schemes. Deliverable: report with findings and recommendations for strengthening the VDC’s leadership. Engagement duration: 3-4 weeks.",,HIRER,Social Services & Non-profit,,industry_v1,2026-10-01T22:19:06,10.78,Minimal,Owner intro,none
opml.co.uk__projects_early-grade-reading-assessment-endline-survey-pakistan.md,qwen3-vl:32b,Oxford Policy Management,Research and Evidence (R&E),Design and Pilot EGRA Endline Survey for Grade 2 Students,"I run the education monitoring team at a provincial education department in Pakistan and need to design and pilot an endline survey to measure reading outcomes for Grade 2 students after a two-year teacher training programme. The survey must use standardised EGRA tools to assess letter sound recognition, decoding, oral reading fluency, and comprehension in Sindhi and Urdu, with a new letter sound task added since the 2024 baseline. I need someone to help develop the survey instrument, train assessors to 90% inter-rater reliability, and pilot it in a small sample to validate consistency. The data collection will use Tangerine™ for real-time uploads and quality checks. Deliverable: finalised survey protocol, assessor training materials, and pilot results report. Engagement duration: 6-8 weeks.",,HIRER,Education,Public Sector,industry_v1,2026-10-01T22:19:14,12.17,Minimal,Individual poster,none
aesg.com__portfolio-item_business-bay-marasi-waterfront.md,qwen3.8:27b,AESG,,Façade and BMU Design for High-Rise Tower,"We are a Singapore-based residential developer preparing a 44-storey mixed-use tower with a retail podium. We need a façade specialist to design the external envelope, including set-back balconies and luxury penthouse screens. You will also define the Building Maintenance Unit (BMU) system required for cleaning and upkeep. The design must coordinate with the architect’s cantilevered landscape elements. Deliverable: complete façade and BMU technical design package. Engagement duration: 4-6 weeks.",,HIRER,Construction & Real Estate,,industry_v1,2026-10-01T22:19:19,11.66,Standard,Problem first,named
axiomlaw.com__practice-areas_structured-project-finance.md,qwen3-vl:32b,Axiom,,Review and Draft Project Finance Agreement for Solar Farm Development,"We are a mid-sized renewable energy developer in Singapore with three solar projects in the pipeline, including a 5MW rooftop solar farm in Jurong. We need to draft a project finance agreement for this solar farm, including loan terms, security arrangements, and risk allocation with our lender. The agreement must align with MAS regulatory expectations for project financing and ensure bankability. We’ll need you to review the existing draft, identify gaps, and propose revisions for clarity and enforceability. Deliverable: revised project finance agreement draft with annotations and a short rationale note. Engagement duration: 3-4 weeks.",,HIRER,Cross-industry,,industry_v1,2026-10-01T22:19:23,8.48,Minimal,Owner intro,named
rsmus.com__insights_services_managed-services_accounting-firm-establishes-a-powerful-it-platform-html.md,qwen3-vl:32b,RSM US LLP,RSM’s managed services team,Assess and Upgrade IT Infrastructure for Accounting Firm,"We are a mid-sized accounting firm in Singapore with three offices, offering tax, audit, and consulting services. Our current IT setup relies on an old on-premises server, which has caused downtime and data access issues, especially during critical deadlines. We need someone to assess our existing IT environment, identify risks, and recommend a secure, scalable upgrade path. The specialist should evaluate our network, hardware, and software, and propose a migration strategy to a cloud platform like Microsoft Azure. Deliverable: written assessment report with prioritised upgrade recommendations and a 6-month implementation roadmap. Engagement duration: 3-4 weeks.",,HIRER,Professional Services,,industry_v1,2026-10-01T22:19:18,14.12,Standard,Owner intro,named
erm.com__projects_guardian-news-media.md,qwen3.8:27b,ERM,,Life Cycle Assessment for Newspaper Wrapping,"We are a Singapore-based print media publisher with a daily circulation of roughly 400,000 copies. We use plastic polybags to hold our multi-sectioned weekend editions, and we want to reduce the environmental footprint of these materials. We need a specialist to perform a life cycle assessment comparing three wrapping options: standard polythene, polythene with recycled content, and a biodegradable wrap. The analysis must account for production energy and disposal emissions. Deliverable: a written report ranking the options by environmental impact with a recommendation for the lowest-footprint choice. Engagement duration: 3-4 weeks.",,HIRER,Retail & Consumer,,industry_v1,2026-10-01T22:19:21,11.53,Standard,Owner intro,none
aesg.com__portfolio-item_aquifer-storage-and-recovery.md,qwen3.6:35b,AESG,,Ecological Baseline Survey for Coastal Site,"We are a small coastal development firm in Singapore preparing for a project near a sensitive mangrove area. Before proceeding, we need an environmental specialist to conduct a detailed baseline survey of our specific site. The scope includes a visual site inspection, an in-depth ecological survey to identify local flora and fauna, and baseline testing for air quality and noise monitoring. This data is required to assess potential impacts on the local ecology and prepare for regulatory compliance. Deliverable: ecological baseline report with visual survey findings and monitoring results. Engagement duration: 4 weeks.",,HIRER,Energy & Resources,,industry_v1,2026-10-01T22:19:27,9.22,Standard,Problem first,none
bdo.com__insights_advisory_south-american-mining-company-develops-stronger-fraud-prevention-procedures-after-discovering-18-mi.md,qwen3.8:27b,BDO,,Vendor Fraud Investigation and Data Analytics Review,"We are a mid-sized Singapore logistics firm with 50 staff. We discovered signs of vendor fraud by employees, causing significant financial loss. We need a specialist to investigate the scope of the schemes and identify any other involved parties. The work involves performing tailored data analytics, reviewing employee email correspondence and public records, and conducting interviews with key personnel to determine the full extent of the fraud. Deliverable: a written investigation report estimating total losses and listing identified employees and vendors. Engagement duration: 4-6 weeks.",,HIRER,OTHER,,industry_v1,2026-10-01T22:19:31,12.59,Standard,Owner intro,none
pwc.com__gx_en_about_case-studies_aeon-bank-html.md,qwen3-vl:32b,PwC,PwC South East Asia Consulting,Design Customer Service Journey for New Islamic Digital Bank,"We are launching a new Islamic digital bank in Singapore and need to design how we will handle customer service from day one. We’re a small team with no existing systems, so we need someone to map out the customer journey for support, including how to manage inquiries, complaints, and account issues. The design must support our goal of financial inclusion and comply with MAS regulations. We want to ensure our service is fast, responsive, and personalised. Deliverable: customer service journey map with key touchpoints, workflows, and compliance notes. Engagement duration: 3-4 weeks.",,HIRER,Financial Services,,industry_v1,2026-10-01T22:19:16,27.78,Standard,Problem first,none
kpmg.com__us_en_how-we-work_client-stories_grunenthal-named-client-story-html.md,qwen3.8:27b,KPMG,Customer Advisory,Customer Experience Assessment for Pharmaceutical Sales,"We are a mid-sized pharmaceutical company in Singapore shifting from a product-centric to a customer-centric go-to-market strategy. We need an assessment of our current customer experience to identify pain points and engagement drivers for our sales and medical affairs teams. The scope involves conducting interviews with managers and surveys with healthcare professionals, including doctors and specialists, to gather feedback. We also need help mapping current customer journeys and defining key metrics like NPS and CSAT to inform future strategies. Deliverable: a written assessment report identifying key customer pain points, engagement drivers, and a prioritised list of recommendations. Engagement duration: 4-6 weeks.",,HIRER,Healthcare,,industry_v1,2026-10-01T22:19:32,14.96,Standard,Owner intro,none
kpmg.com__xx_en_client-stories_prototype-for-agentic-ai-in-public-services-html.md,qwen3-vl:32b,KPMG,KPMG Australia,Assess HR Workflow for Agentic AI Pilot,"We are a public sector agency in Singapore with 150 staff, aiming to reduce manual work in HR by piloting AI. We’ve seen inconsistent adoption and resistance due to past AI projects not meeting expectations. We need someone to assess our current HR recruitment workflow, identify tasks suitable for automation, and recommend a simple, explainable AI approach for preparing position descriptions. The assessment should consider integration with our existing SAP system and focus on human-in-the-loop design. Deliverable: written assessment with workflow analysis and prioritised AI automation recommendations. Engagement duration: 3-4 weeks.",,HIRER,Public Sector,,industry_v1,2026-10-01T22:19:31,23.34,Standard,Owner intro,none
erm.com__projects_circular-economy-framework-development.md,qwen3-vl:32b,ERM,,Develop Circular Economy Framework for E-Waste Reverse Supply Chain,"We are a mid-sized electronics manufacturer in Singapore with 150 staff, producing consumer devices and managing end-of-life product returns. We need to strengthen oversight of our reverse supply chain vendors to ensure responsible e-waste handling and compliance with environmental standards. We’re looking for someone to design a circular economy framework that assesses vendor compliance, transparency, and sustainability impacts. This includes defining audit criteria, setting up a vendor scoring system, and aligning with our annual Sustainability Impact Report. Deliverable: comprehensive circular economy framework document with vendor assessment criteria and KPIs. Engagement duration: 6-8 weeks.",,HIRER,Technology & Software,,industry_v1,2026-10-01T22:19:47,8.62,Standard,Owner intro,none
bdo.com__insights_case-studies_how-a-global-manufacturer-increased-profits-by-12m-in-four-months.md,qwen3.8:27b,BDO,,Value Chain Cost Reduction Assessment,"We are a precision components maker in Singapore with 35 staff. Despite steady demand, our margins are eroding, and we suspect inefficiencies in our production and supply chain are costing us S$200k annually in avoidable spend. We need a specialist to review our current global value chain processes to identify where costs are leaking and how we can capture profit.

The work involves mapping our end-to-end value chain, benchmarking our unit costs against industry standards, and identifying specific areas for cost reduction or process optimisation. We want to know which levers will move the needle most on our bottom line.

Deliverable: A written assessment report with a prioritised list of cost-saving measures and an estimate of potential profit recovery.
Engagement duration: 4-6 weeks.",,HIRER,Manufacturing,,industry_v1,2026-10-01T22:19:55,9.98,Detailed,Problem first,none
erm.com__about_news_new-report-for-us-food-and-agriculture-sector-showcases-sdg-opportunities-for-collaboration-action.md,qwen3-vl:32b,ERM,,Map SDG Contributions for Food and Agriculture Business,"We’re a family-owned farm supply business in Singapore with 15 staff, operating from a warehouse in Tuas. We want to understand how our operations support the UN Sustainable Development Goals, especially in areas like climate action and responsible consumption. We need someone to review our current practices, identify which SDGs we’re already contributing to, and map out key opportunities for improvement. This includes analysing our supply chain, waste management, and energy use. Deliverable: a concise report with a visual mapping of our SDG contributions and 3-5 actionable recommendations. Engagement duration: 3-5 weeks.",,HIRER,Food & Beverage,,industry_v1,2026-10-01T22:20:06,10.17,Detailed,Problem first,named
mathematica.org__projects_evaluation-of-givedirectlys-programs-in-the-nakivale-settlement.md,qwen3-vl:32b,Mathematica,,Design Randomized Evaluation for Cash Transfer Program,"We are a small non-profit in Singapore supporting low-income families through unconditional cash transfers. We want to test whether adding business training to our cash program improves long-term outcomes. We need someone to design a randomized evaluation to compare households receiving cash alone versus those receiving cash plus training. The evaluation must include baseline data collection, random assignment, and a plan for follow-up surveys over 12 months. Deliverable: evaluation design document with methodology, sampling plan, data collection tools, and timeline. Engagement duration: 6-8 weeks.",,HIRER,Social Services & Non-profit,Public Sector,industry_v1,2026-10-01T22:20:07,11.51,Standard,Problem first,none
deloitte.com__global_en_Industries_financial-services_case-studies_fly-high-fast-just-blind-html.md,qwen3-vl:32b,Deloitte,Deloitte United States,Review and Normalize Profitability Data Sources for Investment Firm,"We’re a Singapore-based investment management firm with 40 staff, and our profitability reporting takes months to complete because data comes from over 50 scattered, inconsistent sources, processed manually in Excel. We need someone to assess our current data landscape, identify key sources for profitability analysis, and clean and normalize them into a single, reliable format. The specialist will map data fields, document transformation rules, and prepare a standardized dataset for automated reporting. Deliverable: documented data assessment, cleansed dataset, and transformation rules. Engagement duration: 4-6 weeks.",,HIRER,Financial Services,,industry_v1,2026-10-01T22:20:19,13.15,Standard,Problem first,none
opml.co.uk__projects_research-on-improving-systems-education.md,qwen3.8:27b,Oxford Policy Management,,Stakeholder Mapping for Education Research Strategy,"I manage research operations for a Singapore-based educational foundation. We are preparing to launch a new study on local primary school learning outcomes and need to understand the policy landscape before fieldwork starts. We require a specialist to conduct a stakeholder mapping exercise for our specific research context. This involves identifying key actors, their interests, and their influence on education policy reform to ensure our engagement strategy is effective. Deliverable: a stakeholder map and a concise summary of policy engagement implications. Engagement duration: 3-4 weeks.",,HIRER,Education,,industry_v1,2026-10-01T22:20:16,17.1,Minimal,Individual poster,none
rsmus.com__insights_services_merger-acquisition_transaction-advisory-services-sell-side-readiness-html.md,qwen3.8:27b,RSM US,,Quality of Earnings Analysis for Business Sale,"We are a 45-person industrial manufacturing firm in Singapore preparing to sell the business. Our investment banker needs a clean view of our recurring earnings to substantiate the equity story to prospective buyers. We need a specialist to perform a Quality of Earnings (QoE) analysis, reviewing our financials to identify normalised revenue and margin. This work will help us address potential buyer questions and avoid delays during due diligence. Deliverable: a QoE report with normalised EBITDA and an explanation of adjustments. Engagement duration: 4-6 weeks.",,HIRER,Professional Services,,industry_v1,2026-10-01T22:20:22,12.01,Standard,Owner intro,none
aesg.com__portfolio-item_bvlgari-hotel-and-residences.md,qwen3-vl:32b,AESG,,Validate BMS and ELV Systems for Hotel Building,"We are a luxury hotel developer in Singapore with a new 100-room hotel building under construction. We need to validate the Building Management System (BMS) and Electrical Low Voltage (ELV) systems before handover to ensure they meet design specifications and operational requirements. The work includes reviewing system documentation, testing key functions, and verifying integration with building controls. Deliverable: validation report with test results and compliance summary. Engagement duration: 4-6 weeks.",,HIRER,Construction & Real Estate,,industry_v1,2026-10-01T22:20:30,8.26,Standard,Owner intro,none
fticonsulting.com__insights_case-studies_transforming-companys-digital-operating-model-accelerate-growth.md,qwen3-vl:32b,FTI Consulting,,Assess Digital Operations and Recommend Improvements,"We are a mid-sized consumer services company in Singapore with 30 staff, operating across three retail outlets in Tampines. After investing in digital tools, we’ve seen little improvement in customer engagement or sales. We need someone to assess our current digital operations, including data analytics, IT governance, and team workflows, and identify gaps in capabilities and maturity. The specialist should gather insights through interviews and process review, then suggest improvements. Deliverable: a concise report with findings, capability gaps, and a prioritised action list. Engagement duration: 4-6 weeks.",,HIRER,Retail & Consumer,,industry_v1,2026-10-01T22:20:31,7.7,Standard,Owner intro,named
bdo.com__insights_case-studies_south-american-mining-company-develops-stronger-fraud-prevention-procedures-after-discovering-18-m.md,qwen3.6:35b,BDO,,Fraud Investigation and Internal Control Review,"We are a mid-sized manufacturing firm in Singapore and need an independent specialist to investigate suspected vendor fraud after discovering significant financial discrepancies in our procurement records. We require someone to examine employee interactions with vendors, review relevant data for irregularities, and interview key personnel to determine the scope of the issue. We also need you to assess our current internal controls to identify weaknesses that allowed this to happen. Deliverable: written report detailing findings on vendor fraud and prioritised recommendations to strengthen internal controls. Engagement duration: 4-6 weeks.",,HIRER,OTHER,,industry_v1,2026-10-01T22:20:34,4.89,Standard,Problem first,named
axiomlaw.com__resources_case-studies_regional-airline-saves-1000-hours-axiom-ai.md,qwen3.8:27b,Axiom,,AI-Assisted Contract Data Extraction for Logistics Firm,"I manage legal operations at a Singapore-based logistics provider with about 50 staff. After acquiring a smaller haulage firm, we need to map their contract obligations to integrate into our systems. We need to review approximately 300 documents to extract 15-30 key data points, such as lease descriptions, auto-renewal terms, and NDA provisions. The goal is to convert these unstructured files into clean, usable data compatible with our internal CMS. Deliverable: a structured dataset of extracted contract terms ready for database import. Engagement duration: 4-6 weeks.",,HIRER,Cross-industry,Professional Services,industry_v1,2026-10-01T22:20:32,12.15,Standard,Individual poster,none
aesg.com__portfolio-item_beeah-headquarters.md,qwen3.8:27b,AESG,,Environmental Impact Assessment for New Headquarters,"A waste management firm in Singapore with 80 staff is constructing a new headquarters building. The design features organic, dune-inspired shapes to reflect the company's environmental commitment, and the project must demonstrate this ethos to visitors. The firm needs a specialist to conduct the Social and Environmental Impact Assessment (SEIA) for the site. This involves carrying out detailed field surveys and collecting baseline data on the local environment and community. The assessment must evaluate how the construction and subsequent operation will affect these factors. Deliverable: A written SEIA report detailing the baseline data and impact assessment findings. Engagement duration: 4-6 weeks.",,HIRER,Energy & Resources,,industry_v1,2026-10-01T22:20:33,13.46,Standard,Context first,none
kpmg.com__xx_en_client-stories_delivering-a-mature-security-operations-model-for-a-life-sciences-enterprise-html.md,qwen3-vl:32b,KPMG,KPMG China,Assess SOC Platform Gaps and Design Migration Path,"We are a mid-sized life sciences company in Singapore with 35 staff, operating a research lab and small-scale production facility. Our current security operations platform is outdated and lacks scalability and 24/7 monitoring capabilities. We need someone to review our existing setup, identify gaps in detection and response, and design a migration path to a unified platform using Splunk ES. The specialist must evaluate log ingestion, use case management, and incident response workflows. Deliverable: documented assessment with recommended migration plan. Engagement duration: 4-6 weeks.",,HIRER,Healthcare,,industry_v1,2026-10-01T22:20:39,24.63,Standard,Owner intro,named
erm.com__projects_confidential-client-tmt.md,qwen3.6:35b,ERM,,Environmental Compliance Audit for Workshop,"We operate a single precision engineering workshop in Singapore with a small on-site team. We need a specialist to review our current environmental management setup, focusing specifically on hazardous waste disposal, spill prevention protocols, and chemical inventory reporting. We want to ensure our daily operations are fully compliant with NEA regulations and to identify any gaps before our next review. Deliverable: written gap analysis and prioritised action list for waste and chemical compliance. Engagement duration: 2-3 weeks.",,HIRER,Technology & Software,,industry_v1,2026-10-01T22:20:54,10.82,Minimal,Problem first,none
erm.com__insights_profitable-growth-strengthening-business-fundamentals-through-operational-decarbonization.md,qwen3-vl:32b,ERM,,Assess Waste Heat Recovery for Steam Generation at Grid-Constrained Site,"We run a small food processing facility in Singapore that relies on oil-fired boilers for steam, facing high energy costs and limited grid capacity. We need someone to assess whether we can use waste heat from our drying process to power a high-efficiency heat pump system for steam generation. The specialist should review our current heat sources, production variability, and infrastructure, and recommend a customized solution that matches our steam output needs. Deliverable: feasibility report with system design options, estimated emissions reduction, and cost-benefit analysis. Engagement duration: 4-6 weeks.",,HIRER,Food & Beverage,,industry_v1,2026-10-01T22:21:13,11.24,Standard,Owner intro,none
mathematica.org__projects_strengthening-human-services-to-improve-public-well-being-in-colorado.md,qwen3-vl:32b,Mathematica,,Design Outreach Strategy to Boost Client Engagement in Employment Program,"We run a local human services agency in Singapore that supports low-income families with employment assistance. We’ve noticed declining participation in our mandated work activities, and we need to improve client engagement. We’re looking for someone to design and test a simple, evidence-based outreach strategy—using behavioural nudges or similar methods—to increase attendance and involvement. The specialist should work with our staff to pilot the approach with a small group, track participation changes, and adjust as needed. Deliverable: report with the tested outreach strategy, participation results, and recommendations for scaling. Engagement duration: 6-8 weeks.",,HIRER,Social Services & Non-profit,Public Sector,industry_v1,2026-10-01T22:21:14,10.96,Standard,Owner intro,none
mathematica.org__projects_latin-america-and-the-caribbean-reading-evaluation.md,qwen3.8:27b,Mathematica,,Process Evaluation for Youth Workforce Programme,"A social enterprise in Singapore runs a youth workforce development programme and needs an independent process evaluation. The goal is to assess whether the programme achieved its outcome targets and to identify key barriers and facilitators to implementation. The specialist should also review how gender equality and social inclusion are integrated into project activities, as well as the sustainability of the current approach. Deliverable: written process evaluation report with findings on implementation barriers and programme sustainability. Engagement duration: 4-6 weeks.",,HIRER,Education,Public Sector,industry_v1,2026-10-01T22:21:23,9.5,Standard,Context first,none
deloitte.com__global_en_Industries_financial-services_case-studies_transforming-tax-returns-into-compelling-data-sets-html.md,qwen3-vl:32b,Deloitte,,Review Work-Related Expense Claims Using AI and NLP,"I run a tax compliance team at a mid-sized accounting firm in Singapore with 30 staff. We’re seeing a rise in WRE claims that need manual review, and we want to reduce workload by automating initial checks. We need someone to assess our current claim data and design a simple AI/NLP system that flags high-risk claims for human review. The system should use natural language processing to scan claim descriptions and match them against known patterns. Deliverable: prototype model and report with recommended rules and data inputs. Engagement duration: 4-6 weeks.",,HIRER,Financial Services,,industry_v1,2026-10-01T22:21:24,10.62,Standard,Individual poster,named
aesg.com__portfolio-item_chelsea-barracks.md,qwen3.8:27b,AESG,,Façade Fire Safety Strategy for Mixed-Use Development,"We are a mid-sized developer in Marina Bay preparing a three-building mixed-use project with a shared basement. The façades use reinforced concrete with limestone cladding and rockwool insulation, plus aluminium curtain walling on penthouses. We need a fire and life safety consultant to review these external wall assemblies and verify compliance with building codes. Deliverable: a fire strategy report detailing the safety case for the façade materials and systems. Engagement duration: 4-6 weeks.",,HIRER,Construction & Real Estate,,industry_v1,2026-10-01T22:21:25,11.59,Minimal,Owner intro,named
ibm.com__case-studies_ibm-cio-organization-wca.md,qwen3-vl:32b,IBM,IBM CIO Hybrid Cloud Platforms,Automate Ansible Playbook Creation with AI Assistant,"We’re a Singapore-based IT operations team supporting business-critical applications for a mid-sized tech firm. We use Red Hat Ansible Automation daily for patching, vulnerability fixes, and system health checks, but creating playbooks is time-consuming and requires skilled developers. We want to test an AI-powered assistant to generate playbook content from natural language inputs. The specialist will run a pilot with our existing tasks, using IBM watsonx Code Assistant for Red Hat Ansible Lightspeed, to assess how much of the playbook content can be auto-generated. Deliverable: report on pilot results, including percentage of playbook content generated and usability feedback. Engagement duration: 4-6 weeks.",,HIRER,Professional Services,,industry_v1,2026-10-01T22:21:24,13.21,Standard,Problem first,none
aesg.com__portfolio-item_desalination-plants.md,qwen3.6:35b,AESG,,Environmental Impact Assessment for Desalination Plant,"We are a construction firm in Singapore building a small-scale desalination plant (1,000 m³/day) for industrial irrigation. We need an environmental specialist to conduct the permitting assessment required by the National Environment Agency (NEA) before we can break ground. 

The work involves a detailed site survey and desktop research, with a strong emphasis on analyzing the impact on the adjacent marine environment. You will need to run hydrodynamic modeling and brine dispersion modeling to assess how the discharge affects the local waters, supported by a marine ecology survey to identify any sensitive habitats. 

Deliverable: Environmental impact assessment report with modeling results and identified mitigation measures.
Engagement duration: 4-6 weeks.",,HIRER,Energy & Resources,Construction & Real Estate,industry_v1,2026-10-01T22:21:34,8.19,Detailed,Owner intro,none
axiomlaw.com__resources_press-releases_axiom-legora-one-year-of-ai-enabled-legal-services.md,qwen3.8:27b,Axiom,,Digitize Lease Data for Acquired Commercial Portfolio,"A real estate management firm in Singapore has just acquired a portfolio of 12 commercial properties and needs to consolidate its lease records. The team currently holds 150 physical or scanned lease documents that lack structured data, making it difficult to track obligations. We need a specialist to digitize these documents and extract key data points, including rent amounts, expiry dates, and variable rent clauses. Deliverable: a structured database of lease data with all key fields populated. Engagement duration: 4-6 weeks.",,HIRER,Cross-industry,,industry_v1,2026-10-01T22:21:33,11.23,Minimal,Context first,named
kpmg.com__xx_en_client-stories_enhancing-patient-care-oslo-university-hospital-html.md,qwen3.8:27b,KPMG,,Map surgical scheduling workflow for optimization,"I manage operations at a Singapore private hospital with two operating theatres. We perform roughly 500 elective surgeries a year, but our staff spend up to an hour planning each case using manual spreadsheets. This bottleneck leads to about 10% of cases being cancelled. I need a process specialist to audit our current planning workflow, identify specific friction points, and map out how we could integrate a cloud-based automation tool to streamline the scheduling. Deliverable: a process mapping report with prioritised automation recommendations. Engagement duration: 3-4 weeks.",,HIRER,Healthcare,,industry_v1,2026-10-01T22:21:38,12.5,Detailed,Individual poster,none
bdo.com__insights_digital_belt-railway-of-chicago-goes-full-steam-ahead-on-digital-transformation-with-bdo-digital.md,qwen3.8:27b,BDO,BDO Digital,Design Rail Operations Cloud Migration on Azure,"We are a 450-person intermediate switching terminal railway operator in Singapore. Our current railcar operations system, built on AS/400 and COBOL, is over-engineered and expensive to maintain, with data access and reporting taking far too long. We are moving to a cloud-based platform on Azure to reduce downtime and improve yard efficiency, but we need help structuring the transition. We need a specialist to design the migration strategy for this specific application, ensuring we can release all functionality at once with minimal impact on day-to-day operations.

Deliverable: A technical migration plan for the Azure deployment.
Engagement duration: 4-6 weeks.",,HIRER,OTHER,,industry_v1,2026-10-01T22:21:35,22.99,Standard,Owner intro,none
erm.com__projects_seagate.md,qwen3.8:27b,ERM,,Supply Chain Conflict Minerals Data Audit,"We are a precision electronics maker with 40 staff in Singapore, and our key customer requires proof that our tungsten, tin, tantalum, and gold supply chains are free from non-conformant smelters. We need someone to pull origin and smelter data from our component suppliers and check it against the Responsible Minerals Initiative list. You’ll flag any gaps and follow up with suppliers on non-compliant operations. Deliverable: a verified data log confirming smelter conformity for the audit cycle. Engagement duration: 2-3 weeks.",,HIRER,Technology & Software,,industry_v1,2026-10-01T22:21:58,9.96,Standard,Owner intro,none
bdo.com__insights_tax_tax-technology-success-story-manufacturing.md,qwen3.6:35b,BDO,,Tax Provision Automation Gap Analysis and Strategy,"We are a precision components manufacturer with 35 workers in Jurong. Our month-end close is manual and error-prone, causing delays. We need an expert to assess our current tax workflow, identify bottlenecks, and recommend software tools that can cut close time by 20% and improve accuracy. Deliverable: written technical assessment report with prioritised software recommendations. Engagement duration: 2-3 weeks.",,HIRER,Manufacturing,,industry_v1,2026-10-01T22:22:04,11.31,Standard,Owner intro,named
erm.com__projects_usfra.md,qwen3-vl:32b,ERM,,Assess Agriculture Sector’s SDG Contributions and Opportunities,"We are a farmer and rancher-led organization in Singapore focused on sustainable food systems, and we need to understand how our sector contributes to the Sustainable Development Goals. We’re looking for someone to map our current contributions and identify key opportunities for collaboration, based on stakeholder input and existing research. The work should cover the People, Planet, and Process pillars, including equity, biodiversity, climate action, and waste reduction. Deliverable: a concise report outlining sector contributions to each SDG, key challenges, and prioritized collaboration opportunities. Engagement duration: 6-8 weeks.",,HIRER,Food & Beverage,,industry_v1,2026-10-01T22:22:15,9.62,Standard,Problem first,named
mathematica.org__projects_support-for-agape-child-and-family-services-2gen-model.md,qwen3.8:27b,Mathematica,,Survey Implementation for Family Housing Initiative,"We are a faith-based social services organization in Singapore serving families in poverty. We recently launched a housing support initiative for families fleeing domestic violence, but we have no in-house team to formally assess how this program is being delivered. We need a specialist to design and conduct a survey of our Families in Transition participants. The goal is to document the implementation of the housing support and capture the lived experiences of the families we serve. This will help us understand what is working and where gaps exist before we scale the model.

Deliverable: A written report summarizing the survey findings on implementation fidelity and participant experiences. Engagement duration: 4-6 weeks.",,HIRER,Social Services & Non-profit,,industry_v1,2026-10-01T22:22:17,14.95,Standard,Problem first,none
mathematica.org__projects_what-works-clearinghouse.md,qwen3.6:35b,Mathematica,,Develop Practice Guide for Early Childhood Education,We are a small independent preschool in Singapore looking to improve our transition programs for young children. We need a specialist to review current research on early childhood interventions and draft a practice guide tailored to our context. The work involves summarizing evidence on effective strategies for preparing children for school and providing actionable recommendations for teachers. The guide should address common classroom challenges and offer practical tips for implementation. Deliverable: a concise practice guide with research-based recommendations and implementation tips. Engagement duration: 4-6 weeks.,,HIRER,Education,,industry_v1,2026-10-01T22:22:28,9.06,Standard,Owner intro,named
publicissapient.com__customers_stories_publicis-sapient-marketing-transformation.md,qwen3.6:35b,Publicis Sapient,,Audit marketing workflow and map tasks for AI automation,"Our marketing team is slowed by complex handoffs and slow campaign launches. We need an independent specialist to review our current processes and map out specific tasks to identify which ones can be automated or augmented by AI. The work involves documenting tasks, evaluating them against automation potential, and outlining how workflows could be redesigned to reduce approval bottlenecks. Deliverable: written task map and prioritised list of automation opportunities. Engagement duration: 4-5 weeks.",,HIRER,Professional Services,,industry_v1,2026-10-01T22:22:32,9.7,Minimal,Problem first,none
deloitte.com__us_en_what-we-do_case-studies_accelerated-implementation-unlocks-middle-market-growth-outcomes-html.md,qwen3.8:27b,Deloitte,,Assess Policy Administration Platforms for Mid-Market Growth,"A Singapore property and casualty insurer with 40 staff is struggling to compete in the middle market because its legacy systems are too slow for volume business. Underwriters currently take days to process multi-line submissions, causing potential clients to wait weeks for bind orders. The insurer needs to evaluate external policy administration platforms to replace these bespoke, slow workflows. The specialist must assess vendor options that support rapid quoting and policy issuance for general liability, workers compensation, commercial auto, commercial property, and lead umbrella products, ensuring the chosen solution fits current underwriting workflows. Deliverable: a comparative assessment report recommending a specific platform. Engagement duration: 6-8 weeks.",,HIRER,Financial Services,,industry_v1,2026-10-01T22:22:30,15.06,Detailed,Context first,named
axiomlaw.com__solutions_secondments.md,qwen3.6:35b,Axiom,,Review and Cleanse Commercial Contract Backlog,"We are a 40-person F&B chain in Singapore with a growing legal function. We are currently overwhelmed by a backlog of vendor agreements, procurement contracts, and sales deals that need immediate review and organisation. We need a specialist lawyer to step in, assess the existing contract queue, and handle the drafting, redlining, and filing of these commercial documents so our internal team can focus on daily operations. Deliverable: completed review of the backlog and a fully updated contract repository with all agreements executed and stored. Engagement duration: 4-6 weeks.",,HIRER,Cross-industry,,industry_v1,2026-10-01T22:22:37,10.19,Minimal,Owner intro,none
aesg.com__portfolio-item_gasco-skec-energy-audit.md,qwen3-vl:32b,AESG,,Energy Audit for Office Building in Singapore,"We run a mid-sized commercial property management firm in Singapore with two office towers in Jurong. We’re preparing for a sustainability certification and need to understand our current energy use. We need someone to conduct an energy audit of one of our 20-storey office buildings, including on-site measurements of thermal performance and review of utility data. The audit should cover HVAC, lighting, and plug loads, and assess compliance with ISO 50001 energy management standards. Deliverable: detailed energy audit report with findings and recommendations. Engagement duration: 4-6 weeks.",,HIRER,Energy & Resources,,industry_v1,2026-10-01T22:22:38,12.12,Standard,Owner intro,named
aesg.com__portfolio-item_dubai-building-energy-and-water-rating-scheme.md,qwen3.6:35b,AESG,,Energy Rating Scheme Design for Office Building,"We are a facilities management company operating a commercial office building in Singapore. To meet growing tenant demand for sustainability transparency and align with NEA’s green building initiatives, we want to implement a building energy and water rating scheme similar to those used internationally. We need a specialist to review our building’s typology and operational data, then design a custom rating framework that measures our performance against similar local assets. The work involves data collection, gap analysis against benchmark metrics, and developing the strategy and technical scoping documents for future implementation.

Deliverable: written policy, strategy, and implementation plan for the building’s energy and water rating scheme. Engagement duration: 4-6 weeks.",,HIRER,Public Sector,Energy & Resources,industry_v1,2026-10-01T22:22:43,9.62,Standard,Owner intro,none
aesg.com__portfolio-item_city-gate-towers.md,qwen3.8:27b,AESG,,Develop T&C Strategy for Office Tower,"We are developing a new 10-storey Grade A office tower in Singapore. Before handover, we need an independent specialist to define how we will test and commission the building services systems. Please create a comprehensive Testing & Commissioning (T&C) strategy that outlines the process for verifying that all systems achieve their required performance outcomes. You will serve as the on-site authority for commissioning and MEP matters, coordinating with contractors to ensure the strategy is applied correctly. Deliverable: a comprehensive T&C strategy document. Engagement duration: 4 weeks.",,HIRER,Construction & Real Estate,,industry_v1,2026-10-01T22:22:33,21.07,Standard,Owner intro,none
kpmg.com__xx_en_client-stories_erp-transformation-at-centre-for-addiction-and-mental-health-html.md,qwen3.6:35b,KPMG,Digital Health,Review month-end close for Oracle ERP Cloud,"We are a private mental health clinic in Singapore with 60 staff and two sites. We have migrated our finance operations to Oracle ERP Cloud and need an independent specialist to review the current month-end close process. Our current cycle takes several days, and we need to identify bottlenecks and standardise the steps to reduce manual effort and improve data accuracy before our next close. Deliverable: short report with a gap analysis of the current workflow and a prioritised list of process fixes. Engagement duration: 3 weeks.",,HIRER,Healthcare,,industry_v1,2026-10-01T22:22:44,11.7,Minimal,Owner intro,named
erm.com__about_news_guiding-the-chemical-sector-to-leverage-its-influence-and-innovation-to-contribute-to-the-sdg-agenda.md,qwen3.6:35b,ERM,,Develop SDG roadmap for chemical manufacturing,"We run a mid-sized chemical manufacturing facility in Jurong Island and want to align our operations with the United Nations Sustainable Development Goals (SDGs) to manage regulatory risks and unlock new market opportunities. We need an independent specialist to assess our current impact pathways and identify where we can leverage innovation to contribute to the SDG agenda, based on the methodology used in the WBCSD’s Chemical Sector SDG Roadmap.

The specialist will:
- Map our key business opportunities and impact pathways against relevant SDGs.
- Develop a tailored action plan that articulates how our operations can maximize SDG contribution.
- Highlight specific areas for collaboration within our value chain.

Deliverable: written SDG roadmap document with prioritised action points. Engagement duration: 4-6 weeks.",,HIRER,Manufacturing,Professional Services,industry_v1,2026-10-01T22:23:03,10.44,Detailed,Owner intro,named
mathematica.org__publications_integrating-healthy-marriage-and-relationship-education-with-economic-stability-services-findings.md,qwen3.6:35b,Mathematica,,Design Integrated Financial Literacy Module for Family Support Program,"We are a social service agency in Singapore delivering relationship education to low-income couples. Like the US Empowering Families model, we want to reduce economic hardship by weaving financial literacy into our existing workshop curriculum, focusing on budgeting, debt management, and banking basics. We need a specialist to design a structured financial literacy component that fits into our current eight-session couple workshop, ensuring the content is practical and aligns with local economic realities. Deliverable: a detailed module design document with session outlines and integrated teaching activities. Engagement duration: 3-4 weeks.",,HIRER,Social Services & Non-profit,Public Sector,industry_v1,2026-10-01T22:23:15,7.75,Standard,Owner intro,none
grantthornton.com__content_grantthornton_language-masters_en_insights_case-studies_manufacturing_2026_distributor-adds-million-in-revenue-w.md,qwen3.8:27b,Grant Thornton,Grant Thornton | Auxis,Process Review for Beverage Distributor Automation,"A beverage distributor in Singapore with roughly 60 staff is reviewing its commercial operations to identify where AI and automation can improve productivity without adding complexity. The business needs a clear view of which back-office processes are worth automating first to support ongoing growth. The specialist should examine current workflows, prioritise opportunities that offer high-value improvements or true transformational changes, and assess the potential for productivity gains. Deliverable: a prioritised list of automation targets with estimated value. Engagement duration: 4-6 weeks.",,HIRER,Food & Beverage,,industry_v1,2026-10-01T22:23:13,10.38,Standard,Context first,named
mathematica.org__publications_changing-education-agencies-from-the-inside-out-year-2-report-on-the-strategic-data-project.md,qwen3.8:27b,Mathematica Policy Research,,Assess Data Analytics Capacity in Education Agency,"We are the operations team at a mid-sized education agency in Singapore. Our staff struggle to know what questions to ask or how to interpret data findings for policy improvements, even though we have started linking data from multiple sources. We need an expert to conduct a descriptive implementation study of our current data use activities. The work involves reviewing how we collect, manage, and analyze data, and identifying where our analytic capacity falls short. This assessment will help us decide whether to hire technically skilled staff or develop partnerships with vendors. Deliverable: a written report describing our current capacity for data use and specific gaps in interpretation skills. Engagement duration: 4-6 weeks.",,HIRER,Education,,industry_v1,2026-10-01T22:23:23,8.77,Detailed,Problem first,named
thoughtworks.com__en-th_insights_podcasts_pragmatism-in-practice_how-to-become-a-truly-customer-centric-organization.md,qwen3.8:27b,ThoughtWorks,,Product Practice Maturity Assessment for E-commerce Teams,"We run a Singapore-based online marketplace with four product verticals. Our product teams currently use inconsistent roadmaps and discovery methods, causing confusion for stakeholders and siloed work. We need an external specialist to assess our current product practice maturity using a standard framework. You will interview key leaders and review our existing processes to identify gaps in customer understanding, experimentation, and cross-functional collaboration. Deliverable: a written maturity assessment report with a prioritised list of improvement areas. Engagement duration: 3-4 weeks.",,HIRER,Professional Services,,industry_v1,2026-10-01T22:23:25,8.44,Standard,Owner intro,none
aesg.com__portfolio-item_corinthia-gewan-island-qatar-hotel.md,qwen3-vl:32b,AESG,,Acoustic Design Review for Hotel Guestroom,"I run a boutique hotel development in Singapore with 25 guestrooms and need help reviewing the acoustic design for one standard room type. We’re in the concept design phase and want to ensure noise levels meet luxury standards for guest comfort. The work involves assessing the room’s layout, materials, and potential sound paths, then recommending adjustments to reduce airborne and impact noise. Deliverable: written acoustic assessment and design recommendations for one room type. Engagement duration: 3-4 weeks.",,HIRER,Construction & Real Estate,,industry_v1,2026-10-01T22:23:25,9.75,Minimal,Individual poster,named
deloitte.com__us_en_what-we-do_case-studies_case-study-a-banks-software-developers-cant-get-by-on-speed-alone-html.md,qwen3-vl:32b,Deloitte,Deloitte IndustryAdvantage™ and AI-enabled software engineering,Pilot GenAI-Enhanced Software Development Process for One Business Unit,"We are a mid-sized digital bank in Singapore with 120 staff, and our software teams are struggling with inconsistent workflows and high meeting overhead across product, development, and QA roles. We want to test a GenAI-assisted software development life cycle (SDLC) to improve collaboration and reduce repetitive tasks. We need someone to run an 8-week proof of concept with a small team of 15, using an AI tool to automate user story creation, flow diagrams, and test generation. They’ll map how each role can hand off work more smoothly, and help us adopt new communication norms. Deliverable: report on process changes, productivity gains, and team feedback. Engagement duration: 6-8 weeks.",,HIRER,Financial Services,Technology & Software,industry_v1,2026-10-01T22:23:24,11.72,Standard,Owner intro,none
grantthornton.com__content_grantthornton_language-masters_en_insights_case-studies_hospitality-and-restaurants_2026_hospitality-brand-drive.md,qwen3-vl:32b,Grant Thornton,,Review Website Data Compliance for Hospitality Brand,"We run a small chain of five boutique hotels in Singapore and are expanding our online presence with new booking and review websites. We need to ensure our digital interfaces comply with PDPA and customer data preferences to avoid legal risks. We need someone to review our three main websites, assess data collection and consent practices, and check for compliance gaps. Deliverable: written compliance assessment and action list. Engagement duration: 3-4 weeks.",,HIRER,Retail & Consumer,,industry_v1,2026-10-01T22:23:26,11.06,Minimal,Problem first,named
aesg.com__portfolio-item_hatta-hydropower-plant.md,qwen3.8:27b,AESG,,Draft Construction Environmental Management Plan for Hydropower Site,"I am developing a small-scale hydroelectric facility in Singapore and need to prepare the Construction Environmental Management Plan (CEMP) before works begin. The site involves tunneling and reservoir works, so the plan must detail measures to control noise, dust, and sediment runoff during construction. We need a document that outlines monitoring protocols and emergency response procedures to meet local environmental guidelines. Deliverable: A comprehensive CEMP document covering site-specific mitigation measures and monitoring schedules. Engagement duration: 4-6 weeks.",,HIRER,Energy & Resources,,industry_v1,2026-10-01T22:23:32,8.08,Minimal,Individual poster,none
erm.com__about_news_erm-to-support-ebrd-and-ifa-on-development-of-low-carbon-roadmap-for-the-potash-and-phosphate-fertilizer-indu.md,qwen3.6:35b,ERM,,Low-Carbon Roadmap for Fertilizer Production,"We are a mid-sized fertilizer manufacturer in Singapore producing potash and phosphate blends for local agriculture. With increasing pressure from regulators and export markets to decarbonize, we need an independent specialist to assess our current carbon footprint across Scopes 1, 2, and 3. You will analyse our market context and production processes to identify viable technology deployment actions. The goal is to build a practical, data-driven pathway to significant emissions reductions that keeps our operations competitive. Deliverable: A written low-carbon roadmap identifying priority policy and technology actions for our specific production line. Engagement duration: 6-8 weeks.",,HIRER,OTHER,Energy & Resources,industry_v1,2026-10-01T22:23:33,9.32,Standard,Owner intro,none
aesg.com__portfolio-item_dubai-dsm-program-development.md,qwen3.8:27b,AESG,,Design Building Energy Rating Methodology,"We are a mid-sized commercial property management firm in Singapore with 12 assets. We need to introduce a transparent energy performance rating system for our portfolio to help tenants compare buildings. We are looking for a specialist to design a rating methodology that benchmarks energy and water usage against similar building typologies, drawing on international best practices like NABERS. This will support our sustainability goals and improve tenant communication.

Deliverable: A technical framework document outlining the rating criteria, data requirements, and calculation methods.
Engagement duration: 4-6 weeks.",,HIRER,Public Sector,,industry_v1,2026-10-01T22:23:35,10.75,Standard,Owner intro,none
fticonsulting.com__en_canada_insights_case-studies_from-downside-to-greenlight-25pc-revenue-gap-mitigated.md,qwen3-vl:32b,FTI Consulting,,Review Revenue Projections for Smart Home Device Startup,"We are a Singapore-based smart home technology startup with 15 staff, preparing for a potential SPAC merger. We need someone to review our top-line revenue projections, based on market growth, product volumes, R&D needs, and cross-selling potential. The goal is to identify any material gaps in our forecast and suggest actionable fixes. We’re using this to strengthen our public readiness and investor confidence. Deliverable: written assessment of revenue assumptions with a prioritised list of adjustments. Engagement duration: 3-5 weeks.",,HIRER,Technology & Software,,industry_v1,2026-10-01T22:23:49,13.15,Standard,Owner intro,none
erm.com__insights_sustainable-connections-podcast-31-achieving-zero-freshwater-use-featuring-cemex.md,qwen3.8:27b,ERM,,Develop Freshwater Use Validation Protocol for Plant,"We are a ready-mix concrete producer in Singapore with three plants. As water stress rises, we want to verify our shift to non-freshwater sources (treated wastewater) for concrete production. We need a specialist to define what counts as 'zero freshwater use' and create a checklist for documenting water sources and validating that we are not competing with local community usage. This protocol must be sound enough to reassure auditors and stakeholders of our claims. Deliverable: a written protocol defining measurement criteria and a site-specific validation checklist. Engagement duration: 4-6 weeks.",,HIRER,Manufacturing,Construction & Real Estate,industry_v1,2026-10-01T22:24:00,11.4,Standard,Owner intro,named
opml.co.uk__insights_beyond-grant-how-ethiopia-building-research-ecosystems-impact.md,qwen3.8:27b,Oxford Policy Management,,Evidence Gap Map for Research Strategy,"I lead the research division at a Singapore-based development agency and need to identify our evidence gaps before finalising our annual grant cycle. We have to ground our upcoming funding call in local needs rather than generic assumptions. I need you to lead a consultation process with key stakeholders, including government representatives, academics, and civil society groups, to map where our current data is lacking. The focus should be on specific local issues like urban service delivery or rural livelihoods. 

Deliverable: A written Evidence and Gap Map report that highlights key missing data points and suggests research questions for the upcoming call. 

Engagement duration: 4-6 weeks.",,HIRER,Social Services & Non-profit,Education,industry_v1,2026-10-01T22:24:14,10.34,Standard,Individual poster,none
grantthornton.com__insights_case-studies_hospitality-and-restaurants_2024_starbird.md,qwen3.6:35b,Grant Thornton,,Analyze Loyalty Data and Segment Customers,"A small fast-casual restaurant chain in Singapore has a loyalty programme that is adding costs without growing sales. Loyalty transactions are flat and reward costs are rising, while most rewards go unredeemed. We need a specialist to review two years of transaction data to identify customer purchase patterns and behaviours. The specialist must perform customer segmentation to replace our current frequency-based approach and recommend personalised marketing strategies that improve engagement and retention without increasing reward spend.
Deliverable: written analysis report with customer segmentation insights and a prioritised list of strategy recommendations.
Engagement duration: 4-5 weeks.",,HIRER,Food & Beverage,,industry_v1,2026-10-01T22:24:11,14.11,Standard,Context first,named
capgemini.com__insights_expert-perspectives_our-sustainable-it-journey-towards-net-zero.md,qwen3-vl:32b,Capgemini,Capgemini Invent,Assess IT Carbon Footprint for Net Zero Goals,"We are a mid-sized IT services firm in Singapore with 150 staff, aiming to reduce our IT-related carbon emissions as part of our net zero commitment. We need someone to conduct a lifecycle-based carbon footprint assessment of our current IT estate, focusing on on-premise data centers, application portfolio, and third-party contracts. The assessment should identify key emission sources and highlight opportunities for reduction, such as cloud migration and energy efficiency. Deliverable: detailed report with carbon footprint analysis, key findings, and prioritized recommendations. Engagement duration: 4-6 weeks.",,HIRER,Professional Services,,industry_v1,2026-10-01T22:24:22,9.65,Minimal,Owner intro,none
ey.com__en_gl_insights_banking-capital-markets_how-social-media-firm-created-south-korea-s-fastest-growing-bank.md,qwen3-vl:32b,EY,EY FSO Consulting team in Seoul,Design Mobile-First KYC Process for Digital Bank,"We’re a social media company launching a mobile-only bank in Singapore and need to design a customer-friendly, secure account-opening process. We want to avoid physical branches and reduce onboarding time, but must meet MAS and PDPA requirements. We’re looking for someone to redesign the know-your-customer (KYC) process using digital tools like selfie verification, cross-checking with government databases, and mobile app integration. The goal is to open accounts in under 10 minutes, with strong security and compliance. Deliverable: a proposed KYC workflow with technology stack, compliance mapping, and estimated user time. Engagement duration: 4-6 weeks.",,HIRER,Financial Services,,industry_v1,2026-10-01T22:24:19,15.32,Standard,Problem first,none
aesg.com__portfolio-item_irena-hq.md,qwen3.8:27b,AESG,,Daylight Simulation for Office Complex,"We are a mid-sized property developer in Singapore building a new mixed-use office block with a central courtyard. To ensure the interior spaces meet comfort standards for our tenants, we need a specialist to assess the natural lighting conditions within the main office floors. Please conduct a daylight simulation for the building's primary workspace areas to verify that our current window and glazing specifications are sufficient. This analysis is required before we finalise the architectural design. Deliverable: a daylight simulation report with specific recommendations for adjusting glazing or shading. Engagement duration: 3-4 weeks.",,HIRER,Energy & Resources,,industry_v1,2026-10-01T22:24:25,9.93,Detailed,Problem first,named
aesg.com__portfolio-item_creek-park-district.md,qwen3.8:27b,AESG,,Feasibility Study for Pneumatic Waste Collection System,"We are the development management team for a new residential project in Singapore with six residential towers. As we finalise the sustainability and waste management strategy for the podium level, we need to determine if a pneumatic waste collection system is viable for our site. We require a specialist to assess the technical feasibility of installing such a system, including layout constraints and infrastructure needs. This assessment will inform our final waste management strategy and cost-benefit analysis.

Deliverable: Technical feasibility report with cost-benefit analysis. Engagement duration: 4-6 weeks.",,HIRER,Construction & Real Estate,,industry_v1,2026-10-01T22:24:22,14.51,Standard,Problem first,none
grantthornton.com__insights_case-studies_hospitality-and-restaurants_2025_automation-reduces-time-costs-global-timeshare-companys-tax-funct.md,qwen3.6:35b,Grant Thornton,Tax Digital Consulting Solutions,Indirect tax automation pilot for hospitality operator,"A Singapore-based hotel operator with five outlets is struggling with monthly indirect tax filings. The team manually extracts data from disparate systems, layers it into templates, and calculates returns—a process that is slow and prone to errors. To comply with IRAS requirements and reduce monthly administrative pressure, they need a specialist to build an automation pilot for workpaper preparation using tools they already license. The specialist will map the current 'as-is' process, design a 'future state' workflow, and build a functional automation prototype using sample data to demonstrate time savings and accuracy improvements before a full rollout. Deliverable: design document for future-state automation and a working pilot prototype. Engagement duration: 4-6 weeks.",,HIRER,Retail & Consumer,,industry_v1,2026-10-01T22:24:24,13.93,Standard,Context first,named
erm.com__projects_odidos-journey-to-meet-international-standards-and-eu-legislation.md,qwen3.8:27b,ERM,,Gap Assessment Against OECD Guidelines,"We are a 50-person telecommunications provider in Singapore. With new regulations on corporate sustainability due diligence approaching, we need to understand where our current practices stand against the OECD Guidelines for Multinational Enterprises. We need a specialist to review our existing internal policies and conduct interviews with key stakeholders to establish a baseline of our responsible business conduct. The goal is to identify specific gaps in our current approach to human rights and environmental risks before we invest in broader mitigation efforts.
Deliverable: A written gap assessment report identifying current practice baselines and specific areas for improvement. Engagement duration: 3-4 weeks.",,HIRER,OTHER,,industry_v1,2026-10-01T22:24:27,12.7,Standard,Problem first,none
kpmg.com__xx_en_client-stories_progressing-sustainability-by-redefining-circular-revenue-html.md,qwen3-vl:32b,KPMG,KPMG in the Netherlands,Redesign Circular Revenue Metric for Healthcare Products,"We are a mid-sized medical device manufacturer in Singapore with 150 staff, focused on sustainable innovation in healthcare. We’ve been tracking circular revenue since 2015 but need to update our measurement framework to capture more accurate and dynamic data. We’re looking for someone to help us refine our circular revenue metric — specifically for our diagnostic imaging product line — to better reflect circularity in design, reuse, and service models. The new framework must align with global sustainability trends and be auditable. Deliverable: revised circular revenue methodology document with definitions, data sources, and calculation logic. Engagement duration: 4-6 weeks.",,HIRER,Healthcare,,industry_v1,2026-10-01T22:24:35,12.2,Detailed,Owner intro,named
aesg.com__portfolio-item_dubai-government-energy-audit-framework.md,qwen3-vl:32b,AESG,,Energy Audit for Government Building in Singapore,"We manage a government office building in Singapore and need to comply with the Energy Conservation Act and NEA’s energy efficiency requirements. We’re seeking someone to conduct an energy audit of our building, reviewing electricity and water consumption, and assessing key systems like HVAC and lighting. The audit must follow the directive to audit energy use in government buildings. Deliverable: detailed energy audit report with findings and recommendations. Engagement duration: 3-4 weeks.",,HIRER,Public Sector,,industry_v1,2026-10-01T22:24:31,21.79,Minimal,Problem first,named
fticonsulting.com__fr-ca_canada_insights_case-studies_from-downside-to-greenlight-25pc-revenue-gap-mitigated.md,qwen3.8:27b,FTI Consulting,,Commercial Due Diligence for Tech Acquisition,"We are a Singapore-based smart home device distributor preparing to acquire a regional competitor with operations in both Singapore and Malaysia. Before signing the term sheet, we need to verify that the target’s sales targets are realistic, as our internal review suggests their projections may be overly optimistic. We require a specialist to challenge their top-line assumptions, specifically looking at market growth rates, product volume drivers, and the feasibility of their cross-selling plans. The goal is to identify where the forecasted revenue might fall short, particularly given the currency fluctuations between SGD and USD/MYR in their cross-border sales. Deliverable: a written report quantifying the revenue gap and recommending mitigation strategies for the acquisition model. Engagement duration: 4-6 weeks.",,HIRER,Technology & Software,,industry_v1,2026-10-01T22:24:47,16.84,Detailed,Owner intro,named
erm.com__projects_braskem-idesa.md,qwen3.8:27b,ERM,,Air Monitoring Network Design for Petrochemical Plant,"We are a petrochemical manufacturer building a new polyethylene plant in Singapore. To meet funding requirements and local NEA standards, we need to design an air monitoring network for the site. Please define the location of monitoring stations, specify the parameters to track, and outline the data collection protocol. This must align with the IFC Performance Standards for our lenders. Deliverable: a detailed air monitoring network design report. Engagement duration: 3-4 weeks.",,HIRER,Manufacturing,,industry_v1,2026-10-01T22:24:53,13.22,Standard,Owner intro,none
grantthornton.com__insights_case-studies_hospitality-and-restaurants_2025_identifying-barriers-to-emerging-strategy.md,qwen3.8:27b,Grant Thornton,Risk Advisory Services,Risk Assessment for New Hospitality Strategy,We are a boutique hotel group in Singapore with 40 staff preparing to pivot our service model to a new customer segment. We need to verify if our current risk framework still fits this strategy. Please interview key executives and review our internal controls to identify specific strategic barriers and assess our residual risk profile. Deliverable: a risk report rating key risks and recommending controls to relax for efficiency. Engagement duration: 3-4 weeks.,,HIRER,Food & Beverage,,industry_v1,2026-10-01T22:25:09,10.82,Minimal,Problem first,none
ey.com__en_gl_insights_banking-capital-markets_using-ai-to-improve-a-banks-agent-effectiveness.md,qwen3.8:27b,EY,,AI Analysis of Call Recordings for Sales Team,"We run a small commercial lending team and rely on phone outreach to drive sales, but our current manual call reviews are too subjective to spot what drives performance. We need an NLP-based analysis of our recorded calls to identify specific behaviours in top-performing conversations. The specialist should link these qualitative insights to structured CRM outcomes to highlight gaps in the sales progression. Deliverable: interactive dashboard showing agent performance drivers and targeted coaching points. Engagement duration: 4-6 weeks.",,HIRER,Financial Services,,industry_v1,2026-10-01T22:25:15,6.75,Minimal,Problem first,named
opml.co.uk__insights_stakeholder-partnerships-authentic-collaboration-creates-solutions-problems-you-dont-know.md,qwen3.8:27b,Oxford Policy Management,Research and Evidence (R&E),Design Participatory Theory of Change for Skills Programme,"We are a Singapore-based social enterprise launching a vocational training initiative for unemployed women. To ensure the programme meets local employer needs and participant goals, we need a specialist to facilitate a participatory Theory of Change (ToC) design process. You will run workshops with our internal team, target beneficiaries, and key local employer partners to identify shared values and specific skill gaps. The goal is to align all stakeholder objectives into a single, credible ToC framework that guides our training curriculum and evaluation metrics. Deliverable: a final Theory of Change document mapping causal pathways and stakeholder alignments. Engagement duration: 4-6 weeks.",,HIRER,Social Services & Non-profit,,industry_v1,2026-10-01T22:25:09,15.18,Standard,Problem first,none
arup.com__projects_cayanga-hillside-solar-farm.md,qwen3.6:35b,Arup,,Hillside Solar Farm Site Assessment and Panel Layout,"We are a mid-sized energy developer in Singapore planning a hillside solar installation on uneven terrain. We need a specialist to assess the site, identifying unstable slopes, erosion risks, and existing vegetation to avoid, and to determine suitable ridges for solar table installation. Using GIS and geotechnical principles, you must generate a layout that maximises solar yield while ensuring slope stability. Deliverable: written terrain assessment report with a prioritised panel placement plan and risk map. Engagement duration: 3-4 weeks.",,HIRER,Energy & Resources,,industry_v1,2026-10-01T22:25:22,7.18,Standard,Owner intro,none
axiomlaw.com__case-studies_global-manufacturer-real-estate-leasing.md,qwen3.6:35b,Axiom,,Review Manufacturing Lease Renewals,"We are a precision manufacturing company in Singapore with one in-house counsel who is overwhelmed by our real estate workload. We need someone to handle our commercial lease renewals and amendments so we can stop using expensive outside law firms for routine matters. You will review the existing lease terms, check them against our internal risk tolerance, and negotiate directly with our brokers and landlords to secure better rates and conditions. You must be familiar with Singapore tenancy laws and standard commercial lease structures. Deliverable: a summary report of renegotiated lease terms and updated contract drafts for all active renewals. Engagement duration: 4-6 weeks.",,HIRER,Professional Services,,industry_v1,2026-10-01T22:25:20,9.45,Standard,Owner intro,none
aesg.com__portfolio-item_dibba-port-expansion.md,qwen3-vl:32b,AESG,,Fire Safety Strategy for New Port Stockyard,"We are a small port development firm in Singapore planning to expand our operations by building a new stockyard for aggregate materials. We need someone to design a fire safety strategy for this 45-hectare site, including fire vehicle access, fire water supply, automatic detection and alarm systems, and evacuation planning. The work must meet local safety standards and include structural fire resistance and smoke control requirements. Deliverable: comprehensive fire safety strategy report with system design and operational procedures. Engagement duration: 6-8 weeks.",,HIRER,Construction & Real Estate,Marine & Offshore,industry_v1,2026-10-01T22:25:21,9.34,Standard,Problem first,none
grantthornton.com__insights_case-studies_retail_2025_the-fast-path-to-reconcile-chaotic-reports.md,qwen3.8:27b,Grant Thornton,,Automate POS Transaction Data Reconciliation,"We run a six-outlet retail chain in Singapore. Our point-of-sale terminals have been flagging duplicate and missing transactions, and we need to verify the issue across our sites. Manually checking the spreadsheets from a sample of our locations would take far too long, so we need an automated workflow to consolidate this data quickly. The specialist will build a process to ingest and reconcile these reports, ensuring the data is accurate so we can resume normal operations.

Deliverable: A working automated data consolidation workflow and a reconciliation report confirming data accuracy. Engagement duration: 4-6 weeks.",,HIRER,Retail & Consumer,,industry_v1,2026-10-01T22:25:21,9.44,Standard,Owner intro,none
erm.com__projects_syngenta.md,qwen3.8:27b,ERM,,EHS Compliance Audit for Agribusiness Site,"We are a Singapore-based agribusiness with approximately 50 staff and one primary production facility. As we scale our crop protection operations, we need an independent specialist to conduct a comprehensive Environmental, Health and Safety (EHS) management audit. We require a standardized, participatory audit approach to ensure our practices align with best practices and local regulatory expectations. The auditor will assess our current EHS policy implementation, identify operational risks, and work with our management team to document findings. Deliverable: a written audit report with a prioritized list of actionable EHS recommendations. Engagement duration: 4 weeks.",,HIRER,OTHER,,industry_v1,2026-10-01T22:25:24,9.45,Standard,Problem first,none
aesg.com__portfolio-item_dubai-police-forensics-laboratory.md,qwen3.6:35b,AESG,,LEED Certification Management for Laboratory Facility,"We are a small environmental testing consultancy in Singapore planning to upgrade our central laboratory to meet high sustainability standards. We want to pursue LEED certification and need a specialist to manage the entire process, from initial planning through to final registration. The work covers sustainable design consultancy, running energy and daylight simulations to optimise the fit-out, and serving as the independent commissioning agent during construction to ensure all systems meet the required green building specifications. Deliverable: complete LEED project dossier and certification documentation. Engagement duration: 6-8 weeks.",,HIRER,Public Sector,,industry_v1,2026-10-01T22:25:26,11.19,Standard,Owner intro,none
kpmg.com__xx_en_client-stories_striving-for-operational-resiliency-polpharma-implements-analytics-at-scale-html.md,qwen3.8:27b,KPMG,,Power BI Dashboard Design for Inventory Analytics,"I run a pharmaceutical distribution team in Jurong and we need to stop guessing our stock levels. We have data in Excel but no way to see it clearly. I need a specialist to build a single dashboard in Microsoft Power Platform connected to our existing data sources to track inventory movements and flag inefficiencies. This will help us identify waste and improve our operational focus without automating the whole warehouse.

Deliverable: A working Power BI dashboard with key inventory metrics and a short guide on how to read it. Engagement duration: 3-4 weeks.",,HIRER,Healthcare,,industry_v1,2026-10-01T22:25:29,9.75,Standard,Individual poster,named
fticonsulting.com__insights_case-studies_150-million-cost-optimization-cloud-service-provider.md,qwen3-vl:32b,FTI Consulting,,Assess G&A Cost Reduction Opportunities for Cloud Service Provider,"We are a mid-sized managed cloud service provider in Singapore with 75 staff, facing margin pressure due to rising general and administrative (G&A) costs. We need someone to review our current G&A functions, including support services, back-office operations and external vendor spend, to identify cost-saving opportunities. The specialist should map current processes, benchmark against industry norms, and propose actionable reductions without harming service quality. Deliverable: detailed report with cost analysis, prioritised savings opportunities and implementation roadmap. Engagement duration: 4-6 weeks.",,HIRER,Technology & Software,,industry_v1,2026-10-01T22:25:39,11.64,Detailed,Owner intro,none
erm.com__projects_case-study-navigating-the-complex-requirements-of-csrd.md,qwen3.6:35b,ERM,,Double Materiality Assessment for Manufacturing SME,"We are a Singapore-based precision manufacturing company (about 40 staff) facing pressure to align with EU Corporate Sustainability Reporting Directive (CSRD) standards to satisfy our European customers. We need a specialist to identify and score our most material environmental and social impacts, risks, and opportunities across our immediate value chain.

The specialist must conduct a double materiality assessment, mapping our operational impacts against stakeholder concerns to determine which topics are significant for reporting. We require a pragmatic approach that prioritises issues likely to affect our compliance and commercial relationships with EU buyers.

Deliverable: a scored double materiality assessment matrix and a prioritised list of material sustainability topics.
Engagement duration: 3-4 weeks.",,HIRER,Manufacturing,,industry_v1,2026-10-01T22:25:45,12.49,Standard,Problem first,none
grantthornton.com__insights_case-studies_manufacturing_2025_food-maker-aligns-to-accelerate-growth.md,qwen3.8:27b,Grant Thornton,Business Consulting,Customer and Market Research for Growth Strategy,"We are a food manufacturer with 80 staff in Jurong looking to boost our revenue. We need an independent specialist to understand our external market position before we finalize our growth plan. Please conduct third-party industry interviews, customer surveys, and secondary analysis to assess market economics, customer decision drivers, and competitive products. Compare these external insights with our internal views to identify gaps in customer perception and needs. Deliverable: a written assessment of market trends, customer needs, and a gap analysis comparing external findings with internal perceptions. Engagement duration: 4 weeks.",,HIRER,Food & Beverage,,industry_v1,2026-10-01T22:25:57,14.21,Standard,Owner intro,named
axiomlaw.com__industries_aerospace-defense_arizona_chandler.md,qwen3.6:35b,Axiom Law,,Review Export Controls and ITAR Compliance for Aerospace Firm,"We are a precision manufacturing firm in Jurong processing aerospace components. We need a specialist to review our current export controls and ITAR compliance processes to ensure our subcontractor chain and data handling meet regulatory standards. The specialist will audit our existing supplier classification protocols, assess our internal data security measures against required classification levels, and identify any gaps in our mandatory reporting procedures. Deliverable: written gap analysis report with prioritised compliance actions. Engagement duration: 3-4 weeks.",,HIRER,Professional Services,,industry_v1,2026-10-01T22:26:03,8.45,Standard,Problem first,named
opml.co.uk__projects_evaluation-protection-and-solutions-afghan-refugees-pakistan.md,qwen3.8:27b,Oxford Policy Management,,Qualitative Assessment of Protection Interventions for Refugees,"We are a mid-sized humanitarian NGO in Singapore supporting refugee resettlement programmes. Following recent policy shifts restricting movement, we need to assess how our current protection interventions remain effective for vulnerable beneficiaries. You will conduct qualitative data collection, including Key Informant Interviews and Focus Group Discussions, focusing on hard-to-reach groups such as undocumented individuals and women. The work must follow trauma-informed methods and ensure participant safety. Deliverable: a qualitative findings report with practical recommendations for programme adaptation. Engagement duration: 4-6 weeks.",,HIRER,Social Services & Non-profit,,industry_v1,2026-10-01T22:26:00,11.36,Standard,Problem first,none
aesg.com__portfolio-item_diriyah-gate-development.md,qwen3.6:35b,AESG,,LEED Certification Strategy for Independent Project,"We are a small commercial developer in Singapore managing a single mid-sized mixed-use building. We want to pursue LEED for Building Design and Construction (LEED BD+C) certification but lack an in-house sustainability team to navigate the complex credit requirements. We need a specialist to assess our current design documentation against the LEED v4.1 standard, identify gaps, and develop a tailored certification strategy. This covers the initial credit planning and coordination roadmap so our architect can implement the changes. Deliverable: written certification strategy report and prioritised action list for credit compliance. Engagement duration: 3-4 weeks.",,HIRER,Construction & Real Estate,,industry_v1,2026-10-01T22:26:05,8.68,Standard,Owner intro,named
ey.com__en_gl_insights_consulting_how-a-self-guided-investment-journey-can-lead-to-financial-success.md,qwen3.8:27b,EY,EY Design Studio,UX Research and Journey Mapping for Self-Service Investing,"We are a registered investment advisor with a small team in Singapore. Clients increasingly want to handle simple transactions online without calling, but we need to keep our personal touch. We need a specialist to analyze our current customer journey, identify pain points in the digital experience, and map out a user-centric design for a self-service portal. This includes evaluating how to integrate our CRM data into the user flow. Deliverable: A set of user journey maps and a UX design brief for the new self-service interface. Engagement duration: 4-6 weeks.",,HIRER,Financial Services,,industry_v1,2026-10-01T22:26:02,15.36,Minimal,Owner intro,named
kroll.com__en_client-stories_fifty-thousand-stakeholders-one-orchestrated-wind-down.md,qwen3-vl:32b,Kroll,Restructuring,Stakeholder Communication Plan for Business Wind Down,"We are a mid-sized on-demand meal delivery platform in Singapore with 120 staff and 150 riders, and we’ve decided to exit the market after five years. We need to wind down operations in an orderly way, with minimal disruption to our riders, restaurant partners, and employees. We’re looking for someone to design and deliver a clear, consistent communication plan for all stakeholders during the wind-down. This includes drafting messages, managing timelines, and coordinating with our legal and HR teams. Deliverable: stakeholder communication plan with messaging templates and a phased rollout schedule. Engagement duration: 3-4 weeks.",,HIRER,Retail & Consumer,,industry_v1,2026-10-01T22:26:11,7.43,Standard,Owner intro,none
arup.com__projects_digital-spine-feasibility-study.md,qwen3.6:35b,Arup,,Feasibility study for energy sector data sharing infrastructure,"We are a Singapore-based energy network operator needing to improve data exchange across our grid to support decarbonisation targets. We require a specialist to conduct a feasibility study for a 'digital spine'—a secure data sharing infrastructure. The work involves scoping the technical and non-technical requirements for a data sharing node, defining a trust framework for identity and legal consent, and mapping out governance models for secure API access. This must align with local PDPA requirements and energy sector best practices. Deliverable: a concise report detailing the proposed architecture, security considerations, and a phased implementation roadmap for the data sharing infrastructure. Engagement duration: 4-6 weeks.",,HIRER,Energy & Resources,Public Sector,industry_v1,2026-10-01T22:26:12,9.44,Standard,Owner intro,none
fticonsulting.com__insights_case-studies_identifying-35-million-upsell-cross-sell-opportunities-private-equity.md,qwen3.8:27b,FTI Consulting,,Analyse Customer Data for Upsell Opportunities,We are a 45-person HR technology provider in Singapore owned by a private equity firm. We need to find where our current growth is stalling. Please review our account-level data to identify immediate upsell and cross-sell opportunities. We want to know which products to push to which existing customers. You should also flag high-value accounts with a high propensity to churn so we can address them proactively. Deliverable: a report detailing the identified revenue opportunities and a churn risk list. Engagement duration: 4-6 weeks.,,HIRER,OTHER,,industry_v1,2026-10-01T22:26:12,9.91,Standard,Owner intro,named
aesg.com__portfolio-item_dubai-tram.md,qwen3-vl:32b,AESG,,Terrestrial Ecological Baseline Survey for Light Rail Extension,"We are a small transport infrastructure firm in Singapore planning to extend our light rail line through a green corridor in the eastern part of the city. We need someone to carry out a terrestrial ecological baseline survey for the proposed route, including identifying flora, fauna, and habitat types. The survey must follow standard environmental assessment practices and support our permitting application. Deliverable: detailed ecological baseline report with species inventory and habitat mapping. Engagement duration: 4-6 weeks.",,HIRER,Public Sector,Construction & Real Estate,industry_v1,2026-10-01T22:26:13,10.23,Standard,Problem first,named
kpmg.com__xx_en_client-stories_unlocking-the-power-of-generative-ai-html.md,qwen3-vl:32b,KPMG,KPMG in Denmark,Design Responsible AI Framework for Medical Diagnostics Firm,"A Singapore-based medical diagnostics company with 35 staff is exploring generative AI to support clinical decision-making and internal operations. They need to design a safe, ethical, and secure AI system that employees can trust and use daily. The specialist must assess AI ethics, governance, and security controls, define usage guidelines, and help build a roadmap for deployment on Microsoft Azure. The work should align with data protection principles under PDPA and ensure AI supports employee competency and autonomy. Deliverable: documented AI governance framework, usage guidelines, and a phased deployment roadmap. Engagement duration: 4-6 weeks.",,HIRER,Healthcare,,industry_v1,2026-10-01T22:26:17,14.59,Standard,Context first,none
fticonsulting.com__insights_case-studies_300m-revenue-uplift-global-data-company.md,qwen3.6:35b,FTI Consulting,,Customer Churn Risk Assessment and Retention Review,We are a five-outlet Singapore-based IT hardware and storage retailer facing rising competition from cloud solutions and declining sales. We need to identify which customers are at risk of leaving so we can intervene before they switch to competitors. You will analyze our customer base to forecast churn risk based on defined triggers and evaluate our sales pipeline to spot upsell and cross-sell opportunities. Deliverable: a prioritised list of high-risk accounts with a short report detailing retention strategies. Engagement duration: 3-4 weeks.,,HIRER,Technology & Software,,industry_v1,2026-10-01T22:26:29,10.59,Standard,Problem first,none
erm.com__projects_case-study-optimizing-energy-efficiency-and-emissions-in-chemicals.md,qwen3-vl:32b,ERM,,Optimize Steam Boiler Fuel Mixture for Energy Savings,"We are a precision chemicals manufacturer in Singapore with 35 staff, running a single production facility. Our steam boiler plant uses multiple fuel types, and we want to reduce energy use and emissions by optimizing the fuel mixture. We need someone to analyze our current boiler operations, review fuel consumption and emissions data, and identify the most efficient fuel blend for our process. This includes evaluating how different fuel mixtures affect energy output and emissions, considering real-time operational variables. Deliverable: report with recommended fuel mixture adjustments and projected energy/emissions savings. Engagement duration: 3-5 weeks.",,HIRER,Manufacturing,Energy & Resources,industry_v1,2026-10-01T22:26:35,13.17,Detailed,Owner intro,none
grantthornton.com__insights_case-studies_manufacturing_2025_manufacturer-gets-results-from-comprehensive-analysis.md,qwen3-vl:32b,Grant Thornton,,Assess Plant Operations for Process Gaps,"We run a food and beverage production plant in Singapore and are seeing lower-than-expected output due to unclear process flows and inconsistent reporting. Our new management team needs to understand the root causes of underperformance. We need someone to conduct a focused assessment of our production and planning processes, interview key staff, map current workflows, and identify gaps in people, processes, and systems. Deliverable: detailed report with process maps, gap analysis, and 3-5 prioritised improvement recommendations. Engagement duration: 4-6 weeks.",,HIRER,Food & Beverage,,industry_v1,2026-10-01T22:26:48,9.01,Minimal,Owner intro,none
kpmg.com__us_en_capabilities-services_advisory-services_procurement_outsourcing-advisory-html.md,qwen3-vl:32b,KPMG,,Assess and Plan IT Outsourcing for Finance Operations,"We are a mid-sized finance operations team at a regional insurance agency in Singapore with 35 staff, managing core back-office functions. We’re reviewing whether to outsource our IT support and data processing to reduce costs and improve service consistency. We need someone to assess our current IT processes, benchmark against similar firms, and recommend a clear outsourcing strategy. Deliverable: written assessment and strategic plan with vendor selection criteria. Engagement duration: 4-6 weeks.",,HIRER,Financial Services,,industry_v1,2026-10-01T22:26:54,9.2,Minimal,Owner intro,named
aesg.com__portfolio-item_drapers-garden.md,qwen3.6:35b,AESG,Fire & Life Safety,Fire Safety Assessment for Office Entrance Changes,I manage facilities for a mid-sized office building in Singapore with connected atria. I’m planning to alter the ground floor entrance doors and need a specialist to assess how this affects our existing fire and life safety strategy and means of escape. Please review the proposed elevations against current BCA building codes and advise on any necessary adjustments to ensure we remain compliant with local safety regulations. Deliverable: a fire safety impact report and updated life safety strategy document. Engagement duration: 3-4 weeks.,,HIRER,Construction & Real Estate,,industry_v1,2026-10-01T22:26:57,10.1,Standard,Individual poster,none
axiomlaw.com__industries_aerospace-defense_california_san-francisco.md,qwen3.8:27b,Axiom,,Contract Data Migration for Aerospace Firm,"A small aerospace components maker in Singapore with 25 staff is moving its contract repository into Ironclad CMS. The current system is disorganised, leading to data inaccuracy. A specialist needs to clean up and upload approximately 1,400 existing contracts into the new system, ensuring metadata and terms are correctly tagged and structured. This is a data migration task focused on improving searchability and accuracy within the specific CMS platform.
Deliverable: Fully populated Ironclad CMS with cleaned contract data.
Engagement duration: 3-4 weeks.","Source indicates savings of S$24,000 (approx.) and 20-30% data accuracy improvement.",HIRER,Professional Services,,industry_v1,2026-10-01T22:26:55,13.04,Minimal,Context first,none
kroll.com__en_client-stories_historic-painting-retailer-rescued-through-strategic-administration.md,qwen3-vl:32b,Kroll (Duff & Phelps),Restructuring Team,Assess Financial Health and Prepare Sale Strategy for Retail Chain,"We run a 45-branch painting and decorating retail chain in Singapore, with a long-standing local reputation. After an expansion that led to losses over the past 18 months, we’re facing financial pressure and need to act quickly to protect our 150 staff and maintain operations. We need someone to review our financial position, assess our branch network, and prepare a targeted sale strategy to find a buyer. This includes drafting a clear Information Memorandum and identifying potential buyers in the market. Deliverable: a financial assessment report and a sale strategy document with buyer targets. Engagement duration: 6-8 weeks.",,HIRER,Retail & Consumer,,industry_v1,2026-10-01T22:26:57,11.56,Standard,Problem first,named
bridgespan.org__insights_David-Weekley_Contracting-experts-David-Weekley-doesnt-want-to.md,qwen3-vl:32b,Bridgespan,,Assess and Improve Nonprofit Fundraising Strategy,"We are a small community-focused nonprofit in Singapore with about 15 staff, and we need help improving our fundraising approach. We’ve been relying on personal connections and sporadic events, but we want to build a more structured and sustainable strategy. We need someone to review our current fundraising activities, identify gaps, and suggest practical improvements we can implement with our existing team and resources. Deliverable: a short assessment report with findings and a prioritised list of 3-5 recommended actions. Engagement duration: 3-4 weeks.",,HIRER,Social Services & Non-profit,,industry_v1,2026-10-01T22:26:48,20.82,Detailed,Owner intro,none
arup.com__projects_east-anglia-one.md,qwen3.8:27b,Arup,,Foundation Feasibility Study for Offshore Wind Platform,We are an offshore wind developer in Singapore preparing for a demonstration project. We need an engineer to assess whether innovative materials are viable for constructing our new platform. The goal is to confirm technical feasibility and identify any risks before we commit to procurement. Deliverable: a written feasibility study on the proposed innovative materials. Engagement duration: 4-6 weeks.,,HIRER,Energy & Resources,,industry_v1,2026-10-01T22:27:03,7.43,Standard,Owner intro,none
arup.com__insights_delivering-impact-the-partnership-between-the-uk-and-peru-for-infrastructure-reconstruction.md,qwen3.6:35b,Arup,,Impact Evaluation Report for Flood Protection Projects,"We are a Singaporean town council managing integrated flood protection infrastructure and need an independent assessment of our recent works. We require a specialist to evaluate the social and economic impact of our flood mitigation assets, combining community surveys, focus groups, and economic forecasting to measure value for money.

Deliverable: written impact evaluation report covering social benefits, economic forecasting, and community satisfaction scores.
Engagement duration: 4-6 weeks.",,HIRER,Public Sector,,industry_v1,2026-10-01T22:27:07,10.59,Standard,Problem first,none
grantthornton.com__content_grantthornton_language-masters_en_insights_case-studies_nfp_2026_how-leaders-regained-control-of-data-risks.md,qwen3.8:27b,Grant Thornton,,Microsoft Purview Data Security Baseline Assessment,"We are a not-for-profit organisation in Toa Payoh with about 45 staff. Our current cybersecurity setup is fragmented, and a recent internal review indicated that sensitive data may be exposed. We need to get a clear picture of where we stand before we commit to expensive remediation. We are using Microsoft Purview, but we don't know which of its 14 solutions are actually working or where the gaps are. We need someone to audit our current configuration and compare it against a standard maturity model. This will help us define our sensitive data categories and understand the difference between our perceived and actual security posture. Deliverable: a baseline report scoring the 14 Purview solutions and identifying the top security gaps. Engagement duration: 4-6 weeks.",,HIRER,OTHER,,industry_v1,2026-10-01T22:27:04,14.36,Detailed,Owner intro,named
kpmg.com__xx_en_what-we-do_services_kpmg-client-stories_digital-transformation-and-disruption_optimizing-workforce-skills-and-agil.md,qwen3.8:27b,KPMG,,Map Skill Gaps for Digital Team,We are a mid-sized pharmaceutical firm in Singapore with a 45-person digital and technology team. We need to identify the specific skills required for our future roles versus what our current staff possess. Please analyse our job descriptions and employee profiles to map supply against demand and highlight key gaps. Deliverable: a written report mapping current skills to future requirements and listing prioritised upskilling needs. Engagement duration: 4-6 weeks.,,HIRER,Healthcare,,industry_v1,2026-10-01T22:27:08,13.13,Minimal,Problem first,none
fticonsulting.com__insights_case-studies_contract-fusion-optimizing-vendor-relationships-merged-technology-company.md,qwen3-vl:32b,FTI Consulting,FTI Technology Contract Solutions,Review and Optimize Vendor Contracts After Merger,"We are a merged technology company in Singapore, formed from two businesses, and need to streamline our vendor contracts. We have duplicate and overlapping agreements across the combined portfolio, and want to identify which contracts to terminate, consolidate, or renegotiate to save costs and avoid service gaps. We need someone to review our vendor contracts, analyze terms and spend data, and create clear summaries for each vendor. Deliverable: vendor summary reports with recommendations for each contract, including termination, consolidation, or renegotiation options. Engagement duration: 4-6 weeks.",,HIRER,Technology & Software,,industry_v1,2026-10-01T22:27:20,8.42,Standard,Owner intro,none
erm.com__projects_designing-a-future-fit-sustainability-methodology.md,qwen3-vl:32b,ERM,,Review Sustainability Assessment Methodology for Chemical Manufacturer,"A specialty chemical manufacturer in Singapore with 35 staff is updating its product portfolio sustainability assessment tool to align with global standards. They need someone to review their existing methodology against the WBCSD Portfolio Sustainability Assessment (PSA) 2.0 framework, identify gaps, and recommend changes for better alignment. The work includes checking terminology, structure, and quality criteria, and ensuring the tool can adapt to upcoming EU regulations like the Green Claims Directive and Eco-design for Sustainable Products Regulation. Deliverable: written assessment report with gap analysis and prioritised recommendations. Engagement duration: 4-6 weeks.",,HIRER,Manufacturing,,industry_v1,2026-10-01T22:27:29,8.89,Standard,Context first,named
kroll.com__en_client-stories_securing-buyer-restaurant-business.md,qwen3.8:27b,Kroll,Investment Banking practice,Identify Strategic Buyers for Restaurant Asset Sale,"We are a private equity firm selling a restaurant business in Singapore. We need an outside specialist to build a targeted list of potential strategic and financial buyers who will pay a premium, as our management team only shares in proceeds above a specific valuation. You will research and approach suitable bidders, including international buyers, to create a competitive auction environment. Deliverable: a vetted list of qualified potential buyers and a pitch strategy to secure a premium valuation. Engagement duration: 4-6 weeks.",,HIRER,Food & Beverage,,industry_v1,2026-10-01T22:27:35,11.34,Standard,Owner intro,none
mathematica.org__projects_american-indian-and-alaska-native-head-start-family-and-child-experiences-survey-ai-an-faces.md,qwen3-vl:32b,Mathematica,,Design Culturally Responsive Survey for Head Start Program,"I run a small early childhood development centre in Singapore that serves low-income families and wants to understand how our services impact children and parents. We need someone to design a short, culturally respectful survey for parents and staff, based on best practices in community-based research. The survey should include questions on family well-being, child development, and service access, and be easy to administer in person or via mobile. Deliverable: draft survey instrument with instructions for use. Engagement duration: 3-4 weeks.",,HIRER,Social Services & Non-profit,,industry_v1,2026-10-01T22:27:36,10.21,Minimal,Individual poster,none
kpmg.com__us_en_how-we-work_client-stories_ai-grc-financial-services-html.md,qwen3.6:35b,KPMG,,Machine learning governance framework design,"We are a six-person financial payments startup in Singapore aiming to balance frictionless transactions with robust fraud prevention. With increasing regulatory scrutiny from MAS on algorithmic decisioning, we need an expert to build a machine learning governance framework for our current and future models. The scope covers assessing data quality, bias, and explainability controls, and designing procedures to evaluate model risk. Deliverable: written governance framework and evaluation procedures. Engagement duration: 4-6 weeks.",,HIRER,Financial Services,,industry_v1,2026-10-01T22:27:46,7.27,Standard,Problem first,named
axiomlaw.com__industries_aerospace-defense_new-york_buffalo.md,qwen3.6:35b,Axiom,,Review Supplier Data Security Compliance Against DFARS and NIST,"We are a precision components manufacturer in Singapore supplying parts for the aerospace sector. We need an independent legal specialist to review our current supplier data security practices against DFARS and NIST cybersecurity protocols to ensure we meet our contractual obligations. Please assess our existing controls, identify gaps in our handling of controlled technical data, and recommend immediate remedial steps. Deliverable: a concise gap analysis report with prioritised action items. Engagement duration: 2-3 weeks.",,HIRER,Professional Services,,industry_v1,2026-10-01T22:27:46,7.45,Standard,Problem first,none
aesg.com__portfolio-item_dubai-creek-harbour.md,qwen3.6:35b,AESG,,Fire and Life Safety Design Review for Mixed-Use Site,"We are a boutique real estate developer with a mixed-use project in Singapore and need specialist input on fire and life safety compliance. With our building plans approaching finalisation, we require an independent consultant to review our current fire safety design against local building codes and identify any gaps before we submit for approval. We need a targeted review of the escape routes, fire compartmentation, and alarm systems for a single mid-rise block, not a full-site audit. Deliverable: written fire safety gap analysis and prioritised design recommendations. Engagement duration: 4 weeks.",,HIRER,Construction & Real Estate,,industry_v1,2026-10-01T22:27:47,9.06,Minimal,Problem first,named
grantthornton.com__insights_case-studies_advisory_2026_safety-researcher-launches-business-with-workday-erp.md,qwen3.8:27b,Grant Thornton,Technology Modernization,Define Requirements for New Entity ERP Selection,"We are a small safety research institute in Tanjong Pagar, having just separated from a larger parent organisation to operate as a standalone not-for-profit. With key operational roles still vacant, we need to define our future-state operating model for finance, accounting, and human resources before we can proceed with an ERP platform. We require an independent specialist to facilitate functional requirement discovery sessions, document our specific ERP needs, and support a structured RFP process to select a suitable vendor. This work is critical to ensure our new systems reinforce clear ownership and accountability from day one, reducing execution risk during this high-stakes transition. Deliverable: detailed functional requirements documentation and a structured RFP report with vendor scoring. Engagement duration: 4-6 weeks.",,HIRER,OTHER,,industry_v1,2026-10-01T22:27:52,12.78,Detailed,Owner intro,named
alvarezandmarsal.com__case-study_alvarez-marsal-advises-the-promoters-of-asian-institute-of-medical-sciences-on-securing-private-credit-from-3.md,qwen3-vl:32b,Alvarez & Marsal,Corporate Finance,Secure Private Credit for Hospital Shareholding Consolidation,"We are a multi-specialty hospital group in Singapore with three clinics and a central facility, operating under a single healthcare licence. We need to consolidate our promoters’ shareholding to strengthen ownership and prepare for future growth. To do this, we require a financial advisor to structure and negotiate a private credit deal with a local investment firm. The advisor must assess our financials, prepare a compelling proposal, and manage the negotiation process. Deliverable: a finalised private credit agreement and supporting financial documentation. Engagement duration: 6-8 weeks.",,HIRER,Healthcare,,industry_v1,2026-10-01T22:27:53,11.64,Standard,Owner intro,none
arup.com__projects_neuconnect.md,qwen3.6:35b,Arup,,HVDC Grid Interface and Regulatory Submission Review,"We are a single-team energy startup in Singapore developing an HVDC interconnector project. We need an owner’s engineering specialist to facilitate technical and commercial interfaces with local transmission system operators and prepare regulatory submissions. The work involves ensuring the connection scheme meets local grid requirements and supporting the business case for funding approval, leveraging our existing developer team. Deliverable: completed interface strategy document and regulatory submission package. Engagement duration: 4-6 weeks.",,HIRER,Energy & Resources,,industry_v1,2026-10-01T22:27:52,15.9,Standard,Owner intro,named
fticonsulting.com__insights_case-studies_driving-200-million-product-migration-1-billion-hr-tech-firm.md,qwen3.6:35b,FTI Consulting,,Map migration paths from legacy to core product,"We are a Singapore-based SaaS firm planning to phase out legacy product lines in favour of our core platform. We need a specialist to map out clear service migration paths for our customers, identifying feature gaps between the old and new offerings. You will build a project-roadmap tool to track these differences, helping us size the customer success support required and mitigate dissatisfaction during the transition. Deliverable: documented migration pathways and a gap-tracking roadmap. Engagement duration: 3-4 weeks.",,HIRER,Technology & Software,,industry_v1,2026-10-01T22:28:07,11.77,Detailed,Owner intro,none
erm.com__projects_dic-corporation.md,qwen3.8:27b,ERM,,EHS Compliance Review for Chemical Site,"We are a mid-sized chemical manufacturer in Singapore with 80 staff operating a single production facility. We are voluntarily adopting the Responsible Care® initiative to improve our Environmental, Health and Safety performance and communicate better with stakeholders. We need an external specialist to conduct a high-level management system review of our site against the RC code and key local EHS regulations. The review should assess our current EHS practices and identify gaps in process safety and occupational health. Deliverable: a written report ranking our risk areas and listing specific recommendations to bring us into compliance. Engagement duration: 3-4 weeks.",,HIRER,Manufacturing,,industry_v1,2026-10-01T22:28:15,12.44,Standard,Owner intro,none
kroll.com__en_client-stories_tea-industry-giant-faces-storm-kroll-delivers-solution.md,qwen3.8:27b,Kroll,Restructuring,Mediate Stakeholder Negotiations for Tea Company Sale,"We are a small tea packaging and distribution business in Bedok with 32 staff. Recent supply chain disruptions and a facility security incident have accelerated our move to third-party manufacturing, straining our cash reserves. We need an independent specialist to mediate between our creditors and potential buyers to secure a sale that preserves the brand and workforce. Deliverable: successful completion of the sale transaction. Engagement duration: 4-6 weeks.",,HIRER,Food & Beverage,,industry_v1,2026-10-01T22:28:27,7.79,Minimal,Owner intro,named
kpmg.com__us_en_how-we-work_client-stories_artificial-intelligence-risk-financial-services-html.md,qwen3.6:35b,KPMG,,AI Model Bias Validation Proof of Concept,"A mid-sized insurance agency in Singapore is moving to a centralized AI workbench but needs to validate its credit-limiting algorithms before launch. To comply with MAS guidelines on fair lending and avoid unintended bias, the agency requires a specialist to build a proof of concept that detects errors and bias in the model outputs. The specialist must write custom validation scripts using Python and leverage open-source libraries to integrate directly into the client's cloud-based AI platform. Deliverable: validated proof of concept with bias detection scripts and a summary report of model risks. Engagement duration: 4-5 weeks.",,HIRER,Financial Services,,industry_v1,2026-10-01T22:28:30,10.1,Standard,Context first,named
aesg.com__portfolio-item_dubai-hills-mall.md,qwen3.8:27b,AESG,,Develop T&C Strategy for Retail Building Services,"We are the facility management team for a 5,000m2 retail complex in Jurong with 80 tenants. As we prepare for the next BCA inspection, we lack an in-house plan to test our MEP systems. We need a specialist to develop a Testing & Commissioning (T&C) strategy for our air-conditioning and electrical systems, ensuring they meet design performance outcomes. This involves defining the testing protocols and verification steps required to confirm system functionality before handover or major upgrades.
Deliverable: Written T&C strategy document with defined test procedures. Engagement duration: 4-6 weeks.",,HIRER,Construction & Real Estate,,industry_v1,2026-10-01T22:28:35,11.11,Standard,Owner intro,named
kroll.com__en_client-stories_unlocking-hidden-value-kroll-doubles-clients-sale-price.md,qwen3.8:27b,Kroll,Mergers and Acquisitions (M&A) Advisory,Independent Valuation Report for Minority Stake Sale,"I run a retail chain with 70 outlets in Singapore and hold a minority stake in a local manufacturing partner. We need to divest this stake, and the controlling shareholder is the only viable buyer. Previous direct negotiations stalled because they undervalued the interest. I need an independent valuation of this stake, benchmarked against the parent company’s financials, to establish a defensible fair market price. Deliverable: a written valuation report supporting the target sale price. Engagement duration: 3-4 weeks.",,HIRER,Retail & Consumer,,industry_v1,2026-10-01T22:28:35,12.27,Minimal,Individual poster,named
arup.com__projects_alto-high-speed-rail.md,qwen3-vl:32b,Arup,,Review Rail Alignment Concept for New Electrified Line,"We are a mid-sized rail infrastructure project team in Singapore, planning a new electrified rail line connecting two major urban centres. We need to assess the initial alignment concept for technical feasibility, environmental impact, and community effects before moving to detailed design. We want someone to review the proposed route, evaluate potential risks to nearby areas, and identify key engineering challenges. Deliverable: report with alignment assessment, risk summary, and recommendations for adjustments. Engagement duration: 3-5 weeks.",,HIRER,Public Sector,,industry_v1,2026-10-01T22:28:40,11.34,Standard,Owner intro,none
grantthornton.com__insights_case-studies_asset-management_2025_how-an-investment-firm-optimized-tax-depreciation.md,qwen3-vl:32b,Grant Thornton,,Optimize Tax Depreciation for Real Estate Portfolio,"We are a real estate investment firm in Singapore with a portfolio of 20+ properties, acquiring and selling assets frequently. We need help to accurately calculate, track, and forecast tax depreciation for our fixed assets to meet tight quarterly and year-end reporting deadlines. The current process is manual and time-consuming, making it hard to plan proactively. We want someone to assess our current depreciation tracking method, identify gaps, and recommend improvements for more accurate and timely reporting. Deliverable: written assessment of current process with recommendations for optimization. Engagement duration: 3-4 weeks.",,HIRER,OTHER,,industry_v1,2026-10-01T22:28:39,21.57,Standard,Owner intro,none
alvarezandmarsal.com__press-release_ontario-teachers-announces-sale-of-sahyadri-hospitals-alvarez-marsal-and-jefferies-acted-as-financial-advi.md,qwen3-vl:32b,Alvarez & Marsal,Corporate Finance,Financial Advisory for Hospital Stake Sale,"We are a private equity-backed hospital group in Pune, Maharashtra, with 11 hospitals and over 1,400 beds. We’re preparing to sell a majority stake to a larger healthcare provider and need financial advisory support. We require a specialist to assist with valuing our stake, preparing financial disclosures, and supporting negotiations. This includes reviewing key financial statements, preparing investor-facing materials, and coordinating with legal and accounting advisors. Deliverable: financial advisory report with valuation analysis and transaction support documentation. Engagement duration: 6-8 weeks.",,HIRER,Healthcare,,industry_v1,2026-10-01T22:28:40,26.87,Standard,Owner intro,named
fticonsulting.com__insights_case-studies_from-downside-to-greenlight-25pc-revenue-gap-mitigated.md,qwen3-vl:32b,FTI Consulting,,Review Revenue Projections for Smart Home Device Startup,"We are a Singapore-based tech startup developing smart home devices, planning to raise capital through a SPAC merger. We need someone to review our top-line revenue projections, focusing on market growth, product volumes, and R&D needs, to identify any material gaps. The specialist should assess our sales forecast against market dynamics and competitive positioning, using our historical data and current plans. Deliverable: detailed analysis report with revenue gap assessment and actionable recommendations. Engagement duration: 3-5 weeks.",,HIRER,Technology & Software,Financial Services,industry_v1,2026-10-01T22:28:58,9.92,Standard,Owner intro,named
erm.com__projects_eu-reach-consortium-titanium-dioxide.md,qwen3.6:35b,ERM,ReachCentrum,SIEF Agreement and Data Access for Chemical Suppliers,"We are a Singapore-based chemical trading company importing titanium dioxide-based products. To comply with local chemical safety regulations and ensure our supply chain remains compliant, we need to access existing substance data held by registered manufacturers. We need a specialist to act as a neutral facilitator: draft the Substance Information Exchange Forum (SIEF) agreement and Letters of Access, and handle the administrative setup for sharing test data with key raw material suppliers. Deliverable: executed SIEF agreement, Letters of Access, and supplier contracts. Engagement duration: 3-4 weeks.",,HIRER,Manufacturing,,industry_v1,2026-10-01T22:29:01,17.08,Standard,Owner intro,named
kpmg.com__us_en_how-we-work_client-stories_firm-drives-efficiency-with-tax-managed-services-html.md,qwen3.8:27b,KPMG,Tax Managed Services,Tax Operations Efficiency Assessment,"We are a mid-sized asset management firm in Singapore managing private markets funds. Currently, we rely on multiple external providers for tax compliance and deal support, which has become inefficient and costly as we launch new products. We need a specialist to review our current tax operations, identify where consolidating services would save money, and outline how to integrate front-office deal data into our reporting process. Deliverable: a written assessment of current tax workflows and a prioritised list of operational improvements. Engagement duration: 3-4 weeks.",,HIRER,Financial Services,,industry_v1,2026-10-01T22:29:21,8.16,Standard,Owner intro,named
axiomlaw.com__industries_aerospace-defense_new-york_syracuse.md,qwen3.8:27b,Axiom,,Aerospace Contract Data Cleanup for CMS Migration,"A small aerospace parts manufacturer in Singapore is migrating its contract files from a shared drive to a new Contract Management System (CMS). The archive contains roughly 1,400 active and expired contracts that are currently unstructured, with inconsistent naming and missing key data points. We need a specialist to review this batch, extract critical fields (parties, values, dates) into a standardised format, and correct obvious data errors to ensure accuracy in the new system. The goal is to improve data integrity by an estimated 20-30% compared to the current state. Deliverable: a cleaned dataset ready for upload to the CMS. Engagement duration: 4-6 weeks.",,HIRER,Professional Services,,industry_v1,2026-10-01T22:29:22,8.11,Standard,Context first,none
aesg.com__portfolio-item_dubawi-tower.md,qwen3-vl:32b,AESG,,Prepare Environmental Impact Assessment Summary for High-Rise Development,"We are a Singapore-based architectural firm working on a high-rise mixed-use development in the city. As part of the building approvals, we need to submit an environmental impact assessment summary to the relevant authorities. We’re looking for someone to prepare this summary based on the project description and environmental data, ensuring it meets local regulatory requirements for high-rise developments. Deliverable: completed environmental impact assessment summary report for submission. Engagement duration: 3-4 weeks.",,HIRER,Construction & Real Estate,,industry_v1,2026-10-01T22:29:24,11.06,Minimal,Problem first,none
kroll.com__en_client-stories_unveiling-corrupt-distribution-network-abc-risk-assessments.md,qwen3.6:35b,Kroll,,Anti-Bribery Risk Assessment for Distribution Network,"We are a regional distribution company in Singapore looking to vet our new partners against anti-bribery and corruption (ABC) risks. We need a specialist to map ownership structures, identify shared beneficial owners, and flag any links to sanctioned entities or criminal networks within our key markets. Deliverable: risk assessment report with a ranked list of distributor risks. Engagement duration: 3-4 weeks.",,HIRER,Retail & Consumer,,industry_v1,2026-10-01T22:29:28,8.89,Minimal,Owner intro,named
grantthornton.com__insights_case-studies_asset-management_2025_how-tech-modernization-enabled.md,qwen3.6:35b,Grant Thornton,,Review incentive compensation setup in Oracle Cloud HCM,"A small asset management firm in Singapore is struggling with manual incentive compensation calculations for its financial advisors. The firm uses Oracle Cloud HCM but has not yet configured the automated compensation modules, leading to errors and delayed commission payments. We need a specialist to review the current setup, identify gaps in the configuration for advisor commissions, and propose specific steps to automate these calculations within the existing system to improve accuracy and reduce administrative overhead. Deliverable: gap analysis and configuration roadmap for Oracle Cloud HCM compensation. Engagement duration: 2-3 weeks.",,HIRER,OTHER,,industry_v1,2026-10-01T22:29:29,11.89,Standard,Context first,none
arup.com__services_digital-solutions_sea-level-rise-insights-tool.md,qwen3.8:27b,Arup,Digital Solutions,Flood Risk Model for Coastal Asset Portfolio,"We are a property management firm in Singapore with 12 coastal sites. We need to integrate sea level rise uncertainty into our flood risk assessment to guide resilience spending. Please use the Cambridge-based modelling framework to run reduced-complexity scenarios for wave overtopping and flood spreading, propagating the results into an economic Net Present Value analysis. This ensures worst-case scenarios are weighted correctly in our decision-making. Deliverable: a risk model report with prioritised economic interventions. Engagement duration: 4-6 weeks.",,HIRER,Energy & Resources,,industry_v1,2026-10-01T22:29:29,13.21,Minimal,Owner intro,none
alvarezandmarsal.com__press-release_redcliffe-labs-divests-crysta-ivf-to-moon-care-private-limited-to-strengthen-focus-on-diagnostics.md,qwen3.8:27b,Alvarez & Marsal,Corporate Finance,Financial Advisory for Fertility Clinic Divestment,"We are a Singapore-based diagnostics provider with a small in-house fertility clinic that we plan to sell to focus on our core lab services. We need an outside specialist to advise us through the sale process. The work involves preparing the clinic’s financial data for potential buyers, assessing valuation, and coordinating with the prospective buyer’s team to close the deal. We want to ensure the transition is smooth for our existing patients and staff, with no disruption to ongoing care. Deliverable: a completed sale transaction with all necessary financial documentation and a transition plan. Engagement duration: 4-6 weeks.",,HIRER,Healthcare,,industry_v1,2026-10-01T22:29:33,10.51,Detailed,Problem first,none
arup.com__projects_auckland-urban-heat-assessment.md,qwen3.8:27b,Arup,,Urban Heat Island Assessment for Singapore Town Council,"We are a town council managing a residential estate in Pasir Panjang and need to understand local heat patterns for our climate adaptation plan. Please use the WRF model and UHeat to analyse air temperature data for our specific boundaries, integrating local landcover, building height, and population density data. The analysis should cover a recent five-month period to capture peak heat conditions and identify where urban heat island effects are strongest. We need to know how local factors drive temperature variations compared to surrounding green areas.

Deliverable: technical report with geospatial heat maps and a prioritised list of mitigation strategies for the estate. Engagement duration: 4-6 weeks.",,HIRER,Public Sector,,industry_v1,2026-10-01T22:29:30,14.67,Standard,Problem first,named
fticonsulting.com__insights_case-studies_reimagining-global-digital-media-brand-ai-native.md,qwen3-vl:32b,FTI Consulting,,Assess AI Readiness for Digital Media Startup,"We run a digital media and edtech startup in Singapore with 15 staff, focused on online learning content. We want to explore how AI can help us improve content creation and personalization, but we don’t have in-house expertise. We need someone to review our current tech stack, content workflow, and data sources, and assess our readiness to adopt AI tools. They should map out 3-5 potential AI use cases that fit our business, such as automated content summarization or student engagement analytics. Deliverable: short report with AI readiness assessment and 3 prioritized use case ideas. Engagement duration: 3-4 weeks.",,HIRER,Technology & Software,Education,industry_v1,2026-10-01T22:29:45,8.32,Standard,Problem first,named
erm.com__projects_evonik.md,qwen3-vl:32b,ERM,,Assess and Standardize Safety Reporting Processes,"We are a specialty chemicals manufacturer with 35 staff in Singapore, expanding through acquisitions. Our safety reporting is currently done on paper and spreadsheets, leading to inconsistent data and difficulty tracking incidents. We need someone to assess our current safety reporting processes, identify gaps, and recommend standardized workflows that align with MOM workplace safety rules. They should map existing reporting practices, suggest improvements for consistency and compliance, and document the findings. Deliverable: written assessment report with process recommendations and a gap analysis. Engagement duration: 3-4 weeks.",,HIRER,Manufacturing,,industry_v1,2026-10-01T22:29:55,21.0,Standard,Owner intro,none
kroll.com__en_publications_cyber_case-studies_online-skimming-attack-work-from-home-arrangements.md,qwen3.8:27b,Kroll,Digital Forensics and Incident Response,Investigate E-Commerce Payment Card Skimming,"We run a high-end meats e-commerce platform in Singapore. After receiving several customer complaints of unauthorized credit card transactions, we suspect our checkout page has been compromised. We need a specialist to trace the cardholder data flow using a test card and review webserver access logs to identify the intrusion point and malicious script. Deliverable: a forensic report identifying the compromised code, the initial access vector, and the timeline of the breach. Engagement duration: 2-3 weeks.",,HIRER,Food & Beverage,,industry_v1,2026-10-01T22:30:15,7.65,Minimal,Problem first,none
opml.co.uk__insights_rethinking-success-skills-training-evidence-indias-skill-impact-bond.md,qwen3-vl:32b,Oxford Policy Management,,Evaluate Youth Skills Training Outcomes for Employment Placement,"We are a social impact organisation in Singapore running a youth skills training programme for 100 young people, with a focus on women. We need someone to review our training outcomes, including certification, job placement, and three-month retention, to assess if the programme is working. We want to understand what’s helping trainees get and keep jobs, especially for women, and where gaps remain. We’re using an outcomes-based model, so we need to verify results against our targets. Deliverable: report with verified outcomes and key insights on placement and retention. Engagement duration: 4-6 weeks.",,HIRER,Social Services & Non-profit,Education,industry_v1,2026-10-01T22:30:15,13.83,Minimal,Owner intro,named
axiomlaw.com__industries_construction_new-york_rochester.md,qwen3.8:27b,Axiom,,Review Pre-M&A Construction Contracts for Acquisition Target,"We are a mid-sized Singapore construction firm with 50 staff looking to acquire a smaller competitor. We need a specialist to review the target’s key construction and supply agreements to identify risks before we sign. The focus is on reviewing existing contracts for standard terms, liabilities, and compliance issues relevant to the acquisition. Deliverable: A concise due diligence report highlighting key contractual risks and recommended negotiation points. Engagement duration: 1-2 weeks.",,HIRER,Professional Services,,industry_v1,2026-10-01T22:30:22,7.87,Minimal,Problem first,none
aesg.com__portfolio-item_east-village.md,qwen3.6:35b,AESG,,External wall fire safety review for residential building,"A freehold residential development in Singapore comprising 40 blocks of flats and townhouses is conducting routine compliance checks for its common areas. The owner’s corporation needs an independent specialist to review existing building information and carry out a targeted visual inspection of the external wall systems on one representative block. The specialist must assess the current condition and fire performance of the cladding and insulation systems, noting any defects or non-compliant materials identified during the site visit. Deliverable: written external wall inspection report for the selected block. Engagement duration: 3-4 weeks.",,HIRER,Construction & Real Estate,,industry_v1,2026-10-01T22:30:23,10.68,Minimal,Context first,none
kroll.com__en_publications_cyber_case-studies_accelerating-contract-review-from-months-to-weeks.md,qwen3-vl:32b,Kroll (Duff & Phelps),Discovery Solutions Team,Automate Legacy Contract Data Extraction with Relativity,"We are a mid-sized travel services company in Singapore with 35 staff, managing over 1,500 legacy contracts across our operations. We need to extract 20 key data points (such as renewal terms, termination clauses, and governing law) from scanned contracts to centralize them in our contract management system. We’re looking for someone to set up an automated pipeline using Relativity Contracts and GenAI prompts to extract and validate this data. Deliverable: automated extraction workflow with custom AI prompts and a sample report of extracted data points. Engagement duration: 4-6 weeks.",,HIRER,Retail & Consumer,,industry_v1,2026-10-01T22:30:23,11.52,Standard,Owner intro,named
grantthornton.com__insights_case-studies_energy_2025_distribution-transformation-cuts-costs-for-utilities-supplier.md,qwen3.6:35b,Grant Thornton,,Engineer product weights and dimensions for warehouse model,"We are a Singapore-based utilities distribution company with about 35 staff managing a single warehouse. Our current WMS lacks accurate physical data for our inventory, preventing us from modelling capacity or slotting strategies properly. We need a specialist to clean our product master data and engineer missing weights, dimensions, and stackability metrics for approximately 25,000 SKUs to support a new distribution capacity model. Deliverable: a validated dataset of engineered product specifications covering the majority of our active inventory. Engagement duration: 4-5 weeks.",,HIRER,OTHER,,industry_v1,2026-10-01T22:30:30,8.75,Standard,Owner intro,none
aesg.com__portfolio-item_al-jalila-childrens-specialty-hospital.md,qwen3.6:35b,AESG,,Fire Safety Strategy Review for Specialist Hospital,"I run a specialist medical centre in Singapore with several operating theatres and patient wards. Before we hand over the building or undergo inspection, we need an independent expert to review our fire and life safety strategy. You’ll check the design against local regulations, review the cause and effect matrix for our systems, and verify the commissioning of those fire safety systems. Deliverable: written assessment report with design compliance notes and commissioning verification findings. Engagement duration: 4-6 weeks.",,HIRER,Healthcare,,industry_v1,2026-10-01T22:30:33,7.24,Standard,Individual poster,none
bdo.com__insights_case-studies_bdo-digital-key-to-industrial-services-startup-launching-in-6-months.md,qwen3-vl:32b,BDO,BDO Digital,Set Up Cloud ERP for New Industrial Services Startup,"We are a new industrial services startup in Singapore, formed from a carve-out, with 20 employees and plans to grow to 100 in 18 months. We need to set up our core business systems fast, without hiring an in-house IT team. We’re launching with a cloud-based ERP to manage finance, operations, and HR, and we need someone to design and implement the core system for our first office. The specialist will configure Acumatica for our needs, set up Microsoft 365 for communication and collaboration, and ensure data flows correctly between systems. Deliverable: fully configured Acumatica ERP and Microsoft 365 environment with documentation and training materials. Engagement duration: 6-8 weeks.",,HIRER,Energy & Resources,,industry_v1,2026-10-01T22:30:29,11.91,Detailed,Owner intro,none
arup.com__projects_clean-energy-investment-plan.md,qwen3-vl:32b,Arup,,Develop Clean Energy Investment Portfolio for Industrial Area,"We’re a precision components manufacturer with 35 staff in Jurong, and we want to reduce our carbon footprint by investing in on-site clean energy. We need someone to design a decarbonisation plan for our factory, focusing on energy efficiency, solar PV, and heat recovery. The specialist should assess our current energy use, identify feasible technologies, and create a prioritised investment roadmap. Deliverable: a tailored investment portfolio plan with cost estimates and implementation steps. Engagement duration: 4-6 weeks.",,HIRER,Public Sector,Energy & Resources,industry_v1,2026-10-01T22:30:33,8.81,Standard,Problem first,named
erm.com__projects_ford-motor-company.md,qwen3-vl:32b,ERM,,Environmental Site Assessment for Industrial Facility,"We are a precision components manufacturer with 35 workers in Singapore, planning to divest one of our production facilities. We need someone to carry out a Phase I Environmental Site Assessment (ESA) for this site, including a desktop review, on-site interviews, and compliance check against local environmental rules. The assessment must identify any potential environmental liabilities and estimate associated costs. Deliverable: completed Phase I ESA report with liability assessment and cost estimate. Engagement duration: 3-4 weeks.",,HIRER,Manufacturing,,industry_v1,2026-10-01T22:30:49,11.34,Minimal,Owner intro,none
kroll.com__en_publications_cyber_case-studies_quick-service-restaurant-sector-enterprise-grade-security.md,qwen3-vl:32b,Kroll (Duff & Phelps),,CrowdStrike Deployment for Quick-Service Restaurant Chain,"We run a quick-service restaurant chain with 15 outlets across Singapore and need to strengthen our cybersecurity quickly. Our IT team is small and can’t handle a large deployment, so we need someone to deploy CrowdStrike Falcon Endpoint Protection across all our locations in under 24 hours. The specialist must set up Falcon, configure endpoint protection, and ensure seamless integration with our existing systems. Deliverable: fully deployed CrowdStrike Falcon environment with operational endpoint protection across all sites. Engagement duration: 1-2 days.",,HIRER,Food & Beverage,,industry_v1,2026-10-01T22:31:00,10.34,Standard,Problem first,named
kpmg.com__xx_en_client-stories_building-trust-and-accountability-in-ai-systems-html.md,qwen3-vl:32b,KPMG,KPMG in the U.S.,Design AI System Card Template for Internal Governance,"We are a mid-sized asset management firm in Singapore with 120 staff, deploying generative AI tools for client reporting and research. We need to improve transparency and governance of our AI systems before they go live. We want someone to design a simple, structured AI system card template that documents key aspects like system purpose, data sources, performance metrics, limitations, and risks. This should align with our internal AI governance policies and help us comply with MAS guidelines on AI use in financial services. Deliverable: editable AI system card template with clear fields and guidance notes. Engagement duration: 3-4 weeks.",,HIRER,Financial Services,,industry_v1,2026-10-01T22:31:04,10.8,Standard,Owner intro,named
aesg.com__portfolio-item_etihad-offices-siemens-headquarters.md,qwen3.6:35b,AESG,,Indoor Air Quality Plan for Office Fit-out,"I am setting up office space in Singapore and need to ensure good indoor air quality (IAQ) during the fit-out. We are working with contractors and suppliers and need someone to help manage the IAQ aspects of the works. Please review material submittals to ensure low-emission products are selected, and advise on construction site ventilation and dust control to protect workers and future occupants. I need you to conduct a couple of spot checks on site during the active build phase to verify controls are in place.
Deliverable: IAQ management plan and material approval notes.
Engagement duration: 2-4 weeks.",,HIRER,Construction & Real Estate,,industry_v1,2026-10-01T22:31:12,8.12,Standard,Individual poster,named
axiomlaw.com__industries_consumer-packaged-goods_pennsylvania_philadelphia.md,qwen3.8:27b,Axiom,,Trademark Clearance Search for New Product,"We are a small Singapore-based CPG brand with a team of 12, preparing to launch a new snack line. Before we invest in packaging and marketing, we need to confirm our proposed brand name is available. We need a specialist to conduct a trademark clearance search to identify any conflicting registrations or pending applications in Singapore and relevant regional jurisdictions. The goal is to identify potential obstacles before we file for registration. Deliverable: written clearance report with risk assessment and next steps. Engagement duration: 2-3 weeks.",,HIRER,Professional Services,,industry_v1,2026-10-01T22:31:10,10.1,Minimal,Owner intro,none
kroll.com__en_publications_cyber_case-studies_ai-deep-discovery-expertise-to-enhance-legal-defensibility.md,qwen3.6:35b,Kroll,Discovery Solutions Team,AI-Assisted Document Review for Legal Dispute,"We are a Singapore-based consumer products company with 40 staff facing a complex commercial dispute over brand misuse and contractual payments. We need to review an initial dataset of about 80,000 emails and documents to support our legal defence. We require a specialist to deploy Relativity aiR for Review to perform the first-pass review, including prompt development, tuning with our legal terms, and statistically validating the AI's performance to ensure legal defensibility. This will significantly reduce the volume of documents requiring manual human review. Deliverable: validated AI review workflow and reduced document set ready for legal counsel. Engagement duration: 4-6 weeks.",,HIRER,Retail & Consumer,Technology & Software,industry_v1,2026-10-01T22:31:13,8.8,Minimal,Owner intro,none
bdo.com__insights_digital_bdo-digital-key-to-industrial-services-startup-launching-in-6-months.md,qwen3.8:27b,BDO,BDO Digital,Architect Cloud ERP Strategy for Startup,We are a newly carved-out industrial maintenance firm with 200 staff and six Singapore sites. Our PE investors require us to scale rapidly while keeping IT costs under 1% of revenue. We need a specialist to design our cloud-based IT architecture. Please recommend a cloud ERP and collaboration stack that integrates our operations without requiring local server infrastructure. Focus on vendor negotiations and license brokering to ensure low total cost of ownership. Deliverable: architectural roadmap and vendor recommendation report. Engagement duration: 4-6 weeks.,,HIRER,Energy & Resources,,industry_v1,2026-10-01T22:31:15,9.84,Standard,Owner intro,none
arup.com__projects_connect-nec-program.md,qwen3.6:35b,Arup,,Rail infrastructure maintenance plan review,We operate a small regional rail line in Singapore facing ageing tracks and need a 15-year maintenance roadmap to meet SMRT licensing standards. Review our current asset inventory and project sequencing to identify funding gaps and schedule conflicts that cause delays. Deliverable: prioritised capital renewal plan with a timeline of works. Engagement duration: 4-6 weeks.,,HIRER,Public Sector,,industry_v1,2026-10-01T22:31:20,9.54,Minimal,Problem first,named
aesg.com__portfolio-item_cleveland-oncology-centre.md,qwen3-vl:32b,AESG,,LEED Gold Consultancy for Oncology Clinic Expansion,"We are a private oncology clinic in Singapore expanding our facilities to include radiation therapy and chemotherapy services. We need a specialist to help us achieve LEED Gold certification for this new wing. The work involves reviewing the design, identifying sustainability features, and preparing documentation to meet LEED requirements. Deliverable: LEED certification application package including design analysis, sustainability strategy, and compliance documentation. Engagement duration: 6-8 weeks.",,HIRER,Healthcare,,industry_v1,2026-10-01T22:31:20,11.63,Standard,Problem first,none
grantthornton.com__insights_case-studies_hospitality-and-restaurants_2026_a-new-erp-has-scooters-coffee-brewing-momentum.md,qwen3.6:35b,Grant Thornton,Technology Modernization,NetSuite ERP assessment for cafe chain,"A six-outlet cafe chain in Singapore needs to modernise its back-office systems to support franchise growth and improve financial visibility. Currently, operations are siloed, causing delays in month-end reporting and limiting real-time insight into inventory and order fulfillment. The hirer requires a specialist to assess current processes and design a migration plan to a unified NetSuite cloud ERP, ensuring the new platform can scale alongside the brand without disrupting daily franchise operations.

Deliverable: ERP implementation blueprint and migration strategy aligned to franchise operations. Engagement duration: 4-6 weeks.",,HIRER,OTHER,,industry_v1,2026-10-01T22:31:20,17.82,Standard,Context first,none
fticonsulting.com__insights_case-studies_transforming-leading-canadian-telecom-group.md,qwen3.8:27b,FTI Consulting,,Cost Optimization Review for Telecom Division,"We are a Singapore-based telecom operator with 120 staff. Our legacy division is eroding margins, and we need to demonstrate cost-saving potential to stakeholders before discussing recapitalization. We need a specialist to review our back-office operations and infrastructure spend to identify efficiency opportunities. Focus on network operational excellence and asset management strategies to quantify potential upside. Deliverable: A cost optimization plan detailing specific savings initiatives with estimated one-time and ongoing costs. Engagement duration: 4-6 weeks.",,HIRER,Technology & Software,,industry_v1,2026-10-01T22:31:32,14.07,Standard,Problem first,none
erm.com__projects_kodak-de-mexico-sa-de-cv.md,qwen3-vl:32b,ERM,,Environmental and Social Assessment for Manufacturing Facility,"We run a manufacturing facility in Singapore producing photographic film, and we need to assess potential environmental and social liabilities before a planned site expansion. We’re engaging a specialist to conduct a Phase I Environmental and Social Assessment (ESA) to review operations, identify any compliance risks with local regulations, and recommend next steps. This includes reviewing site history, operations, and regulatory records. Deliverable: written Phase I ESA report with findings and recommendations. Engagement duration: 4-6 weeks.",,HIRER,Manufacturing,,industry_v1,2026-10-01T22:31:44,9.44,Minimal,Problem first,none
rsmus.com__insights_industries_consumer-goods_rsm-helps-herrs-unify-operations-in-dynamics-365-html.md,qwen3.6:35b,RSM US,,Streamline month-end close and costing in Dynamics 365,"We are a small food manufacturer in Singapore facing slow, manual month-end closes and unreliable production costing. We need a specialist to configure Microsoft Dynamics 365 Finance to automate our financial close processes, replace our spreadsheet-based workflows, and ensure accurate real-time visibility into costs. Deliverable: a working configuration in Dynamics 365 Finance that automates the month-end close and provides accurate production cost tracking. Engagement duration: 4-6 weeks.",,HIRER,Food & Beverage,,industry_v1,2026-10-01T22:31:53,9.71,Standard,Owner intro,named
opml.co.uk__insights_what-funders-need-know-how-scale-early-childhood-development-refugee-settings.md,qwen3-vl:32b,Oxford Policy Management,,Review ECD Programme Delivery Model for Refugee Community Facilitators,"We run a community-based early childhood development programme in a refugee settlement in Singapore, using locally recruited facilitators to deliver play-based, trauma-informed sessions. We’ve seen strong engagement but need to improve consistency and impact. We need someone to review our current delivery model, assess facilitator training and supervision, and identify gaps in programme fidelity and home environment support. This includes evaluating how well we’re integrating with local social services and supporting caregivers’ mental health. Deliverable: written assessment with recommendations for improving delivery quality and sustainability. Engagement duration: 4-6 weeks.",,HIRER,Social Services & Non-profit,,industry_v1,2026-10-01T22:31:54,13.29,Standard,Problem first,none
aesg.com__portfolio-item_expo-2020-belgian-pavilion.md,qwen3.8:27b,AESG,,Fire & Life Safety Consultancy for Pavilion,"We are a Singapore-based event design firm preparing a temporary pavilion structure for an international expo. The building has four structural levels containing auditoriums, a restaurant, and meeting rooms. We need a specialist to handle the Fire & Life Safety consultancy to ensure the design meets safety standards for public assembly spaces. Deliverable: Fire & Life Safety design report and compliance checklist. Engagement duration: 4-6 weeks.",,HIRER,Construction & Real Estate,,industry_v1,2026-10-01T22:32:03,7.32,Minimal,Owner intro,none
erm.com__about_news_erm-client-teck-wins-blms-2017-environmental-sustainability-award-for-the-mccracken-tailings-remediation-proj.md,qwen3.8:27b,ERM,,Biological Survey for Site Remediation Project,"We are a property holding company in Singapore managing a legacy industrial site near Tuas that requires clean-up. Before we start the physical remediation, we need to complete the required environmental surveys. We need a specialist to conduct the biological survey of the site to identify any critical wildlife habitat or plant communities that must be preserved. This ensures our restoration plan meets local environmental standards and allows us to proceed with contractor bidding. Deliverable: a biological survey report detailing species present and conservation constraints. Engagement duration: 4-6 weeks.",,HIRER,Energy & Resources,,industry_v1,2026-10-01T22:32:08,10.75,Standard,Owner intro,named
kroll.com__en_publications_cyber_case-studies_electronic-gift-card-fraud-investigation.md,qwen3.8:27b,Kroll,,Forensic Analysis of Gift Card Fraud Transactions,"We operate a mid-sized retail chain in Singapore with a private label credit card. Since shifting to e-commerce, we’ve seen a 30-fold spike in electronic gift card purchases, totaling S$1.5 million. We need a specialist to investigate whether this is data theft or a process failure. The work involves analysing transaction authorizations to see if PANs are accepted without CVV or expiry checks, and reviewing how card numbers were generated. Deliverable: forensic report identifying the fraud vector and specific control gaps. Engagement duration: 3-4 weeks.",,HIRER,Retail & Consumer,,industry_v1,2026-10-01T22:32:05,14.36,Minimal,Owner intro,named
kpmg.com__xx_en_client-stories_building-trust-and-confidence-in-ai-driven-compliance-html.md,qwen3-vl:32b,KPMG,Customer & Operations Advisory,Review AI Compliance Tool for Telecommunications Regulatory Mapping,"We are a mid-sized telecommunications provider in Singapore with 120 staff, operating across three districts. We’re using AI to interpret new regulatory requirements, but need to ensure our internal teams can trust and use the tool effectively. We need someone to review how our AI system — using Microsoft OpenAI — maps regulatory text to internal controls, assess its accuracy and usability, and check if it meets our compliance needs under IMDA regulations. Deliverable: report with findings, confidence assessment, and recommendations for use. Engagement duration: 3-5 weeks.",,HIRER,Financial Services,,industry_v1,2026-10-01T22:31:59,22.05,Standard,Owner intro,named
aesg.com__portfolio-item_nhs-net-zero-carbon-strategy.md,qwen3.8:27b,AESG,,Carbon Baseline and Net Zero Roadmap,"We are a 150-bed private hospital in Singapore preparing to commit to a Net Zero target. We need to quantify our current carbon emissions and map a path to reduction. You will collect utility and fuel data to calculate our baseline in accordance with the GHG Protocol. Based on these figures, you will develop a reduction roadmap aligned with our 2040 Net Zero goal. Deliverable: A carbon baseline report and a phased Net Zero roadmap. Engagement duration: 4-6 weeks.",,HIRER,Healthcare,,industry_v1,2026-10-01T22:32:18,11.36,Detailed,Problem first,none
grantthornton.com__insights_case-studies_hospitality-and-restaurants_2026_hospitality-brand-drives-global-data-compliance.md,qwen3-vl:32b,Grant Thornton,,Assess Data Compliance for One Hospitality Website,"We run a small hospitality brand in Singapore with one website and a few online booking pages. We’re expanding our digital presence and need to ensure our site complies with Singapore’s PDPA and other data protection rules. We need someone to review our current data collection, consent mechanisms, and privacy policy against PDPA requirements, identify gaps, and suggest fixes. Deliverable: written assessment with findings and a prioritized list of compliance actions. Engagement duration: 3-4 weeks.",,HIRER,OTHER,,industry_v1,2026-10-01T22:32:10,22.89,Standard,Owner intro,none
arup.com__projects_crossrail-elizabeth-line.md,qwen3.6:35b,Arup,,Socio-economic impact assessment framework for light rail,"We operate a light rail service in Singapore with 18 months of live operational data. Our management needs to quantify the wider urban value of our route, specifically how it has influenced local employment density and residential development patterns near our stations. We need a specialist to replicate a rigorous, data-driven assessment methodology that compares our performance against transport best practices. This involves analyzing our ridership mix, calculating induced economic activity, and modeling the socio-economic benefits to support our next infrastructure proposal to stakeholders. Deliverable: a comprehensive impact report including an assessment framework template and a prioritized list of key performance indicators for future tracking. Engagement duration: 4-5 weeks.",,HIRER,Public Sector,Construction & Real Estate,industry_v1,2026-10-01T22:32:14,24.26,Standard,Owner intro,named
erm.com__projects_modine.md,qwen3.8:27b,ERM,,Energy Efficiency Assessment for Heat Transfer Factory,"We are a precision components maker in Tuas with 35 staff, producing heat transfer products. To meet our internal goal of reducing energy use by 12% from our 2024 baseline, we need an expert to analyse our consumption. Please apply a DMAIC-based approach to identify major electricity and fuel sources. We found ovens account for most electrical load and LPG is used for heating. We need a review of ventilation, lighting, and process ovens to find efficiency opportunities.

Deliverable: a prioritised list of cost reduction projects with estimated savings. Engagement duration: 4-6 weeks.",,HIRER,Manufacturing,,industry_v1,2026-10-01T22:32:34,13.52,Standard,Owner intro,named
rsmus.com__insights_industries_food-beverage_chocolate-company-finds-its-sweet-spot-with-digital-twin-project-html.md,qwen3.8:27b,RSM US LLP,,Build Digital Twin for Chocolate Production Line,"A family-owned chocolate manufacturer in Singapore needs a virtual model of its production line to test operational changes without disrupting live output. The specialist must conduct stakeholder interviews and discovery workshops to gather data on equipment needs, demand flows, and business requirements. This data will be synthesised into a digital twin capable of running scenario analyses for staffing and capital investment options.

Deliverable: A working digital twin model with initial scenario analysis results. Engagement duration: 6-8 weeks.",,HIRER,Food & Beverage,,industry_v1,2026-10-01T22:32:48,12.2,Standard,Context first,named
opml.co.uk__insights_when-rapid-change-challenges-adaptation-lessons-evaluating-refugee-protection-pakistan.md,qwen3-vl:32b,Oxford Policy Management,,Assess Protection Gaps for Afghan Refugees in Volatile Policy Environment,"A humanitarian NGO in Singapore supporting Afghan refugees in Pakistan is facing rapid policy changes, including a blanket returns policy, which is outpacing their programme’s ability to adapt. They need someone to review the current protection framework, analyse how it affects vulnerable groups such as transgender persons, women in education, and mixed-marriage families, and assess whether programme assumptions still hold. The specialist will use desk review, key informant interviews, and beneficiary feedback to identify gaps. Deliverable: a short report with findings and recommendations for adaptive programming. Engagement duration: 4-6 weeks.",,HIRER,Social Services & Non-profit,,industry_v1,2026-10-01T22:32:48,14.13,Minimal,Context first,none
kpmg.com__xx_en_client-stories_strengthen-climate-resilience-with-agentic-ai-html.md,qwen3.8:27b,KPMG,,Design Climate Data Integration Architecture,"We are a Singapore-based development finance team supporting sustainable projects in the region. Our climate data is currently siloed by country, making it hard to align stakeholders and standardise insights for funding decisions. We need a specialist to design a data architecture that integrates these diverse geospatial and risk model datasets into a unified structure. This will allow us to generate consistent insights and accelerate decision-making from a year to a month. Deliverable: a standardized data architecture plan with integration guidelines. Engagement duration: 4-6 weeks.",,HIRER,Financial Services,Technology & Software,industry_v1,2026-10-01T22:32:59,11.92,Standard,Owner intro,none
aesg.com__portfolio-item_expo-2020-emirates-pavilion.md,qwen3.8:27b,AESG,,Parametric Façade Design for Event Pavilion,We are the project team for a temporary event pavilion in Singapore. We need a specialist to optimise our façade design using parametric modelling to ensure the external fins provide adequate shading for the glazing. The goal is to meet strict sustainability targets for energy reduction and improve outdoor thermal comfort for visitors during the 6-month event. We also need to ensure the design supports the full deconstruction and recycling of materials once the event ends. Deliverable: a parametric façade model with performance data and a deconstruction strategy. Engagement duration: 4-6 weeks.,,HIRER,Construction & Real Estate,,industry_v1,2026-10-01T22:33:01,9.6,Standard,Owner intro,none
erm.com__about_news_erm-japan-and-ocean-energy-pathway-study-finds-akita-prefecture-offshore-wind-projects-could-generate-356-bil.md,qwen3-vl:32b,ERM,ERM Japan,Assess Economic Impact of Offshore Wind Project in Singapore,"We are a small renewable energy developer in Singapore planning a 100 MW offshore wind project. We need someone to assess the potential economic value and local job creation from this project using input–output analysis and a standard offshore wind cost model. The work should focus on the project’s direct and indirect impacts on the local economy, including supply chain and employment effects. Deliverable: report with economic impact analysis and key recommendations. Engagement duration: 4-6 weeks.",,HIRER,Energy & Resources,,industry_v1,2026-10-01T22:33:03,9.6,Minimal,Problem first,none
