source_file,extracted_by_model,about_title,about_description,services_offered_title,services_offered_description,relevant_experience,classify_label,industry,secondary_industry,taxonomy_version,extracted_at,time_taken_by_model,roll_title_style,roll_achievement_style,roll_imperfection,roll_scope_limit
pwc.com__ca_en_about-us_our-people_the-importance-of-teamwork-on-and-off-the-track-html.md,qwen3.6:35b,Internal Audit and Risk Assurance Specialist,"I am an assurance professional specialising in internal audit and risk management within a global professional services firm. My expertise lies in evaluating and strengthening client risk control frameworks, drawing on a background in high-pressure, precision-driven environments. I focus on facilitating complex audit engagements to drive organisational resilience. My approach emphasizes collaborative advisory services that enhance governance standards. I aim to help clients build robust systems that withstand regulatory scrutiny and operational challenges, ensuring long-term stability and compliance across diverse sectors.",SME Risk Control and Internal Audit Advisory,"Advisory service for Singaporean SMEs, family businesses, and listed entities aiming to strengthen their internal controls and risk management frameworks. Services include independent internal audit assessments, operational risk process reviews, and compliance gap analyses. Practical guidance for organisations seeking to improve governance and regulatory alignment under MAS requirements.",I spent my career as a Director of internal audit and risk assurance at a global professional services firm based in Canada. I led audit engagements focused on evaluating client risk management processes and control effectiveness. I delivered practical advisory support to organisations seeking to enhance governance standards and operational resilience.,PROVIDER,Professional Services,,industry_v1,2026-10-01T22:00:07,9.85,Descriptive,Direct First-Person,none,none
ey.com__en_gl_people_cedric-foray.md,qwen3.8:27b,Telecommunications Strategy Consultant specialising in commercial operations and digital transformation,"I am a strategy consultant with 25 years of experience in telecommunications, technology, and media sectors. I specialise in commercial strategy, digital transformation, and AI integration for B2B contexts. My work involves building go-to-market plans, designing distribution models, and launching new services such as mobile money and fibre connectivity. I have successfully delivered transformation roadmaps for operators and technology providers. I focus on optimising commercial performance through practical, evidence-based strategic advice. I do not provide network engineering implementation or hardware procurement services.",Telecommunications Strategy and Digital Transformation Advisory,"Strategic advisory for telecommunications operators, technology providers, and media companies seeking to optimise commercial performance. Services include commercial strategy development, go-to-market planning, distribution model design, and digital and AI transformation roadmaps. Familiar with B2B telecom operations, cross-channel approaches, and new service launches such as mobile money and fibre connectivity. Not focused on network engineering implementation or hardware procurement.","25 years as a strategy consultant specialising in telecommunications and new technology. Served as regional sector leader for a global professional services firm, overseeing specialist teams for major operators. Co-founded an international strategy consultancy focused on technology and media, which was acquired in 2013. Launched new telecommunications services including TV over ADSL, fibre, mobile money, and 3G across Europe and Africa.",PROVIDER,Technology & Software,,industry_v1,2026-10-01T22:00:13,14.63,Descriptive,Implied,none,stated
ey.com__en_gl_people_christopher-woolard-cbe.md,qwen3.8:27b,Former Interim Chief Executive & Financial Regulation Leader,"I bring over 25 years of expertise in financial services regulation, strategy, and innovation. As a former interim Chief Executive of a national financial regulator, I delivered robust oversight and consumer protection mandates. Now, I advise financial institutions and FinTechs on navigating complex regulatory landscapes. I specialise in enhancing resilience, consumer outcomes, and sustainable business models amid technological shifts. My work focuses on integrating technology into compliance frameworks while maintaining strict adherence to global standards. I am committed to helping clients build future-ready strategies that balance growth with regulatory compliance. This approach ensures long-term stability and trust for stakeholders in the evolving financial sector.",Financial Regulatory Strategy and Transformation Advisory,"Strategic advisory for financial institutions, FinTechs, and banks navigating complex regulatory landscapes. Services include regulatory transformation roadmaps, risk and resilience planning, innovation strategy development, and private credit oversight guidance. Familiar with global financial regulation, consumer protection standards, and the integration of technology in compliance frameworks. Tailored advice to help mid-sized and large financial entities build sustainable, customer-focused business models.","Over 25 years in financial services regulation and public sector leadership. Served as interim Chief Executive of a national financial regulator, overseeing policy implementation and consumer protection. Currently a Partner in a global professional services firm, advising central banks and major financial institutions on regulatory transformation. Appointed Commander of the Most Excellent Order of the British Empire in 2021 for contributions to regulation and FinTech.",PROVIDER,Financial Services,,industry_v1,2026-10-01T22:00:15,20.39,Authority,Implied,none,none
ey.com__en_gl_people_joe-depa.md,qwen3-vl:32b,"Innovation Officer specialising in AI, data and emerging technologies","Over 15 years of experience in innovation strategy, AI and data transformation. Served as Innovation Officer at a global professional services firm, leading AI and data initiatives for 400,000 employees and clients across 150+ countries. Directed over S$3 billion in technology investments, including AI, quantum and smart currencies. Recognised as Innovator of the Year at the 2026 AITech Awards. Advocates for responsible AI and trusted innovation.",AI and Data Innovation Advisory,"Practical advisory for SMEs and mid-sized organisations seeking to adopt AI and data-driven innovation. Services include: designing AI-ready data architectures, embedding responsible AI guardrails, scaling trusted AI capabilities, and translating emerging technologies into business value. Familiar with large language models, quantum computing and smart currencies. Not focused on IT infrastructure implementation or cybersecurity operations.","15 years in innovation and technology strategy, including as Innovation Officer at a global professional services firm. Led S$3 billion investment in AI and next-generation technologies, guiding adoption across 150+ countries. Directed teams processing over one trillion lines of financial data annually. Recognised as Innovator of the Year at the 2026 AITech Awards for advancing responsible AI and trusted innovation.",PROVIDER,Cross-industry,,industry_v1,2026-10-01T22:00:18,20.48,Descriptive,Implied,none,stated
ey.com__en_gl_people_greg-guthridge.md,qwen3-vl:32b,Customer Experience Transformation Leader in Energy,"With 30 years in energy industry transformation, I specialise in retail strategy, sales and marketing, technology, analytics and organisational change. Advised energy retailers across Asia and other regions on developing new products and services to retain and grow profitable market share. Recognised as one of Consulting Magazine’s Top 25 Consultants for Excellence in Energy. Holds several US patents in energy efficiency and demand management analytics.",Energy Retailer Customer Experience Transformation Advisory,"Practical advisory for energy retailers and utilities looking to transform customer experience and drive growth. Services include developing new residential and commercial products, redesigning sales and marketing strategies, implementing technology and analytics solutions, and managing organisational change. Familiar with demand management analytics and energy efficiency innovations. Particular experience with energy providers navigating market shifts and consumer engagement challenges.","30 years in energy industry transformation, including retail strategy, sales and marketing, technology, analytics and organisational change. Advised energy retailers across Asia and other regions on developing new products and services to retain and grow profitable market share. Recognised as one of Consulting Magazine’s Top 25 Consultants for Excellence in Energy. Holds several US patents in energy efficiency and demand management analytics.",PROVIDER,Energy & Resources,,industry_v1,2026-10-01T22:00:17,26.39,Descriptive,Implied,none,none
ey.com__en_gl_people_lokesh-ohri.md,qwen3.8:27b,"Consultant specialising in consumer products, retail, and digital transformation strategy for Singapore clients","I bring over 23 years of experience in consumer products, retail, and digital transformation. I specialise in market strategy, supply chain resilience, and AI integration to drive growth for global brands. My background includes a bachelor’s degree in Electronics and Engineering and an MBA. I focus on combining commercial strategy with emerging technologies to deliver sustainable competitive advantage and organisational agility. I work to help organisations navigate rapidly evolving markets while securing long-term operational efficiency and market leadership.",Consumer Products Digital Strategy and Growth Advisory,"Strategic advisory for consumer goods manufacturers, retailers, and brand owners seeking to enhance market leadership through digital innovation. Services include market strategy formulation, digital transformation roadmap design, supply chain resilience planning, and AI adoption strategy. Familiar with consumer behaviour trends and enterprise technology integration. Particular experience helping organisations align business objectives with emerging technologies to unlock profitable growth and improve operational efficiency in competitive sectors.","Over 23 years in consumer products and retail consulting, including leadership of business, technology, and risk portfolios at a major professional services firm. Delivered digital transformation roadmaps and market entry strategies for global brands. Secured sustainable competitive advantage by integrating AI, data analytics, and supply chain management.",PROVIDER,Retail & Consumer,,industry_v1,2026-10-01T22:00:28,16.18,Descriptive,Implied,none,none
deloitte.com__global_en_about_people_profiles-anthony-deangelis-b6bf6299-html.md,qwen3.6:35b,Former Head of Finance Transformation & Industry Leader,"I am a senior strategy consultant with extensive experience leading complex finance transformation programmes for global investment managers. My expertise lies in advanced analytics, cloud enablement, and profitability solutions within the investment management and real estate sectors. I have a proven track record of delivering high-impact technological and operational improvements for large-scale financial institutions, ensuring strategic alignment and operational excellence.",Investment Management Finance Transformation Advisory,"Practical transformation advisory for Singapore-based investment managers and family offices seeking to modernise finance operations. Services include designing advanced profitability analytics, implementing cloud-based financial solutions, and executing end-to-end finance system transformations. Particular experience with global best practices in investment management finance.","Lead Consulting Partner for global investment managers, executing complex finance transformation initiatives. Built advanced analytics and cloud enablement capabilities, including profitability analytics solutions. Serves as Investment Management and Real Estate Sector Lead for Finance Transformation.",PROVIDER,OTHER,,industry_v1,2026-10-01T22:00:38,11.48,Authority,Implied,none,none
deloitte.com__us_en_about_people_profiles-abby-levine-fcf02ad6-html.md,qwen3.8:27b,Real Estate Strategy and Portfolio Optimization Specialist,"I bring over 20 years of consulting experience in commercial infrastructure and real estate. My focus is optimising portfolios and functions to unlock enterprise value. I design and implement strategies for portfolio cost reduction, workplace design, and operating models. I also handle organisational design and service delivery restructuring. Proficient in real estate technology enablement, I assist clients in rethinking real estate usage. This approach drives significant value through strategic cost reduction and operational efficiency improvements for Singapore-based businesses.",Real Estate Portfolio Optimization and Strategy Advisory,"Practical advisory for Singapore-based businesses and SMEs looking to optimise their real estate footprint. Services include portfolio cost reduction strategies, workplace strategy design, real estate operating model development, and service delivery restructuring. Familiar with real estate technology enablement and performance measurement frameworks. Not focused on physical construction, renovation contracting, or property legal conveyancing.",Over 20 years in consulting specialising in commercial real estate portfolio optimisation. Served as Offering Leader for the infrastructure and real estate practice at a global professional services firm. Redesigned client service models to unlock enterprise value and delivers strategic cost reduction.,PROVIDER,Construction & Real Estate,,industry_v1,2026-10-01T22:00:39,15.43,Descriptive,Implied,mid_sentence_tense_switch,stated
deloitte.com__us_en_about_people_profiles-bdollar-ac84df3a-html.md,qwen3-vl:32b,Principal in global supply chain practice,"Over 15 years in supply chain and digital transformation, including as a principal in a global professional services firm’s supply chain practice. Advised manufacturing clients on digital adoption and led industry transformation initiatives. Specialises in leveraging ecosystem solutions for business advantage. No certifications or registrations stated in source.",Supply Chain and Digital Transformation Advisory,"Practical advisory for manufacturing and supply chain businesses looking to digitise operations and improve efficiency. Services include designing digital transformation roadmaps, implementing industry solutions, advising on supply chain optimisation, and integrating ecosystem technologies. Familiar with global industry standards and digital supply chain frameworks. Scope: one-to-one advisory engagement for SMEs and mid-sized enterprises.","15 years in supply chain and digital transformation, including as a principal in a global professional services firm’s supply chain practice. Led the firm’s industry transformation initiative and advised global manufacturing clients on digital adoption. Delivered tangible benefits through digital transformation engagements. No professional registration or certification stated in source.",PROVIDER,Manufacturing,,industry_v1,2026-10-01T22:00:43,12.63,Descriptive,Implied,none,none
pwc.com__ca_en_about-us_our-people_allyship-to-reconciliation-html.md,qwen3-vl:32b,"Senior Manager, Indigenous Markets Lead","I have over 10 years of experience in consulting, specialising in Indigenous markets and community engagement. I worked as a senior manager in the Deals Capital Projects and Infrastructure practice at a global professional services firm. I completed a master’s degree in forest resource management, with a thesis on relationships between Indigenous communities and the forestry industry. I actively participated in reconciliation initiatives, including leading Indigenous engagement for a province-wide flood recovery project and taking part in cultural practices.",Indigenous Community Engagement and Reconciliation Advisory,"Practical advisory for businesses and organisations seeking to build respectful, inclusive relationships with Indigenous communities in Canada and regionally. Services include leading community engagement strategies, designing reconciliation action plans, facilitating cultural learning sessions, and supporting inclusive workplace initiatives. Familiar with Indigenous cultural practices and community-led development frameworks. Particular experience with infrastructure and capital projects in remote and rural areas.","I spent 10 years in consulting and community engagement, including as a senior manager at a global professional services firm. I led Indigenous engagement for a province-wide flood recovery project, resulting in community recognition through a blanket ceremony. I authored a master’s thesis on Indigenous-forestry industry relationships, based on fieldwork in remote areas. I participated in cultural practices such as sweats and winter dances, and facilitated cultural sharing events in the firm’s office. I was involved in the Indigenous Reconciliation Action Committee to improve inclusion within the firm.",PROVIDER,Public Sector,Construction & Real Estate,industry_v1,2026-10-01T22:00:36,20.5,Descriptive,Direct First-Person,none,none
deloitte.com__us_en_about_people_profiles-bryan-martin-47758200-html.md,qwen3-vl:32b,Former National Managing Partner for Life Sciences & Health Care M&A and Industry Leader,"With 25 years in public accounting, I specialise in life sciences and health care merger and acquisition advisory. I served as national managing partner for a global professional services firm’s M&A practice in this sector, advising clients on strategy, due diligence, financial reporting, valuation, and deal structuring. I’ve worked with investors, boards, and executives across for-profit and not-for-profit health care providers, pharmaceuticals, medical devices, and biotechnology, supporting transaction execution and integration. My CPA credentials and deep sector experience enable me to deliver precise, actionable insights for complex deals.",Health Care M&A Advisory,"Practical advisory for health care providers, pharmaceutical companies, and medical device firms on mergers and acquisitions. Services include M&A strategy development, due diligence support, financial statement preparation for transactions, valuation analysis, and deal structuring. Familiar with accounting standards including IFRS and US GAAP, and regulatory frameworks relevant to health care transactions. Supports both buy-side and sell-side engagements.","25 years in public accounting specialising in life sciences and health care merger and acquisition advisory. Served as national managing partner for a global professional services firm’s M&A practice in the sector, overseeing strategy, diligence, execution, and integration. Advised clients on financial reporting, valuation, and deal structuring for transactions across acute care hospitals, pharmaceuticals, medical devices, and biotechnology. CPA with experience supporting investors, boards, and executives on M&A execution.",PROVIDER,Healthcare,,industry_v1,2026-10-01T22:00:44,20.57,Authority,Implied,none,none
bcg.com__about_people_experts_david-parlongue.md,qwen3.6:35b,"Senior Strategy and M&A Adviser Specialising in Shipping, Logistics, and Infrastructure","I bring nearly two decades of experience spanning logistics, public sector economics, and transaction support. My background includes executive strategy roles within a major international shipping leader and high-level civil service positions advising national treasury bodies. I now specialise in providing transportation, healthcare, and infrastructure advisory services to private equity firms and corporate investors across Southeast Asia.",Logistics and Infrastructure M&A Advisory for SMEs,"Practical M&A and strategic advisory for food distributors, F&B operators, and mid-sized logistics or transport businesses looking to execute transactions, optimize supply chains, or manage regulatory compliance. Services include pre-deal due diligence, transaction structuring, and post-merger integration planning. Familiar with health care services and infrastructure regulation.","19 years in logistics, public sector economics, and M&A advisory. Advised national ministers and treasury departments on regulatory frameworks. Delivered strategic M&A support for a major international shipping group.",PROVIDER,Logistics & Distribution,Healthcare,industry_v1,2026-10-01T22:00:56,8.64,Descriptive,Implied,none,none
bcg.com__about_people_experts_andy-redman.md,qwen3.8:27b,Strategy specialist specialising in organisational purpose and vision for Singapore public and private sectors.,"I help SMEs, startups, and public bodies define their organisational purpose and align strategic vision. My background spans education non-profits and global creative consultancy, where I led over 45 engagements across ten countries. I hold MPhil and MPA degrees from Cambridge and the University of Texas. I bring deep knowledge of public sector dynamics and higher education to drive cultural and operational alignment in your transformation journey.",Organisational Purpose and Strategy Advisory,"Advisory for SMEs, startups, and public bodies seeking to define organisational purpose and align strategic vision. Services include developing vision, mission, and values frameworks; crafting strategic communications for change initiatives; and designing blueprints for organisational transformation. Familiar with public sector dynamics, higher education, and multi-industry corporate contexts to drive cultural and operational alignment.","I spent eight years in organisation strategy at a global creative consultancy since 2018, following a decade in education non-profits. I led over 45 engagements in ten countries, creating strategy for a top 20 US university and guiding a government ministry’s vision and mission. I previously led teams at education organisations to scale operations and served as board chair of a charter school network.",PROVIDER,Education,Public Sector,industry_v1,2026-10-01T22:00:56,12.63,Descriptive,Direct First-Person,none,none
bcg.com__about_people_experts_cassandra-di-prizio.md,qwen3-vl:32b,Social Impact and Marketing Director,"Over 10 years of experience in social impact consulting and marketing. Led a social impact centre at a global strategy consultancy, investing over S$10 million annually in pro bono and low-bono projects for public and social sector leaders. Previously consulted at a boutique nonprofit management firm. Holds a Master of Non-Profit Administration and a BA. Specialises in community development, inclusive hiring, and pro bono consulting for public and social sector organisations.",Social Impact Strategy and Community Development Advisory,"Practical advisory for nonprofit organisations, community development agencies, and social enterprises seeking to improve community well-being and attract investment. Services include designing pro bono consulting initiatives, developing inclusive hiring strategies, and creating community-responsive development plans. Familiar with fair-chance hiring, skills-based recruitment, and capital market support for underinvested areas. Not focused on financial reporting or compliance advisory.","10 years in social impact and nonprofit consulting, including as Social Impact and Marketing Director at a global strategy consultancy. Led the firm’s social impact centre, investing over S$10 million annually in pro bono and low-bono consulting projects for public and social sector leaders. Managed community development initiatives to attract private investment into under-valued neighbourhoods. Previously a consultant at a boutique nonprofit management firm in Chicago.",PROVIDER,Social Services & Non-profit,,industry_v1,2026-10-01T22:00:56,14.81,Descriptive,Implied,none,stated
bcg.com__about_people_experts_mike-french.md,qwen3.8:27b,Former Chief of Staff at National Space Agency & Senior Policy Advisor,"I bring over 20 years of expertise in aerospace and defense, spanning public and private sectors. Specialising in space investments and government decision-making, I help leaders navigate complex regulatory landscapes. Having served as Chief of Staff at a national space agency, I understand the intricacies of public-private partnerships. My focus is on structuring revenue growth strategies for civil, commercial, and national security space initiatives. I advise executives and investors on market developments, ensuring they secure sustainable positions in the evolving space economy through strategic, data-driven guidance.",Space Investment and Policy Advisory,"Strategic advisory for aerospace startups, defense contractors, and investment firms navigating the space sector. Services include analysing government procurement opportunities, structuring public-private partnerships, advising on regulatory compliance for space assets, and developing revenue growth strategies. Familiar with civil, commercial, and national security space matters, providing insights into shifting industry dynamics and government decision-making processes.","Over 20 years in aerospace and defense and public sector experience. Served as Chief of Staff at a national space agency, advising within a national government office. Previously practised as an attorney in a regulated industries division at an international law firm. Built extensive relationships across space agencies and regulators to drive policy outcomes.",PROVIDER,Engineering Services,Public Sector,industry_v1,2026-10-01T22:01:05,12.09,Authority,Implied,none,none
bcg.com__about_people_experts_matt-aaronson.md,qwen3.8:27b,Strategy consultant specialising in M&A and transformation for aerospace and defense.,"I bring over two decades of experience in mergers, acquisitions, and post-merger integration. My focus is on driving large-scale transformational change programmes for aerospace, defense, and engineered products clients. I previously served as a commercial pilot and worked at a leading strategy consultancy. Holding an MBA from a top-tier business school, I currently lead a global team within a Singapore-based consultancy. I advise on strategic growth and operational efficiency, ensuring industrial sectors achieve sustainable value creation through rigorous planning and execution.",M&A Advisory and Post-Merger Integration Strategy,"Strategic advisory for mid-sized manufacturers, aerospace suppliers, and defense contractors seeking to grow through acquisition or integrate new entities. Services include merger and acquisition due diligence, valuation analysis, post-merger integration planning, and operational transformation programmes. Expert in aligning strategic objectives with operational execution to drive value creation. Familiar with industry-specific supply chain dynamics, procurement strategies, and capital equipment investment cycles.","22 years in strategy consulting and industrial operations, including leadership of a global engineered products team at a Singapore-based global management consultancy. Previously worked at a leading strategy consultancy and served as a commercial pilot. Led the aerospace and defense sector practice, delivering transformational change programmes for clients across APAC and globally.",PROVIDER,Marine & Offshore,,industry_v1,2026-10-01T22:01:03,19.41,Descriptive,Implied,none,none
ey.com__en_gl_people_barbara-dimajo.md,qwen3.6:35b,"Strategic Communications Advisor specialising in external relations, social media ecosystems, and digital branding","I am a strategic communications advisor with deep experience in external relations, social media ecosystems, and digital branding. I previously supported external communications for talent and diversity initiatives at a global professional services firm. Holding a bachelor’s degree in Public Relations, I am passionate about fostering belonging. I also enjoy mentoring future PR professionals through presentations to students, helping the next generation navigate the industry.",Strategic Communications and Brand Advisory,"Advisory for Singapore-based SMEs, startups, and family businesses seeking to strengthen their market presence. Services include developing external communications strategies, managing social media ecosystems, and executing brand-building campaigns for technology and innovation sectors. Particular experience with public relations and strategic messaging for professional service firms.","Assistant Director leading external communications and social media ecosystems for a global professional services firm. Raised awareness of ecosystem relationships and services spanning innovation, technology, and sustainability. Previously supported external communications for talent and diversity initiatives.",PROVIDER,Professional Services,,industry_v1,2026-10-01T22:01:31,9.62,Descriptive,Implied,none,none
ey.com__en_gl_people_rob-atkinson.md,qwen3.6:35b,Strategy and Transformation Leader for Technology and Telecommunications,"I bring over 30 years of experience in large-scale operations and transformation, with 20 years dedicated to technology, media, telecommunications, and professional services. I specialize in strategic vision, organizational design, process optimization, and transaction-related business transformation. Having led teams across the UK and Ireland, I deliver tangible results for complex industry clients. My approach focuses on practical, actionable advice to drive growth and efficiency in dynamic markets.",Technology and Telecoms Transformation Advisory,"Practical strategy and operational advisory for Singaporean technology firms, telecommunications providers, and professional services SMEs facing industry disruption. Services include business model redesign for B2B growth, emerging technology integration strategies, and organizational process optimization for efficiency. Familiar with telecommunications market dynamics and enterprise digital transformation. Not focused on legal compliance, IT implementation, or payroll administration.","Over 30 years in business operations and transformation, including 20 years in the technology, media, telecommunications, and professional services industries. Led strategic vision and organizational design for a global professional services firm across the UK and Ireland. Delivered large-scale optimization programs and transaction-related business transformation for complex industry clients.",PROVIDER,Technology & Software,Professional Services,industry_v1,2026-10-01T22:01:31,10.73,Descriptive,Implied,none,stated
ey.com__en_gl_people_fiona-hutchings.md,qwen3.6:35b,"Strategy and Analytics Partner specialising in M&A, Private Equity, and AI-Driven Due Diligence","Partner with over 15 years in strategy consulting, specialising in transactions, private equity, and analytics. Experience includes leading data-driven decision-making for M&A, divestitures, and growth strategy. Qualified chartered accountant with a Bachelor of Commerce in Accounting. Advised top-tier PE and corporate clients across the UK&I, US, and Australia, blending financial analysis, operational knowledge, and AI to support diligence, integration, and exit readiness.",M&A Data Due Diligence and Private Equity Exit Readiness Advisory,"Strategic advisory for private equity firms and mid-sized corporate clients preparing for mergers, acquisitions, or divestitures. Services include conducting data-driven financial due diligence, valuing businesses, and building exit readiness strategies. Particular experience with leveraging AI and advanced analytics to identify value creation opportunities and accelerate transaction timelines.","Over 15 years in strategy consulting focusing on transactions and private equity. Advised top-tier PE and corporate clients across the UK, US, and Australia on M&A, divestitures, and growth strategy. Qualified chartered accountant with a Bachelor of Commerce in Accounting.",PROVIDER,Financial Services,Technology & Software,industry_v1,2026-10-01T22:01:33,10.81,Descriptive,Implied,none,none
ey.com__en_gl_people_paul-mitchell.md,qwen3.6:35b,Mining and Metals Strategy Leader,"I am a senior mining and metals consultant with over 20 years of experience delivering strategic advisory services to global clients. I specialise in developing corporate, operational, and IT strategies to enhance profitability and improve performance within cyclical commodity markets. I have extensive experience in post-merger integration, financial management, and driving digital transformation to prepare organisations for future resource demands. I hold a Bachelor of Commerce degree.",Mining and Metals Strategic Advisory,"Strategic advisory for mining and metals businesses aiming to navigate cyclical market volatility and prepare for future material demands. Services include corporate strategy development, operational performance improvement, post-merger integration, and digital transformation planning. Particular experience with asset-intensive industries facing complex commodity and regulatory environments.",,PROVIDER,Energy & Resources,,industry_v1,2026-10-01T22:01:39,10.34,Authority,Implied,none,none
deloitte.com__us_en_about_people_profiles-kristen-stuart-99e439a4-html.md,qwen3.8:27b,Former Principal Strategy & Transactions Leader and Industry Advisor,"I am a strategy and transformation expert who has advised senior executives at global organisations for over two decades. I specialise in catalysing growth, designing new business models, and revitalising underperforming portfolio segments. My core expertise spans corporate strategy, mergers and acquisitions, organisational and digital transformation, marketing, and cost reduction. I previously led practice areas focusing on large-scale transformations and enterprise value creation. I help clients tackle complex business challenges to unlock long-term value through targeted, high-impact strategic interventions in dynamic markets.",Corporate Strategy and M&A Advisory,"Strategic advisory for growth-stage companies and mid-sized enterprises navigating complex transitions. Services include corporate strategy formulation, mergers and acquisitions support, business model redesign, and digital transformation planning. Particular experience with revitalising underperforming business units and cost reduction initiatives. Does not include legal drafting or regulatory compliance advice.","I spent my career as a strategy and transactions leader, heading a practice serving global Fortune 500 C-suite executives. I led large-scale transformations to unlock enterprise value and revitalise underperforming portfolio segments. I delivered strategic advisory engagements for major global companies across multiple industries, securing tangible results in market positioning and operational efficiency.",PROVIDER,Cross-industry,,industry_v1,2026-10-01T22:01:41,13.99,Authority,Direct First-Person,none,stated
deloitte.com__us_en_about_people_profiles-adam-whiting-662d95ee-html.md,qwen3.8:27b,M&A and restructuring specialist serving retail and consumer products clients.,"I specialise in mergers, acquisitions, and restructuring, focusing on pre- and post-deal environments and strategic cost transformation. My work centres on delivering cross-functional synergies for retail and consumer products businesses. I have advised on strategic acquisitions, divestitures, and commercial diligence, ensuring robust pricing analysis and integration planning. With a Bachelor of Science in Economics and an MBA in Strategy and Finance from a top US business school, I bring structured, data-driven insight to complex transactions. I help organisations navigate the full lifecycle of M&A, from initial target identification through to seamless operational integration, ensuring value is captured and retained.",M&A Advisory and Integration Support,"Advisory for SMEs and mid-sized retail or consumer goods firms pursuing acquisitions, divestitures, or operational restructuring. Services include commercial and operational diligence, synergy identification, pricing analysis, and post-deal integration planning. Familiar with strategic cost transformation programmes and large-scale programme management. Does not include legal drafting or regulatory approval processes.","M&A and restructuring specialist serving retail and consumer products clients. Advised on strategic acquisitions, divestitures, and operational diligence, including pricing analysis and synergy identification. Delivered large global programme management and integration initiatives. Holds an MBA in Strategy and Finance.",PROVIDER,Retail & Consumer,,industry_v1,2026-10-01T22:01:42,15.62,Descriptive,Implied,none,stated
pwc.com__ca_en_about-us_our-people_meet-james-html.md,qwen3.8:27b,Technology Consultant Specialising in Defence and Public Sector Digital Transformation,"I am a technology consultant with over 25 years of experience in defence and public sector operations. My background combines military service as a signals officer, including deployments to Iraq and Timor-Leste, with extensive advisory work for government agencies. Since 2012, I have advised statutory boards and public sector organisations on digital transformation and service delivery. I focus on delivering technology-enabled solutions that enhance operational efficiency and security for clients in the defence, public safety, and justice sectors.",Public Sector Defence and Safety Technology Advisory,"Strategic advisory for government agencies, statutory boards, and large public sector organisations involved in defence, public safety, or justice. Services include technology roadmapping, digital service improvement, and operational efficiency reviews for complex public sector initiatives. Familiar with military and emergency response contexts. Does not include frontline IT implementation or legal compliance audits.","I spent 25 years in public sector consulting and military signals operations. I served as a signals officer with deployments to Iraq and Timor-Leste. I joined a global professional services firm in 2012, where I built its technology consulting team. I led technology advisory for provincial and federal government agencies before leading the defence and public safety sector.",PROVIDER,Public Sector,,industry_v1,2026-10-01T22:01:43,17.76,Descriptive,Direct First-Person,none,stated
deloitte.com__us_en_about_people_profiles-diparikh-7d254f53-html.md,qwen3.8:27b,Principal Consultant specialising in product development strategy and operational efficiency for global enterprises.,"I bring over 16 years of experience in product development strategy and operational improvements for large global enterprises. I specialise in reducing time-to-market, increasing development efficiency, and enhancing product quality across aerospace, defense, automotive, hi-tech, and life science sectors. I have delivered over S$700 million in value to clients by optimising product portfolios and increasing profitability through strategic operational enhancements and cost reduction initiatives. My focus is on tangible outcomes that drive efficiency and quality in complex industrial environments.",Product Strategy and Operational Efficiency Advisory,"Strategic advisory for manufacturing and technology companies seeking to accelerate product launches and improve operational efficiency. Services include developing product development roadmaps, streamlining engineering workflows to reduce time-to-market, conducting cost analysis to lower production expenses, and enhancing product quality control systems. Familiar with high-complexity sectors such as automotive, hi-tech, and life sciences, with particular expertise in scaling R&D operations for global market entry. Not focused on marketing strategy or financial auditing.","16 years in product development strategy and operational improvements for large global companies. Delivered over S$700 million in value to clients across aerospace, defense, automotive, hi-tech, and life science industries. Reduced time-to-market and increased development efficiency through strategic portfolio optimisation and cost reduction initiatives.",PROVIDER,OTHER,,industry_v1,2026-10-01T22:01:50,15.4,Descriptive,Implied,none,stated
deloitte.com__us_en_about_people_profiles-eric-rubin-73401084-html.md,qwen3.8:27b,"Independent audit professional specialising in real estate, asset management, and SEC reporting.","I bring over two decades of audit expertise to real estate and asset management sectors. My background includes leading REIT and Tri-state audit practices at a Big Four firm, where I managed complex SEC reporting and large transactions. Prior to this, I spent seven years in securitisation, structuring cash flows for CMBS and CRE CDO deals. I now offer independent advisory services, focusing on statutory audits, SFRS(I) compliance, and transaction accounting. I remain specialised in overseeing audit services for sector clients across the region, ensuring rigorous adherence to regulatory standards and best practices.",Real Estate Audit and SEC Reporting Advisory,"Practical audit and reporting advisory for Singapore-based real estate developers, REIT managers, and asset management firms. Services include statutory audits of real estate portfolios, compliance with Singapore Financial Reporting Standards (SFRS(I)), SEC reporting support for cross-border entities, and complex transaction accounting. Familiar with cash flow structuring for securitisation deals and asset valuation methodologies.","Over 23 years in audit, previously leading the REIT and real estate audit practice at a Big Four firm. Oversaw audit services for sector clients as US mortgage REIT leader. Managed cash flow structuring for CMBS and CRE CDO transactions in the securitisation group for seven years.",PROVIDER,Construction & Real Estate,Financial Services,industry_v1,2026-10-01T22:01:52,15.15,Descriptive,Implied,none,none
bcg.com__about_people_experts_alejandro-navarro.md,qwen3.6:35b,Sustainability and Consumer Strategy Consultant,"With an MBA and an economics background, I specialize in sustainability and consumer products strategy. I help food, beverage, and beauty clients optimize their portfolios and realize ESG ambitions. My approach focuses on designing sustainable value, integrating climate risk adaptation, and leveraging green innovation to build competitive advantage. I combine strategic rigor with practical execution to drive long-term resilience for businesses aiming to balance profitability with planetary stewardship.",Sustainable Consumer Product Strategy,"Practical advisory for Singapore-based food, beverage, and personal care SMEs looking to integrate sustainability into their business models. Services include ESG strategy development, optimizing product portfolios for cost and environmental value, and designing resilient supply chains. Particular experience with climate risk adaptation, sustainable packaging solutions, and building competitive advantage through green innovation.","Managing Director and Partner at a global strategy consultancy. Leads climate and sustainability agendas across Europe, the Middle East, South America, and Africa. Drives sustainable value design globally for the consumer practice. Previously based in Chicago, Atlanta, and Mexico City, leading engagements for global clients across multiple regions.",PROVIDER,Food & Beverage,,industry_v1,2026-10-01T22:02:01,6.99,Descriptive,Implied,none,none
deloitte.com__us_en_about_people_profiles-christopher-ahn-93fecae4-html.md,qwen3-vl:32b,Former Head of Software-Defined Vehicle Practice & Industry Leader in Automotive Digital Transformation,"I have over 15 years of experience in automotive digital transformation, having led the software-defined vehicle practice at a global strategy consultancy. I specialise in digital enablement for automotive OEMs, suppliers, and dealers, focusing on emerging technology adoption and streamlined customer experiences. My work has centred on designing and engineering scalable digital solutions that accelerate innovation and improve end-user engagement. I do not hold any certifications or registrations mentioned in the source.",Digital Enablement for Automotive Businesses,"Practical advisory for automotive OEMs, suppliers, and dealers looking to adopt software-defined vehicle technologies. Services include designing and engineering emerging technology solutions, enabling digital transformation from concept to operationalization, and improving customer experience through streamlined digital processes. Familiar with digital enablement frameworks and automotive technology adoption strategies. Scope: focused on automotive digital transformation projects.","15 years in automotive digital transformation, including leading the software-defined vehicle practice at a global strategy consultancy. Delivered digital enablement for automotive OEMs, suppliers, and dealers. Designed and engineered emerging technology solutions for scaled adoption, with emphasis on streamlined customer experience. No certifications or registrations mentioned in the source.",PROVIDER,Manufacturing,Technology & Software,industry_v1,2026-10-01T22:01:55,15.98,Authority,Implied,none,none
deloitte.com__us_en_about_people_profiles-jblo-681aaee0-html.md,qwen3.8:27b,Healthcare operations and technology specialist with two decades of sector experience,"I am a healthcare operations specialist with over twenty years of experience helping organisations solve complex business challenges. I specialise in tailoring sector-specific processes and technology solutions to drive measurable value and competitive agility. My background includes leadership roles in sales excellence and market offerings, where I focused on revenue cycle management and technology optimisation. I hold an MBA from a prestigious US business school and a B.A. in Public Health, which informs my approach to transforming operating models for complex healthcare providers.",Healthcare Operations & Revenue Cycle Transformation,"Practical advisory for healthcare providers, hospitals, and medical groups seeking to optimise operations and revenue. Services include revenue cycle management improvement, technology stack assessment, operating model redesign, outsourcing strategy, and financial turnaround planning. Particular experience with healthcare sector workflows and financial performance metrics. Does not include clinical medical advice or legal compliance audits.","I spent over 20 years consulting to healthcare clients, holding roles in sales excellence and market offering leadership. I focused on revenue cycle management and technology optimization to secure marquee deals. I hold an MBA from a top US business school.",PROVIDER,Healthcare,,industry_v1,2026-10-01T22:01:58,14.67,Descriptive,Direct First-Person,none,stated
bcg.com__about_people_experts_david-young.md,qwen3.6:35b,"Global Strategy and Sustainability Leader, Former Consulting Partner","I am a former consulting partner and ex-COO of a global relief NGO, bringing over 25 years of experience in global strategy, operational transformation, and sustainability. I have directed multi-billion-dollar field operations and led firm-wide societal impact practices. My focus is on embedding sustainability into business models and guiding boards through climate and resource transitions. With a Master's in engineering, I help clients future-proof their operations and comply with evolving regulations.",Sustainability Strategy and Board Advisory,"Practical sustainability and ESG advisory for Singapore SMEs and family businesses aiming to future-proof their operations and comply with evolving regulations. Services include integrating societal value into product design, managing resource scarcity risks, and preparing board-level reporting for climate and green transition imperatives. Particular experience with value chain resilience and aligning corporate strategy with global sustainability standards.","28 years in global strategy and sustainability, leading a major consultancy’s societal impact practice and serving as COO of a global relief NGO managing $2B+ in annual field spending. Directed multi-billion-dollar operations. Helped organisations embed sustainability into core business models and manage climate-related resource constraints.",PROVIDER,Social Services & Non-profit,Professional Services,industry_v1,2026-10-01T22:02:11,9.73,Descriptive,Implied,none,none
bcg.com__about_people_experts_charles-westrin.md,qwen3.8:27b,Scaling Edtech Impact with Strategic Product Innovation and Digital Transformation,"I specialise in guiding education businesses through digital transformation and product strategy. My focus is on building scalable learning platforms and AI upskilling programmes that deliver measurable ROI. I bring deep expertise in organisational capability building and business model innovation for the online edtech sector. With a background in leadership development and global market dynamics, I help clients navigate complex digital landscapes. My approach prioritises practical outcomes and sustainable growth, ensuring that strategic initiatives translate into tangible organisational impact and long-term success for your team.",Digital Transformation and Edtech Strategy Advisory,"Advisory for education companies and tech-enabled services seeking to scale digital capabilities. Services include product strategy for learning platforms, AI upskilling programme design, organisational capability building, and business model innovation for online education. Familiar with digital transformation frameworks and global edtech market dynamics.","10+ years in online edtech and business transformation. Previously served as Managing Director at a specialty consultancy for educational upskilling. Led Learning Product Innovation at a global edtech platform, launching products that reached 80 million learners. Held leadership roles in higher education and global tech content providers.",PROVIDER,Education,Technology & Software,industry_v1,2026-10-01T22:02:08,13.07,Value Prop,Implied,none,none
bcg.com__about_people_experts_mel-wolfgang.md,qwen3.8:27b,Strategy and Transformation Advisor for Industrial and Public Sector Clients,"I bring over 25 years of experience advising industrial, technology, and public sector organisations on strategy and large-scale transformation. My background includes senior leadership roles within a global management consultancy, where I focused on practice leadership and partner development. I specialise in mergers and acquisitions, post-merger integration, organisation design, and cost optimisation. I hold a PhD in hydrodynamics and a BS in naval architecture. My work also covers government transition planning and board-level strategy training, ensuring robust outcomes for complex organisational changes.",Transformation and M&A Advisory,"Advisory for industrial, logistics, and public sector organisations navigating mergers, acquisitions, or major operational changes. Services include strategy development, due diligence support, post-merger integration planning, organisation design, and cost optimisation programmes. Familiar with complex industrial supply chains and government agency transitions. Particular experience with aerospace, defence, metals, and postal logistics sectors.","25 years in strategy and transformation consulting, including senior partner roles at a global management consultancy. Led partner development and change management initiatives for industrial and public sector clients. Supported government transition planning for a national administration over a decade. Holds a PhD in hydrodynamics from a leading technical university.",PROVIDER,Marine & Offshore,,industry_v1,2026-10-01T22:02:13,11.89,Descriptive,Implied,none,none
bcg.com__about_people_experts_giovanni-moscatelli.md,qwen3-vl:32b,Senior Strategy Consultant in Transportation and Logistics,"Over 15 years of consulting experience in transportation, logistics, infrastructure, and shipping, with a focus on industrial goods. Worked with clients across Europe, the US, and the Middle East. Core expertise in strategy, operations, and organizational transformation for shipping, logistics, and engineering companies. Member of a global digital centre for transportation and logistics. Holds an MBA from INSEAD and a BA from the University of Pisa.",Strategy and Transformation Advisory for Logistics and Infrastructure Businesses,"Practical advisory for logistics providers, shipping companies, and infrastructure operators seeking to improve operations and sustainability. Services include strategy development for transport and logistics networks, operational efficiency improvements, and organizational transformation planning. Familiar with digital transformation frameworks and sustainable infrastructure models. Works with SMEs and mid-sized firms in the transportation sector.","15 years in strategy and operations consulting for transportation and logistics, including senior partner at a global strategy consultancy. Advised shipping, logistics, electronics, and engineering companies on operational and organizational improvements. Member of the firm’s Digital Center for Transportation & Logistics, contributing to digital transformation initiatives. Prior experience with international development projects through a global intergovernmental organization",PROVIDER,Logistics & Distribution,Marine & Offshore,industry_v1,2026-10-01T22:02:13,16.85,Descriptive,Implied,omitted_trailing_period,none
ey.com__en_gl_people_laura-furness.md,qwen3.6:35b,Strategic Communications Specialist,"I bring over a decade of expertise in strategic communications and media leadership. I specialise in developing comprehensive strategies to enhance brand awareness and stakeholder engagement across local, regional, and global markets. With a background in technology clients and a Masters in Business Management, I focus on practical guidance for SMEs. My approach ensures consistent branding and effective narrative control.",Strategic Communications Advisory for SMEs,"Practical communications guidance for Singapore-based SMEs and startups seeking to build credibility, manage stakeholder perception, and navigate public relations challenges. Services include crafting executive thought-leadership content, developing social media strategies, and designing crisis communication plans. Particular experience with tech-driven organisations and regulatory-aware messaging. Ensures consistent, professional branding across all channels.",Over a decade in strategic communications and media leadership. Directed communications teams for major technology clients at a leading global agency. Holds a Masters in Business Management and a Bachelor's degree in History.,PROVIDER,Professional Services,,industry_v1,2026-10-01T22:02:39,13.24,Descriptive,Implied,none,none
ey.com__en_gl_people_konstanze-nardi.md,qwen3.6:35b,Private Equity Exit Strategy Specialist for European and Singapore Assets,"With over two decades in strategy consulting and corporate finance, I guide private equity firms through complex exit readiness. My approach integrates strategic preparation into the value creation lifecycle, ensuring portfolio companies are primed for successful dispositions. Qualified as a German Certified Public Auditor and Chartered Accountant, I offer deep expertise in cross-border transactions and due diligence, helping you navigate European and Singapore markets with confidence and precision.",Private Equity Exit Readiness and Value Creation Advisory,"Practical strategic advisory for Singapore-based private equity firms and mid-market portfolio companies preparing for exit within 12 to 24 months. Services include conducting pre-exit health checks, integrating exit readiness into the value creation lifecycle, and preparing for IPOs or cross-border sell-side due diligence. Familiar with SFRS(I) reporting requirements and PDPA data governance implications for exit documentation. Not focused on transaction execution, investment banking deal structuring, or legal due diligence.","23 years in strategy consulting and corporate finance, including senior partner roles at a global professional services firm. Led large international carve-outs and IPOs for private equity clients across Europe. Qualified as a German Certified Public Auditor and Chartered Accountant (England and Wales).",PROVIDER,Financial Services,Professional Services,industry_v1,2026-10-01T22:02:46,11.41,Value Prop,Implied,none,stated
deloitte.com__us_en_about_people_profiles-brittany-mcginley-3be3d493-html.md,qwen3.6:35b,Digital Transformation & M&A Specialist in Chemicals,"I bring nearly 20 years of experience leading digital transformations, process improvements, and new product developments at the intersection of product lifecycle management and manufacturing assets. Previously, I managed a boutique consulting division for the catalyst and process industries, guiding strategic roadmaps for major corporations and leading M&A integrations. I specialize in identifying opportunities and connecting people, products, and businesses across the value chain to enhance finished products.",Digital Transformation & M&A Advisory,"Practical advisory for food manufacturers, SMEs, and mid-sized businesses looking to modernise operations or integrate after acquisition. Services include product lifecycle management optimisation, manufacturing asset integration, and strategic roadmap development. Familiar with connecting digital threads from raw materials to finished goods. Not focused on IT system coding or legal due diligence.","Nearly 20 years in digital transformation and consulting for the chemicals and process industries. Previously managed a boutique consulting division, guiding five-year strategic roadmaps for Fortune 50 companies and leading M&A transactional evaluations and integrations ranging from S$1 billion to S$3.4 billion. Demonstrated ability to distil actionable narratives and identify opportunities across the value chain.",PROVIDER,Energy & Resources,,industry_v1,2026-10-01T22:02:51,7.42,Authority,Implied,none,stated
pwc.com__gx_en_services_alliances_sap_sap-alliance-leadership-blog-dc-html.md,qwen3-vl:32b,SAP Cloud Transformation Leader,"With over 20 years in driving large-scale digital transformation projects enabled by SAP cloud solutions, I specialise in advising clients on SAP public cloud implementations, end-to-end business process redesign, and AI-integrated ERP modernisation. I have led transformations for large enterprises and government-owned organisations across Southeast Asia, focusing on clean core approaches and business-IT alignment. Experienced in SAP S/4HANA, SAP Business Technology Platform (BTP), and AI-first strategies.",SAP Cloud Transformation Advisory,"Practical advisory for SMEs and mid-sized businesses in manufacturing, logistics, finance, and public sector organisations looking to modernise their ERP systems. Services include SAP public cloud implementation planning, clean core strategy development, AI-integrated business process redesign, and SAP Business Technology Platform (BTP) app development. Familiar with SAP S/4HANA, SAP Business Data Cloud, and agentic AI. Supports clients across Southeast Asia with scalable, industry-specific solutions.","20+ years in SAP cloud transformation, including leading the firm's SAP practice across Southeast Asia. Advised large enterprises and government-owned organisations on end-to-end digital transformations, including a joint venture of three shipping companies covering 50+ countries completed in eight months. Delivered a fast SAP public cloud implementation for a hospital client using clean core approach. Led a complex transformation for a government-owned pension fund, integrating treasury, bond tracking, HR, and procurement processes with AI-first solutions.",PROVIDER,Technology & Software,,industry_v1,2026-10-01T22:02:42,22.84,Descriptive,Implied,none,none
bain.com__de_our-team_kiki-yang.md,qwen3.6:35b,Ex-Strategy Consultant specialising in Private Equity due diligence,"With over 21 years of consulting and investment banking experience, I previously served as Co-Head of a major global strategy firm's Asia-Pacific Private Equity practice. I possess deep expertise in due diligence, strategy, and operational improvement for private equity funds and portfolio companies. I hold an MBA with honors from the Wharton School and a BA from Hamilton College, fluent in Mandarin, Cantonese, and English.",Private Equity Due Diligence and Portfolio Growth Advisory,"Practical advisory for Singapore-based private equity funds and mid-sized portfolio companies seeking rigorous pre-investment assessment and post-acquisition growth. Services include commercial and operational due diligence, post-merger integration planning, fundraising support, and organisational governance reviews. Particular experience with internet, technology, industrial, consumer, and retail sectors across Asia-Pacific markets.","Over 21 years in strategy consulting and investment banking, including Co-Head of a global strategy firm's Asia-Pacific Private Equity practice. I led numerous due diligence efforts for private equity funds in internet, technology, industrial, consumer, and retail sectors. I held an MBA with honors from the Wharton School of the University of Pennsylvania.",PROVIDER,OTHER,,industry_v1,2026-10-01T22:03:02,7.56,Descriptive,Direct First-Person,none,none
deloitte.com__us_en_about_people_profiles-ashley-price-b0ae8ab3-html.md,qwen3-vl:32b,Partner in Business Process Solutions and Tax Advisory,"I have over 20 years in tax and business process advisory, including as a Partner at a Big Four professional services firm. I advised clients on tax process design, optimization, and transformation, with experience in tax planning projects and representation before the IRS. I hold a CPA certification in Ohio and am a member of the American Institute of Certified Public Accountants. I specialise in operational finance, HR & payroll, and tax compliance solutions.",Tax Process Design and Business Process Transformation Advisory,"Practical advisory for SMEs and mid-sized businesses in Singapore looking to streamline tax compliance and operational finance processes. Services include tax process design and optimization, business process transformation planning, and implementation support for finance and HR & payroll systems. Familiar with IRS procedures and US tax compliance frameworks. Works with organisations to improve efficiency and reduce compliance risks.","I spent 20 years in tax and business process advisory, including as a Partner at a Big Four professional services firm. I advised clients on tax process design, optimization, and transformation, with experience in tax planning projects and representation before the IRS. I hold a CPA certification in Ohio and am a member of the American Institute of Certified Public Accountants.",PROVIDER,Cross-industry,,industry_v1,2026-10-01T22:02:52,17.66,Descriptive,Direct First-Person,none,none
deloitte.com__us_en_about_people_profiles-bkunisch-3026f09-html.md,qwen3-vl:32b,Partner in M&A Transaction Services,"I have over 20 years in public accounting and 15 years in merger and acquisition advisory, leading due diligence teams for private equity and strategic buyers. I advised on over 100 completed or proposed transactions, focusing on consumer and industrial products sectors. My specialisation includes operational and financial due diligence, accounting structuring, carve-outs, human capital, information systems, and financial reporting. I hold expertise in US GAAP and cross-border transactions between the US and Europe.",M&A Due Diligence and Transaction Advisory,"Practical advisory for private equity firms and strategic buyers in Singapore and across Southeast Asia, especially in consumer and industrial products sectors. Services include financial and operational due diligence, accounting structuring, carve-out planning, human capital assessments, and information systems reviews. Familiar with US GAAP and cross-border transaction frameworks. Does not include legal drafting or court representation.","I spent 20 years in public accounting and 15 years in merger and acquisition advisory, including as a partner in the firm’s M&A Transaction services group. I led due diligence teams for private equity and strategic buyers on over 100 transactions, with a focus on consumer and industrial products. I advised on accounting structuring, carve-outs, human capital, and information systems. I specialised in US GAAP and cross-border transactions between the US and Europe.",PROVIDER,Retail & Consumer,Manufacturing,industry_v1,2026-10-01T22:02:55,17.22,Descriptive,Direct First-Person,none,stated
pwc.com__ca_en_about-us_our-people_reunion-and-reconciliation-html.md,qwen3.8:27b,Reconciliation Strategist specialising in Indigenous strategy and corporate social responsibility advisory.,"I provide reconciliation strategy and corporate social responsibility advisory. My approach is grounded in personal experience reconnecting with Métis culture and birth family, which informs my work on truth, education, and community engagement. I guide organisations in developing authentic frameworks and launching Reconciliation Action Plans. Based in British Columbia, I focus on advancing reconciliation initiatives within corporate structures and alongside Indigenous communities, ensuring that professional strategies reflect genuine commitment to cultural understanding and sustainable relationship-building.",Indigenous Reconciliation Strategy Advisory,"Practical advisory for mid-to-large enterprises and public sector bodies seeking to develop authentic reconciliation frameworks. Services include conducting truth-telling sessions, developing organisational Reconciliation Action Plans, establishing internal reconciliation advisory committees, and designing employee education programmes on Indigenous history and culture. Familiar with corporate responsibility standards and community engagement best practices. Not focused on legal compliance audits or regulatory filing services.","Former Senior Manager at a global professional services firm. Served on the Reconciliation Advisory Committee, shaping the Reconciliation Strategy and launching the Reconciliation Action Plan. Integrated personal cultural reconciliation journey with professional duties to advance truth and education initiatives.",PROVIDER,Public Sector,,industry_v1,2026-10-01T22:02:58,16.55,Descriptive,Implied,none,stated
deloitte.com__us_en_about_people_profiles-jeffhood-3721ee25-html.md,qwen3.6:35b,Principal in Manufacturing Digital Transformation & Industry Leader,"With 24 years in the manufacturing sector, I specialise in automotive, heavy equipment, aerospace, and chemical industries. My expertise spans marketing, sales, IT, and connected vehicle functions, focusing on developing new business models and customer experiences driven by data, analytics, mobile, and artificial intelligence technologies. I help firms navigate complex digital shifts.",Manufacturing Digital Transformation and Business Model Advisory,"Strategic advisory for manufacturing SMEs and mid-sized firms seeking to modernise operations and customer engagement. Services include designing new business models, integrating data analytics and AI into workflows, and leveraging mobile technologies to enhance user experiences. Particular experience with automotive, aerospace, and heavy industrial sectors.","24 years in manufacturing and digital strategy, including principal roles at a global professional services firm. Delivered strategic advisory for automotive, aerospace, and heavy equipment clients, enabling them to develop new business models through data, analytics, and AI across marketing, sales, and connected vehicle functions.",PROVIDER,Manufacturing,,industry_v1,2026-10-01T22:03:07,8.63,Authority,Implied,none,none
deloitte.com__us_en_about_people_profiles-john-d-angelo-b748d7b7-html.md,qwen3.8:27b,Former Real Estate Operations & Transformation Leader,"Senior consultant with over three decades of experience advising real estate investment managers, REITs, and operating companies in Singapore. Specialises in operational modernisation, optimising operating models, and integrating data analytics with enabling technologies. Built trusted advisory relationships with senior executives at major global real estate organisations. Led large engagement teams to drive innovation and improve client operations through process optimisation and technology adoption, consistently delivering tangible results.",Real Estate Operational Modernisation Advisory,"Strategic advisory for Singapore real estate investment managers, REITs, and operating companies seeking to modernise their business. Services include designing and optimising operating models, implementing process improvements, and integrating data analytics with enabling technologies to drive operational value. Experienced in working with senior leadership to transform complex real estate portfolios and improve overall organisational efficiency.","30 years in real estate consulting, leading transformation initiatives for investment managers and operating companies. Directed large engagement teams to implement operational improvements and technology integrations. Delivered innovation and value for major global clients in the sector.",PROVIDER,Construction & Real Estate,,industry_v1,2026-10-01T22:03:05,12.33,Authority,Implied,none,none
deloitte.com__us_en_about_people_profiles-kulleni-gebreyes-90db6c1-html.md,qwen3-vl:32b,Former Vice Chair and Life Sciences & Health Care Industry Leader,"I bring over 20 years of experience in life sciences and health care, having led strategic innovation at a global consultancy. I specialise in market-shaping digital transformation and financially sustainable business models. My work focuses on improving health span and life span through strategic innovation, advising organisations on scalable, impactful solutions. I do not hold any certifications or registrations.",Health Care Innovation and Strategy Advisory,"Practical advisory for health care providers, biotech firms, and health tech startups looking to innovate and scale. Services include strategic planning for digital health solutions, market entry strategies for life sciences products, and designing financially sustainable business models. Familiar with digital transformation in health care and innovation frameworks. Not focused on regulatory compliance or clinical trial management.","20 years in life sciences and health care innovation, including vice chair at a global strategy consultancy. Led a team focused on digitally enabled innovation and sustainable business models. Advised organisations on improving health span and life span through strategic initiatives. No specific achievements or certifications stated in the source.",PROVIDER,Healthcare,,industry_v1,2026-10-01T22:03:10,13.36,Authority,Implied,none,stated
bcg.com__about_people_experts_benjamin-subei.md,qwen3.8:27b,"Agribusiness Strategy Consultant specialising in growth, digital farming, and sustainable value chains","I specialise in agribusiness strategy and food value chain transformation. My focus is on growth, business model innovation, and digital farming. Since 2018, I have led large-scale transformation projects, optimising costs and sustainable upstream production. I coordinate sustainability initiatives, with deep experience in regenerative agriculture and decarbonisation. I hold a Dipl. Wirt.-Ing in Industrial Engineering from a technical university and Imperial College London. My background spans farm inputs, distribution, agtech, and primary processing, ensuring practical, outcome-driven advisory.",Agribusiness Growth & Sustainability Advisory,"Practical advisory for agribusinesses, food processors, and agtech startups seeking to optimize operations or pivot to sustainable models. Services include growth strategy development, digital business model design, cost optimization analysis, and regenerative agriculture roadmap planning. Familiar with the full value chain from farm inputs to primary processing, with particular experience in decarbonization and digital farming tools to enhance efficiency and sustainability.","8 years in agribusiness strategy and transformation, including a core role in a global strategy consultancy’s industrial goods practice. Expanded the agriculture business and coordinates sustainability initiatives across the sector. Delivered M&A due diligence and post-merger integration for agribusiness clients, focusing on value creation and operational efficiency.",PROVIDER,Food & Beverage,,industry_v1,2026-10-01T22:03:10,14.42,Descriptive,Implied,none,none
bcg.com__about_people_experts_elizabeth-lyle.md,qwen3.6:35b,Former Managing Director & Organizational Strategy Authority,Strategic advisor with 15 years shaping culture and leadership in complex enterprises. Ex-global consultancy lead specializing in upskilling programs and change management. Harvard MBA. I partner with organizations to build digital capabilities and next-gen leadership models. My focus is on driving tangible business impact through tailored transformation strategies and talent development frameworks.,Leadership Capability and Organizational Transformation Advisory,"Practical advisory for Singapore SMEs and mid-market enterprises aiming to modernize leadership behaviors, rebuild company culture, and upskill their workforce for digital transformation. Services include diagnosing organizational culture gaps, designing multi-cohort upskilling and reskilling programmes, and developing operating models that align talent with strategic goals. Familiar with agile methodologies and AI capability-building frameworks. Not focused on legal compliance, financial auditing, or technical IT implementation.",15+ years in organizational strategy and leadership development within top-tier global consultancies. Transformed operating models and accelerated digital capability-building through multi-cohort upskilling programmes. Pioneered middle-manager development approaches that garnered over 2 million views in leadership circles.,PROVIDER,Education,,industry_v1,2026-10-01T22:03:16,8.44,Authority,Implied,none,stated
bcg.com__about_people_experts_jim-larson.md,qwen3.8:27b,"Strategy specialist in global health, international development, and social impact.","I bring over two decades of experience in global health and social impact strategy. I served as a core member of health care and social impact practices at a global consulting firm, leading the partnership with a major global foundation. My work focused on strategy development and execution across more than 60 projects for the foundation's global program teams. Previously, I shaped economic and health policy at a leading academic institution. I specialise in driving digital innovation in global health and engaging the private sector on development topics to create measurable social outcomes.",Global Health and Social Impact Strategy,"Strategic advisory for healthcare organisations, non-profits, and impact investors seeking to scale social initiatives. Services include strategy development for global health programmes, digital health transformation roadmaps, and private-sector engagement plans for development goals. Familiar with international development frameworks and the application of AI and digital tools in health care and poverty reduction contexts for APAC and global clients.","22 years in global health strategy and social impact, including a senior partnership role at a global consulting firm. Led the partnership with a major global foundation, delivering strategy for more than 60 projects across nearly all global program teams over ten years. Previously, shaped economic and health policy at a leading academic institution, driving digital innovation in health care.",PROVIDER,Social Services & Non-profit,Healthcare,industry_v1,2026-10-01T22:03:17,12.83,Descriptive,Implied,none,none
bcg.com__about_people_experts_hean-ho-loh.md,qwen3-vl:32b,Managing Director & Senior Partner in Digital Transformation and AI Strategy,"Over 20 years of experience in digital transformation, AI strategy, and technology leadership. Held senior roles in a global strategy consultancy, including global lead for transportation infrastructure and Asia Pacific regional lead for travel and tourism. Previously led mission-critical system development at major tech firms and founded an e-commerce platform. Holds an MBA from University of Chicago Booth School of Business and a BS in computer science from National University of Singapore.",AI and Digital Transformation Advisory for SMEs and Enterprises,"Practical advisory for SMEs, family businesses, and mid-sized enterprises in transportation, logistics, and retail sectors looking to adopt AI and digital capabilities. Services include assessing AI readiness, designing upskilling programs, aligning digital transformation with business goals, and implementing change management frameworks. Familiar with AI performance metrics, digital capability development, and transformation programs. Works across Southeast Asia and with APAC clients.","20 years in digital transformation and AI strategy, including as Managing Director & Senior Partner at a global strategy consultancy. Served as global lead for transportation infrastructure and airports, and Asia Pacific regional lead for travel and tourism. Previously held leadership roles in mission-critical system development at major tech firms and founded an e-commerce platform. Holds an MBA from University of Chicago Booth School of Business.",PROVIDER,Logistics & Distribution,,industry_v1,2026-10-01T22:03:23,14.08,Descriptive,Implied,none,none
bcg.com__about_people_experts_peter-jameson.md,qwen3.8:27b,Former Managing Director & Climate Sustainability Strategy Leader,"I am a senior consultant specialising in climate and sustainability strategy for maritime, logistics, and infrastructure sectors. I previously led the regional climate practice at a global strategy consultancy and managed innovation at a leading medical technology company. I hold a Master of Engineering in mechanical engineering and have professional experience in the naval sector. My expertise spans climate risk adaptation, decarbonisation pathways, and organisational change management for complex industrial transitions, helping firms navigate regulatory complexity.",Climate Strategy and Decarbonisation Advisory,"Strategic advisory for shipping, logistics, and infrastructure firms navigating climate regulations and sustainability transitions. Services include developing net-zero roadmaps, assessing climate risk and resilience, evaluating low-carbon fuel options, and managing organisational change for sustainable operations. Familiar with IMO guidelines and maritime industry standards, helping businesses align commercial goals with environmental compliance.","I spent 10+ years in climate sustainability strategy and infrastructure consulting, including a Managing Director role at a global strategy consultancy. I previously led innovation at a major medical technology firm and served in a senior naval capacity. I built deep expertise in maritime decarbonisation and climate risk for regional and global clients.",PROVIDER,Marine & Offshore,Energy & Resources,industry_v1,2026-10-01T22:03:24,14.29,Authority,Direct First-Person,none,none
kroll.com__en_our-experts_matthew-bowe.md,qwen3.8:27b,Infrastructure Delivery Specialist and Expert Witness for Complex Rail Projects,"I bring over 25 years of experience in infrastructure delivery, project management, and expert witness testimony. My work focuses on distressed project recovery, dispute resolution, and strategic delivery for complex rail and civil infrastructure programmes. I have led large-scale multibillion-dollar projects across Asia, the Middle East, North America, and Australia. As a certified professional from the Association for Project Management with a bachelor’s degree in civil engineering, I provide independent analysis for government agencies, contractors, and legal teams regarding delay, quantum, and operational risk.",Infrastructure Dispute Advisory and Expert Testimony,"Advisory for construction contractors, project owners, and legal teams managing complex infrastructure projects or disputes. Services include expert witness testimony for arbitration, delay and quantum analysis, distressed project turnaround strategies, and independent audits of troubled programmes. Familiar with signaling systems, trackwork, and civil construction standards, with particular experience in rail infrastructure delivery and cross-border dispute resolution.","25 years in infrastructure delivery and project management, including Project Director roles on multibillion-dollar rail programmes. Led the upgrade of a major urban transit signalling system and advised on turnaround strategies for distressed projects in Taiwan, Hong Kong, and the United States. Certified by the Association for Project Management.",PROVIDER,Engineering Services,Public Sector,industry_v1,2026-10-01T22:03:24,17.42,Descriptive,Implied,none,none
ey.com__en_gl_people_michael-curtis.md,qwen3-vl:32b,Global Media Relations and Brand Strategy Leader,"Over 20 years of experience in corporate communications, brand building, and public relations, including leadership of global PR and social media teams for major industry markets. Advised senior executives on reputation management and led PR campaigns at international events. Holds a Bachelor of Laws degree from the University of Birmingham, UK.",Corporate Brand and Reputation Advisory,"Practical advisory for mid-sized and large businesses in technology, media, telecommunications, and consumer sectors looking to strengthen their corporate brand and public image. Services include developing global and regional PR strategies, managing executive messaging, leading media campaigns at industry events, and advising on reputation risk. Familiar with global media landscapes and corporate communications standards. Not focused on internal communications or employee engagement programmes.","20 years in corporate communications and brand strategy, including leadership of global public relations and social media teams for a global professional services firm. Oversaw PR for eight industry markets and led campaigns at international industry events. Advised senior executives on corporate reputation and brand positioning.",PROVIDER,Professional Services,,industry_v1,2026-10-01T22:03:51,18.28,Descriptive,Implied,none,stated
deloitte.com__us_en_about_people_profiles-ajay-chavali-9dd8ea6a-html.md,qwen3-vl:32b,Former Managing Director in Product Engineering & Development and Industry Leader,"Over 20 years in product engineering and development, including as managing director at a global strategy consultancy. Specialises in commercial aerospace, defence, and advanced air mobility. Led organisational transformations and global programmes across North America, Europe, Japan, and Australia, collaborating with senior executives in aerospace, defence, maritime, hi-tech, semiconductor, and semi equipment industries. Advised on innovation strategies and product development roadmaps for multinational clients.",Product Engineering & Development Advisory,"Practical advisory for technology and manufacturing businesses in aerospace, defence, and advanced mobility sectors. Services include leading organisational transformations, designing and executing global product development programmes, advising on advanced air mobility strategies, and collaborating with senior leadership on innovation roadmaps. Familiar with global aerospace and defence industry standards and digital product development frameworks.","20 years in product engineering and development, including as managing director at a global strategy consultancy. Led organisational transformations and global programmes across North America, Europe, Japan, and Australia. Advised senior executives in aerospace, defence, maritime, hi-tech, semiconductor, and semi equipment industries on product development and innovation strategies.",PROVIDER,Technology & Software,Marine & Offshore,industry_v1,2026-10-01T22:03:55,19.38,Authority,Implied,none,none
ey.com__en_gl_people_pete-witte.md,qwen3.8:27b,Private Equity Research Specialist and CFA Charterholder specialising in deal sourcing and exit strategy,"I bring over 20 years of experience in alternative investments, specialising in private equity research. My expertise covers fundraising, sourcing, structuring, acquisitions, value creation, and exit readiness. As a CFA Charterholder with a BS in Business and BA in Philosophy, I deliver data-driven insights on market trends. I help clients understand the trajectory and impact of vital trends in the PE sector, ensuring their strategies are grounded in comprehensive analysis and clear market outlooks for optimal decision-making.",Private Equity Strategy and Market Insights Advisory,"Advisory for private equity firms and investment funds seeking to optimise deal sourcing, value creation, and exit strategies. Services include analysis of PE market trends, benchmarking of fund performance, guidance on exit readiness, and insights on emerging markets. Familiar with global capital markets, fundraising dynamics, and the regulatory landscape affecting alternative investments in Singapore and APAC.","I spent 20 years in alternative investments, including a role as Global Private Equity Lead Analyst for a major professional services firm. I led a global team of analysts, producing insights on fundraising, sourcing, and exit readiness. I am a CFA Charterholder.",PROVIDER,Financial Services,,industry_v1,2026-10-01T22:04:01,14.62,Descriptive,Direct First-Person,none,none
deloitte.com__us_en_about_people_profiles-christian-grant-3b4dbdb-html.md,qwen3.8:27b,"Principal Consultant specialising in power, utilities, and renewables strategy","I am a management consultant with over 10 years of experience in the power, utilities, and renewables sector. Having served as a business leader within the industry, I bring a dual perspective on operational and strategic challenges. I specialise in architecting and delivering smart operational solutions that navigate regulatory changes, technological advancements, and shifting consumer demands. My expertise spans operational improvement, business transformation, mergers and acquisitions, and greenfield strategy design for energy infrastructure and utility clients in Singapore.",Energy Sector Strategy and Operations Advisory,"Advisory for power, utilities, and renewable energy companies navigating complex market shifts. Services include operational improvement programmes, business transformation roadmaps, mergers and acquisitions support, and greenfield strategy design. Helps organisations architect smart solutions to address regulatory requirements, technological integration, and evolving consumer expectations. Particular experience with utility infrastructure and energy market dynamics.","Over 10 years in management consulting and industry leadership within the power, utilities, and renewables sector. Served as a principal consultant focusing on strategic and operations challenges for energy clients. Led projects in operational improvement, business transformation, and M&A, delivering smart operational solutions to address regulatory and technological shifts.",PROVIDER,Energy & Resources,,industry_v1,2026-10-01T22:04:03,14.49,Descriptive,Implied,none,none
deloitte.com__us_en_about_people_profiles-chris-thomas-734a3247-html.md,qwen3.8:27b,Former Global Strategy Consultant & Hybrid Cloud Infrastructure Leader,"I offer nearly 25 years of global experience in hybrid cloud and AI data center strategy. Specialising in technology transformation, I have delivered large-scale cloud-centric operating models and strategic cost optimizations for enterprise clients. My background includes leading the hybrid cloud infrastructure offering at a major strategy consultancy, where I shaped workforce-of-the-future initiatives and global outsourcing programmes. I help businesses modernise IT infrastructure with precise, data-driven architectural planning.",Hybrid Cloud and AI Infrastructure Strategy Advisory,"Advisory for SMEs and mid-sized enterprises in technology, finance, and logistics seeking to modernise their IT infrastructure. Services include hybrid cloud migration strategy, AI data center architecture planning, strategic cost optimization for cloud spend, and design of cloud-centric operating models. Particular experience with global outsourcing programmes and workforce-of-the-future initiatives. Familiar with major cloud platforms and data center standards.","Close to 25 years in hybrid cloud and AI data center strategy. Previously served as hybrid cloud infrastructure offering leader at a global strategy consultancy, shaping large-scale technology transformations. Led strategic cost optimizations and global outsourcing programmes for enterprise clients across multiple industries.",PROVIDER,Cross-industry,,industry_v1,2026-10-01T22:04:05,15.96,Authority,Implied,none,none
deloitte.com__us_en_about_people_profiles-chad-deweese-acbfdd88-html.md,qwen3-vl:32b,Lead of sports strategy and analytics practice,"Over 15 years in sports strategy and analytics, including leading the firm's sports strategy and analytics practice. Specialises in designing sustainable growth strategies, new business models, and data-driven transformation for sports organisations. Has worked with leagues and associations to develop fan engagement and revenue-growth strategies, create go-to-market plans, and implement data monetisation and long-range strategic planning. No certifications or registrations mentioned in source.",Sports Strategy and Analytics Advisory,"Practical advisory for sports leagues, associations, and sports organisations looking to grow revenue and improve fan engagement through data and strategy. Services include developing fan engagement and revenue-growth strategies, creating go-to-market plans for new products, transforming organisations into data-driven decision-makers, and designing long-range strategic plans. Familiar with data monetisation and capability transformation in sports. No scope limits.","15 years in sports strategy and analytics, including leading the firm's sports strategy and analytics practice. Developed fan engagement and revenue-growth strategies for leagues and associations, created go-to-market strategies for new product offerings, and transformed organisations into data-driven decision-makers. Designed data-monetisation strategies and long-range strategic plans for sports clients.",PROVIDER,Retail & Consumer,,industry_v1,2026-10-01T22:04:09,17.12,Descriptive,Implied,none,none
deloitte.com__us_en_about_people_profiles-prasad-yarlagedda-49655a82-html.md,qwen3.8:27b,Former Principal Consultant & Public Sector Digital Transformation Leader,"I bring over 25 years of expertise in technology-driven business transformation, customer strategy, and digital adoption for the public sector. My practice specialises in large-scale IT, business, and service delivery transformations that integrate innovative technology solutions with human-centred design principles. I have led engagements for state, federal, and higher education institutions, designing and implementing solutions that deliver maximum value to stakeholders. My approach combines strategic oversight with practical execution, ensuring that complex digital change initiatives align with organisational goals and user needs while navigating the unique regulatory landscapes of government entities.",Government & Public Sector Digital Transformation Advisory,"Strategic advisory for public sector agencies, statutory boards, and educational institutions undergoing digital change. Services include IT modernisation roadmaps, customer experience strategy, and service delivery redesign using human-centred design methods. Familiar with complex public sector procurement and stakeholder alignment frameworks.",25+ years in industry and consulting focusing on public sector transformation. Led large-scale IT and service delivery transformations for government and higher education clients. Integrated innovative technology solutions with human-centred design principles to improve stakeholder value.,PROVIDER,Public Sector,,industry_v1,2026-10-01T22:04:15,16.25,Authority,Implied,none,none
deloitte.com__us_en_about_people_profiles-mark-wojteczko-fa03d2df-html.md,qwen3.8:27b,"Audit specialist in real estate funds, REITs, and fair value valuation.","I am an audit specialist with over 15 years of experience in the real estate investment sector. I have led fair value audits for real estate funds, investment companies, and REITs. My background includes coordinating multi-location audits and ensuring compliance with Singapore regulatory standards. I hold a bachelor’s degree in accounting and finance. I focus on delivering robust financial assurance for mid-sized entities navigating complex property valuation methodologies.",Real Estate Fund Audit Advisory,"Practical audit support for real estate investment funds, REITs, and property developers. Services include fair value audit execution, multi-location audit coordination, and capital market compliance reviews. Familiar with NCREIF standards and complex property valuation methodologies. Suitable for mid-sized real estate entities requiring robust financial assurance and regulatory reporting support.",15 years in audit and assurance specialising in real estate funds and REITs. Led national real estate funds practice at a global professional services firm. Co-chaired the NCREIF Accounting Committee and completed task force engagements on accounting standards.,PROVIDER,Construction & Real Estate,,industry_v1,2026-10-01T22:04:21,10.53,Descriptive,Implied,none,none
bain.com__our-team_kiki-yang.md,qwen3.8:27b,Private equity due diligence and value creation specialist with 21 years' experience.,"I bring over 21 years of consulting and investment banking experience to private equity engagements. My expertise centres on due diligence, strategy, and operational improvement for multinational and local clients. I have led numerous diligence efforts for funds in internet, technology, industrial, consumer, and retail sectors. I also led fund strategy projects focusing on positioning, fundraising, and governance. Additionally, I drove portfolio company initiatives on post-merger integration, commercial excellence, and digital transformation. I hold an MBA from a leading business school and remain focused on delivering practical, outcome-driven advice.",Private Equity Due Diligence and Portfolio Advisory,"Practical advisory for private equity funds and portfolio companies seeking to optimise value creation. Services include pre-investment due diligence, post-merger integration planning, operational efficiency reviews, commercial excellence strategies, and digital transformation roadmaps. Familiar with industry-specific value drivers in technology, industrial goods, consumer products, and retail sectors across Asia-Pacific.","Over 21 years in consulting and investment banking, specialising in private equity due diligence and value creation. Previously Co-Head of the Asia-Pacific Private Equity practice at a global management consultancy. Delivered diligence efforts for global, regional, and local private equity funds across internet, technology, industrial, consumer, and retail industries. Earned an MBA with honors from a leading business school.",PROVIDER,OTHER,,industry_v1,2026-10-01T22:04:18,17.0,Descriptive,Implied,none,none
deloitte.com__us_en_about_people_profiles-jkoenigsknecht-2e244406-html.md,qwen3-vl:32b,"M&A Industry Leader in Energy, Resources & Industrials","Over 20 years of experience in merger and acquisition transaction services, specialising in buy-side and sell-side due diligence, carve-out financial statements, and purchase accounting. Worked across industrial products sectors globally, delivering hundreds of M&A projects for buyers and sellers. No certifications or registrations mentioned in source.",M&A Transaction Advisory Services,"Practical advisory for SMEs and mid-sized industrial businesses looking to buy, sell, or restructure assets. Services include buy-side and sell-side due diligence, preparation of carve-out financial statements, and application of purchase accounting standards. Familiar with IFRS and US GAAP accounting frameworks. Scope covers transaction support for industrial product sectors.","20 years in merger and acquisition transaction services, specialising in industrial products. Served as industry leader for automotive and aerospace & defense sectors at a global professional services firm. Delivered hundreds of M&A transaction projects for buyers and sellers globally. Expertise includes buy-side and sell-side due diligence, carve-out financial statements, and purchase accounting.",PROVIDER,Manufacturing,,industry_v1,2026-10-01T22:04:21,15.32,Descriptive,Implied,none,none
deloitte.com__us_en_about_people_profiles-lsterrett-b2acc196-html.md,qwen3.8:27b,Former Vice Chair and Consulting Leader specialising in life sciences strategy and market entry,"I am a retired consulting leader with 25 years of experience in the life sciences and healthcare sectors. Previously, I served as Vice Chair and US Clients & Industries Leader, overseeing go-to-market strategy and integrated support models. My background includes leading the National Life Sciences and Health Care Consulting practice. I focus on delivering impact through innovative solutions and technology to solve complex business problems. I bring a passion for creativity and strategic advisory to help organisations navigate transformation. My approach combines deep industry insights with practical execution to drive measurable results for clients across various industries.",Strategic Consulting & Industry Advisory,"Executive advisory for mid-sized and large organisations seeking strategic transformation, particularly in life sciences and healthcare. Services include developing go-to-market strategies, designing integrated client support models, and providing industry-specific insights. Leverages 25 years of consulting experience to drive innovation and solve complex operational challenges.",25 years of consulting experience. Former Vice Chair and US Clients & Industries Leader. Previously led the National Life Sciences and Health Care Consulting practice. Delivered go-to-market strategies and thought leadership publishing for major clients.,PROVIDER,Healthcare,Cross-industry,industry_v1,2026-10-01T22:04:26,13.18,Descriptive,Implied,none,none
bcg.com__about_people_experts_paulina-ponce-de-leon-barido.md,qwen3.6:35b,"Climate, Sustainability and Social Impact Strategist","Specialising in climate change, sustainability, and social impact strategy for private, public, and non-profit organisations. I bring an MBA from Harvard, an MPP from Harvard Kennedy School, and an MSc in Technology and Policy from MIT. My expertise lies in operational improvement and change management, aligning business models with net-zero goals. I use data-driven insights and science-based targets to drive tangible results and embed sustainability into core business operations effectively.",Climate Strategy and Net-Zero Implementation Advisory,"Practical sustainability advisory for food manufacturers, F&B operators, SMEs, and startups aiming to reduce emissions and align with net-zero targets. Services include supply chain engagement strategies, carbon dioxide removal (CDR) roadmap design, and climate action planning. Familiar with science-based targets and voluntary carbon market dynamics. Not focused on legal drafting or regulatory compliance filings.","18 years in sustainability strategy and climate impact. Redesigned firm-wide climate strategy, scaling efforts and developing go-to-market plans. Formerly at an environmental institution’s Markets Institute, helping business-focused approaches to sustainability. Co-authored multiple reports on carbon removal, supply chain emissions, and climate technology deployment.",PROVIDER,Social Services & Non-profit,,industry_v1,2026-10-01T22:04:37,10.41,Descriptive,Implied,none,stated
bcg.com__about_people_experts_bensey-davidson.md,qwen3-vl:32b,Restaurant Industry Growth Strategist,"I have over 12 years of experience in growth strategy, brand positioning, menu and pricing optimization, operations, and M&A for restaurant brands. I specialise in quick-service, fast-casual, and casual dining concepts, including multi-brand portfolio companies. I held corporate strategy and implementation roles at major restaurant brands. I hold an MBA from MIT Sloan and a BSc in Mathematics from MIT.",Restaurant Growth Strategy and M&A Advisory,"Practical advisory for restaurant brands and multi-brand operators seeking to grow market share, optimise pricing and menus, and execute M&A transactions. Services include growth strategy development, brand positioning, menu and pricing optimisation, operations improvement, and M&A due diligence. Familiar with consumer behaviour trends and competitive dynamics in the restaurant sector.","I spent 12 years in restaurant industry growth strategy and operations, including roles in corporate strategy and implementation at major restaurant brands. I advised on growth initiatives for quick-service, fast-casual, and casual dining concepts, including multi-brand portfolios. I focused on brand positioning, menu and pricing optimisation, and M&A activities. I hold an MBA from MIT Sloan and a BSc in Mathematics from MIT.",PROVIDER,Food & Beverage,,industry_v1,2026-10-01T22:04:27,21.38,Descriptive,Direct First-Person,none,none
bcg.com__about_people_experts_jessica-beidelman.md,qwen3-vl:32b,Leadership Development and Organisational Transformation Advisory,"I bring 15 years of experience in business transformation, leadership development, and corporate strategy. I’ve led roles as Vice President of Corporate Development and Strategy at an online education platform and as a management consultant at a global strategy consultancy. I specialise in designing large-scale upskilling programmes and learning strategies for global organisations. My background includes work with an international K-12 education provider and beginning my career as a Teach for America corps member. I hold an MBA from Columbia Business School and a Master of Arts in Teaching from Relay Graduate School of Education.",Leadership Development and Organisational Transformation Advisory,"Practical advisory for SMEs, startups, and mid-sized organisations looking to build leadership capabilities and drive organisational change. Services include designing custom upskilling programs, developing leadership development frameworks, and implementing culture and change management strategies. Familiar with AI integration in workforce transformation and large-scale learning initiatives. Works with organisations across education, tech, and professional services.","15 years in business transformation and leadership development, including Vice President of Corporate Development and Strategy at an online education platform and management consultant at a global strategy consultancy. Designed large-scale upskilling programmes for global organisations, focusing on AI integration and workforce capability building. Previously worked with an international K-12 education provider and began career as a Teach for America corps member. Holds an MBA from Columbia Business School.",PROVIDER,Education,,industry_v1,2026-10-01T22:04:35,20.68,Value Prop,Implied,none,none
hka.com__people_alasdair-mackerron.md,qwen3.6:35b,Chartered Structural Engineer and Expert Witness,"I bring over 35 years of expertise in forensic engineering, structural safety, and regulatory compliance. As a Fellow of the Institution of Engineers Australia and Chartered member of the Institution of Civil Engineers, I provide authoritative technical insight. My career spans major consultancies across Asia and globally, with a focus on resolving complex structural disputes. I hold a BEng (Hons) and have been appointed as an expert witness on numerous occasions, offering reliable guidance for legal and construction challenges.",Structural Forensic Engineering and Expert Witness Services,"Specialist advisory for Singapore property developers, building owners, and legal firms managing construction disputes or complex structural assessments. Services include forensic investigations into structural failures, independent safety and compliance inspections against Singapore design codes, and preparation of expert reports for dispute resolution. Particular experience with major commercial, residential, and sports venue projects; familiar with local regulatory frameworks for development applications and structural integrity.",35 years in structural engineering and forensic investigations. Produced reports for disputes valued at up to S$31 million. Led design teams on projects worth up to S$1.9 billion across multiple continents. Fellow of the Institution of Engineers Australia and Chartered member of the Institution of Civil Engineers.,PROVIDER,Engineering Services,Construction & Real Estate,industry_v1,2026-10-01T22:04:47,10.6,Authority,Implied,none,none
bcg.com__about_people_experts_jeffrey-chua.md,qwen3-vl:32b,Senior Advisor in Infrastructure and Public Sector Strategy,"Over 27 years of experience in infrastructure, public sector strategy, and digital transformation, including roles at a global strategy consultancy and a Singapore-based financial institution. Specialises in transportation, public-private partnerships, and digital government. Holds an MBA from MIT Sloan and a B.Eng in electrical engineering from the National University of Singapore. Member of Singapore’s National Productivity Council (2012–2016).",Infrastructure Strategy and Public-Private Partnership Advisory,"Practical advisory for infrastructure investors, government agencies, and private developers on public-private partnerships, digital transformation, and long-term asset planning. Services include strategic due diligence for infrastructure investments, design of public-private partnership frameworks, digital adoption planning for transport and logistics projects, and programme management for large infrastructure programmes. Familiar with digital government initiatives and asset lifecycle management. Particular experience with mobility transformation and urban infrastructure planning across Southeast Asia.","27 years in infrastructure and public sector strategy, including as Senior Advisor at a global strategy consultancy. Previously served as director at a Singapore-based financial institution and as design engineer at a multinational electronics firm. Helped governments and investors develop public-private partnership frameworks and digital transformation strategies for transport and logistics. Member of Singapore’s National Productivity Council (2012–2016).",PROVIDER,Logistics & Distribution,Public Sector,industry_v1,2026-10-01T22:04:40,21.17,Descriptive,Implied,none,none
bcg.com__about_people_experts_vuk-trifkovic.md,qwen3-vl:32b,Climate Tech and Sustainability Strategy Advisor,"20 years in climate tech and sustainability strategy, including startup ventures in geospatial data and advisory roles at a global strategy consultancy. Specialises in green growth acceleration, carbon dioxide removal, renewables, industrial decarbonization, and shipping decarbonization. Co-founded the firm’s sustainability offering in 2020 and led its agenda across Europe, Middle East, and South America. No professional registration or certification mentioned",Sustainability Strategy and Climate Tech Advisory,"Practical advisory for SMEs and mid-sized businesses in manufacturing, shipping, and energy sectors looking to decarbonise operations and align with sustainability regulations. Services include climate risk assessment, carbon dioxide removal strategy development, energy efficiency planning, and sustainable supply chain transformation. Familiar with ESRS and sustainability reporting frameworks. Not focused on regulatory compliance for financial services or ESG reporting for listed companies.","20 years in climate tech and sustainability strategy, including co-founding a sustainability offering at a global strategy consultancy in 2020. Led the firm’s green growth acceleration agenda across Europe, Middle East, and South America, focusing on carbon dioxide removal, large-scale renewables, industrial decarbonization, and shipping decarbonization. Advised on sustainable business models including circularity in fashion and energy transition metals. No professional registration or certification mentioned",UNCERTAIN,Marine & Offshore,,industry_v1,2026-10-01T22:04:43,20.34,Descriptive,Implied,omitted_trailing_period,stated
ey.com__en_gl_people_shane-macsweeney.md,qwen3.8:27b,Infrastructure Strategy and Transactions Partner,"I am a retired partner specialising in strategy and transactions within the infrastructure sector. For over two decades, I advised government and corporate clients on large-scale projects across Asia, Europe, and the Middle East. My expertise covers project finance, public-private partnerships, economic analysis, and commercial structuring. I previously served as an Infrastructure Advisory Partner at a major professional services organisation. I hold a Bachelor of Commerce in Economics and am now offering my experience for freelance engagements in Singapore.",Infrastructure PPP and Project Finance Advisory,"Advisory for government bodies, statutory boards, and private infrastructure developers preparing for or executing public-private partnerships and major projects. Services include business case development, feasibility assessment, commercial structuring, funding analysis, and tender evaluation. Familiar with international infrastructure standards and cross-border PPP mechanisms in Southeast Asia.","Over 20 years in infrastructure advisory, focusing on PPPs and project finance. Previously an Infrastructure Advisory Partner at a Big Four professional services firm. Advised on complex transactions across Australia, Europe, the Middle East, and Asia, delivering full-cycle outcomes from feasibility to commercial negotiation.",PROVIDER,Professional Services,Public Sector,industry_v1,2026-10-01T22:05:17,12.64,Descriptive,Implied,none,none
deloitte.com__us_en_about_people_profiles-andrew-wright-9df7e801-html.md,qwen3.8:27b,M&A and Advisory Professional specialising in Private Equity transactions,"I am a Chartered Professional Accountant with over 15 years of experience in private equity M&A and advisory. My background spans audit and M&A, focusing on deal execution, carve-outs, and portfolio value creation for technology, media, and telecommunications clients. I prioritise data-driven decision-making and cross-functional team leadership. I currently offer independent advisory services, providing strategic insights for complex transactions. My approach combines rigorous financial analysis with practical execution to drive tangible outcomes. I remain committed to supporting mid-market investment firms and growth-stage companies in achieving their strategic goals within the Singapore and broader Asia-Pacific markets.",Private Equity M&A Advisory and Value Creation,"Practical advisory for mid-market investment firms and growth-stage companies in technology, media, and telecommunications sectors. Services include M&A due diligence, transaction execution, complex carve-out structuring, and portfolio company value creation strategies. Familiar with data analytics tools for deal assessment and operational improvement. Particular experience with transaction execution in the Asia-Pacific region.",16 years in M&A advisory and audit. Previously led a private equity M&A practice at a Big Four firm. Developed a Data Analytics offering to enhance client decision-making. Led cross-functional teams through complex carve-out transactions for technology and media clients.,PROVIDER,Technology & Software,Financial Services,industry_v1,2026-10-01T22:05:20,11.68,Descriptive,Implied,none,none
ey.com__en_gl_people_sheena-thompson.md,qwen3.6:35b,"Partner and Infrastructure AI Leader, Public Sector","I am a Partner and Engineering Leader with 15 years of experience in technology transformation and AI. My focus remains on the government and infrastructure sector. My background spans roles in the Middle East, India, and the UK, with a specialization in enhancing public sector digital propositions and improving citizen service delivery. I hold a BA in Business Management and an MSc in Information Systems, and have led global digital capability initiatives for civil services.",Public Sector Digital Transformation and AI Strategy,"Practical digital transformation and AI strategy for Singapore government agencies and statutory boards looking to modernise citizen services and boost operational efficiency. Services include developing responsible AI roadmaps to move beyond pilots, redesigning digital architectures for pensions, tax, and visa services, and establishing digital academies to upskill civil servants. Particular experience with data analytics and cloud-based platforms for public value creation.","I spent 15 years in public sector technology and AI, including leading digital transformation for government clients across the Middle East, India, and the UK. I built digital academies to develop civil service capabilities and helped government clients modernise tax and visa services. I hold a BA in Business Management and an MSc in Information Systems.",PROVIDER,Financial Services,,industry_v1,2026-10-01T22:05:21,12.55,Descriptive,Direct First-Person,none,none
deloitte.com__us_en_about_people_profiles-jason-hunt-cf3f6747-html.md,qwen3.8:27b,Former Cyber Risk Principal & Industry Leader in Energy OT Security,"I bring over 15 years of expertise in cyber risk for energy, resources, and industrial sectors. My specialisation focuses on identifying risks and evaluating IT and operational technology environments that support complex business processes. I previously led the design and rollout of OT assessment models and remediation approaches to strengthen organisational resilience. Additionally, I built advanced capabilities in Industry 4.0 and IoT security for connected systems. I hold an MBA and maintain Global Industrial Cyber Security Professional, Certified Information Systems Auditor, and CISSP certifications, ensuring rigorous, expert-led advisory services for clients in Singapore.",OT Cyber Risk Assessment and Industry 4.0 Advisory,"Advisory for mid-sized manufacturers, energy firms, and industrial operators seeking to secure operational technology environments. Services include OT risk assessments, remediation planning, and IoT security design for connected systems. Familiar with Industry 4.0 standards and industrial control system security practices. Does not include general IT network security for office environments or legal compliance drafting.","15 years in professional services focused on cyber risk for energy and industrial clients. Led the design and rollout of OT assessment models and remediation approaches at a Big Four professional services firm. Developed advanced capabilities in Industry 4.0 and IoT security to improve operational efficiency. Holds GICSP, CISA, and CISSP certifications.",PROVIDER,Energy & Resources,Manufacturing,industry_v1,2026-10-01T22:05:26,12.09,Authority,Implied,none,stated
bcg.com__about_people_experts_andrea-blasi.md,qwen3.6:35b,"Managing Director & Partner in Industrial Strategy, A&D and M&A","I am a senior partner holding an MBA from IESE and an MSc in economics from Bocconi University. My specialisation lies in industrial goods, with deep expertise across aerospace, defense, automotive, and construction sectors. As a core member of the industrial goods practice, I focus on strategy, due diligence, M&A, and post-merger integration. I advise multinational clients across Europe and Asia-Pacific, helping them navigate complex industrial landscapes and drive sustainable growth through strategic insight.",Strategic Advisory for Industrial and Defense SMEs,"Practical advisory for food manufacturers and industrial SMEs looking to optimise operations or plan growth. Services include commercial strategy design, sales process redesign, and industrial cooperation planning for complex supply chains. Particular experience with aerospace, defense, and construction sectors.",I spent my career as Managing Director and Partner in the Milan office of a global management consultancy. I defined platform development strategies for major helicopter manufacturers and redesigned commercial organisations for aerospace electronics players. I specialise in industrial cooperation plans and value proposition design for defense and industrial goods clients.,PROVIDER,Public Sector,Manufacturing,industry_v1,2026-10-01T22:05:32,8.97,Descriptive,Direct First-Person,none,none
deloitte.com__us_en_about_people_profiles-keherod-16142d2e-html.md,qwen3-vl:32b,Chief Client Officer with 25 years in global ERP-enabled business transformations,"I have 25 years leading global ERP-enabled business transformations for clients across industries. As Chief Client Officer at a global strategy consultancy, I advanced client engagement strategy and innovation agenda. I led the firm’s US Energy, Resources & Industrials Industry practice and SAP practice, advising C-suite on transformation strategy and governance. My experience includes driving value through industry-specific solutions and cloud-enabled technology adoption.",Business Transformation Advisory,"Practical advisory for mid-sized and large enterprises in manufacturing, energy, and industrial sectors seeking digital transformation and ERP modernisation. Services include transformation strategy development, program governance, C-suite advisory, and execution support for cloud-enabled ERP implementations. Familiar with SAP S/4HANA and intelligent enterprise solutions. Advises on innovation and change management to support complex organisational transitions.","25 years in global ERP-enabled business transformations, including Chief Client Officer at a global strategy consultancy. Led the firm’s US Energy, Resources & Industrials Industry practice, driving value through client engagements. Served as leader for the firm’s US SAP practice, helping clients adopt cloud-enabled technologies. Advised C-suite leaders on transformation strategy, program governance, and execution for complex change initiatives.",PROVIDER,Cross-industry,,industry_v1,2026-10-01T22:05:26,16.05,Descriptive,Implied,none,none
bcg.com__about_people_experts_alan-wise.md,qwen3.6:35b,Managing Director leading airline engagements and business transformation for travel and tourism clients,"I am a senior leader with decades of experience in business transformation, mergers and acquisitions, and the travel and tourism sector, with a particular focus on airlines, hotels, and cruise lines. I hold an MBA from Duke University. I specialise in commercial strategy, digital operations, and turnaround initiatives for network carriers, low-cost carriers, and cargo operators.",Airline Strategy and Operational Transformation Advisory,"Practical advisory for airlines and transport businesses seeking to improve commercial performance and operational efficiency. Services include strategy development, turnaround planning, M&A evaluation, and digital growth strategies. Particular experience with network carriers, low-cost carriers, and cargo operators looking to drive value creation and scale efficiencies.",,PROVIDER,OTHER,,industry_v1,2026-10-01T22:05:35,8.52,Descriptive,Implied,none,none
bcg.com__about_people_experts_amy-macdougall-hurwitz.md,qwen3.6:35b,Corporate Finance and Healthcare Strategy Advisor,"I bring over twenty years of experience in corporate finance and healthcare innovation strategy to help organisations navigate complex growth challenges. My background includes a PhD in translational biology and work as a pharmacology research fellow, giving me deep technical insight alongside strategic acumen. I specialise in total shareholder return, growth initiatives, and digital health transformations. I have co-authored innovation reports and advised large-cap companies on leveraging technology for revenue growth. I offer practical, evidence-based guidance for scaling biotech and medtech ventures in the Singapore market.",Healthcare Growth and Innovation Strategy Advisory,"Practical strategic advice for Singapore-based biotech, medtech, and digital health startups and SMEs looking to scale. Services include developing growth strategies, assessing innovation readiness, and planning commercialization pathways. Familiar with molecular diagnostics and digital health trends. Not focused on clinical research operations or regulatory submission filings.","20 years in healthcare strategy and corporate finance, including partner at a leading global strategy firm. Co-authored reports on innovation vitality and advised large-cap companies on revenue growth through technology integration.",PROVIDER,Healthcare,Technology & Software,industry_v1,2026-10-01T22:05:42,9.26,Descriptive,Implied,none,stated
deloitte.com__us_en_about_people_profiles-mayank-pachigar-c64aaaea-html.md,qwen3.8:27b,SAP Commerce and Digital Front-End Specialist,"I have spent nearly fifteen years specialising in SAP commerce and front-end technologies. Previously, I managed the customer practice for a global strategy consultancy, focusing on the industrial products and construction sectors within energy and resources. I led multidisciplinary delivery teams to implement commerce solutions that advanced digital transformation. My work centred on helping clients enhance their digital commerce and customer engagement strategies across business-to-business and business-to-consumer channels. I advised organisations on adapting to evolving customer expectations through targeted technical and delivery-focused strategies, ensuring their digital operations met changing market demands effectively.",Digital Commerce Implementation Advisory,"Practical advisory for industrial product manufacturers and construction firms seeking to digitize their customer-facing operations. Services include SAP commerce platform strategy, front-end solution implementation, B2B and B2C engagement design, and digital transformation planning. Familiar with SAP technology stacks and industrial sector workflows. Does not include legal compliance auditing or general IT infrastructure management.","Nearly fifteen years in SAP commerce and front-end technologies. Previously managed the customer practice of a global strategy consultancy, focused on the industrial products and construction sector. Delivered commerce solutions for clients adapting to evolving customer expectations.",PROVIDER,Construction & Real Estate,Energy & Resources,industry_v1,2026-10-01T22:05:38,14.06,Descriptive,Implied,none,stated
bcg.com__about_people_experts_evelien-dupont.md,qwen3.6:35b,Strategy and Social Impact Consultant specialising in consumer goods and sustainability,"I specialise in strategy, market sizing, and social impact for the consumer goods sector, with over 15 years of management consulting experience. Holding an MBA and MSc in Financial Economics, I have led engagements for retailers, food and beverage companies, and sports brands across Europe and Africa. My expertise lies in designing sustainable investment models and supporting organisational transformation in response to climate and sustainability demands. I help clients align their operations with impactful, long-term goals.",Sustainable Consumer Goods Strategy and Social Impact Advisory,"Practical strategic advisory for SMEs and mid-sized businesses in retail, food and beverage, and consumer products seeking to align operations with sustainability goals. Services include market sizing analysis, social impact model design, talent strategy for climate transition, and ESG transformation roadmaps. Familiar with cross-sector collaboration frameworks and natural capital accounting principles. Not focused on regulatory compliance filing or legal structuring.","15+ years in management consulting, specializing in consumer goods strategy and social impact. Led social impact engagements for the Rwanda Development Board to attract private sector investment and worked with WWF Africa to reshape activities across 13 countries. Advised clients in retail, food, and sportswear on strategy and market sizing.",PROVIDER,Food & Beverage,Retail & Consumer,industry_v1,2026-10-01T22:05:43,11.21,Descriptive,Implied,none,stated
deloitte.com__us_en_about_people_profiles-libby-roop-89748f9a-html.md,qwen3-vl:32b,Experienced automotive assurance and analytics specialist,"Over 20 years of experience in assurance analytics for global automotive clients, specialising in warranty waste reduction, fraud detection, compliance analytics, and data quality management. Has worked with leading automotive finance companies and major OEMs, focusing on dealership network profitability and audits. Proven ability to transform business processes through advanced analytics. No professional registration or certification mentioned in the source.",Automotive Assurance and Analytics Advisory,"Practical advisory for automotive businesses and dealerships looking to reduce warranty waste, detect fraud, and improve data quality. Services include warranty waste reduction analysis, fraud detection system implementation, internal and external audit support, and compliance analytics for dealership networks. Familiar with data quality management and assurance analytics frameworks. Not focused on general financial advisory or strategic restructuring for non-automotive sectors.","Over 20 years in automotive assurance and analytics, including advisory roles at a global professional services firm. Consulted with leading automotive finance companies and major OEMs on dealership network profitability and audits. Reduced warranty waste and improved data quality through advanced analytic solutions. No professional registration or certification mentioned in the source.",PROVIDER,Manufacturing,,industry_v1,2026-10-01T22:05:41,16.53,Descriptive,Implied,none,stated
bcg.com__about_people_experts_lina-bankert.md,qwen3.8:27b,Accelerate Your Education and Workforce Strategy Transformation,"I help education institutions and workforce agencies modernize operations through strategic planning and organizational design. With over two decades in consulting and social impact, I specialize in large-scale change management and talent pipeline development. I combine insights from global strategy, investment banking, and nonprofit advisory to drive measurable outcomes. My approach ensures sustainable growth while navigating complex public and private sector dynamics effectively for your organization.",Education and Workforce Strategy Advisory,"Advisory for education institutions, workforce agencies, and non-profits seeking to modernize operations. Services include strategic planning, market analysis, organizational design, talent pipeline development, and large-scale transformation facilitation. Familiar with intersecting public and private sector dynamics, including fair chance hiring and skills-based recruitment strategies.",20 years in education strategy and management consulting. Partner at a global strategy consultancy leading public sector and social impact practices. Previously spent a decade at a national nonprofit advising education organizations and a decade in investment banking. Served as education lead for a regional center focused on future workforce development.,PROVIDER,Education,Public Sector,industry_v1,2026-10-01T22:05:52,11.77,Value Prop,Implied,none,none
bcg.com__about_people_experts_ted-chan.md,qwen3.6:35b,"Senior Advisor specialising in corporate transformation, sustainability strategy, and logistics","I am a senior strategic advisor with over 25 years of experience leading business transformation and sustainability initiatives across industrial, technology, and logistics sectors. Having headed regional practices for global consultancies and served as Group Chief Strategy Officer for major express delivery firms, I guide organisations through decarbonization, green energy transitions, and complex operational overhauls. I hold degrees in technology and computer engineering from leading technical universities, bringing a grounded technical perspective to strategic challenges.",Corporate Transformation and Sustainability Advisory,"Practical strategic guidance for Singapore-based family businesses, logistics firms, and SMEs looking to streamline operations or implement sustainability frameworks. Services include developing decarbonization roadmaps, evaluating green technology adoption, and refining regional expansion strategies. Familiar with local regulatory landscape and emerging green market opportunities. Not focused on legal compliance drafting or financial auditing.","I spent 25+ years in strategic management, sustainability, and logistics transformation, including serving as Group Chief Strategy Officer at a leading Chinese express delivery company. I played a key role in the firm’s successful public listing by overseeing strategic investment and partnership initiatives. Previously, I led regional corporate finance and business transformation practices for a global consultancy across Greater China.",PROVIDER,Logistics & Distribution,Technology & Software,industry_v1,2026-10-01T22:05:54,10.41,Descriptive,Direct First-Person,none,stated
alvarezandmarsal.com__content_am-alumna-sania-sufi-alumni-news.md,qwen3.8:27b,Non-profit education executive and former financial advisory consultant,"I lead a Singapore-based non-profit education organisation, focusing on strategic growth and operational excellence for underprivileged students. My background includes seven years as an Associate in financial industry advisory at a management consultancy. I combine deep financial insights with non-profit leadership to drive tangible social impact. I specialise in building robust organisational structures and securing long-term sustainability for education-focused initiatives. I aim to empower communities through effective programme design and strategic oversight, ensuring our mission reaches those who need it most.",Non-Profit Strategy and Operational Leadership Advisory,"Strategic guidance for Singapore-based charities and non-profits seeking to strengthen their operations and educational impact. Services include leadership advisory, organisational structure development, stakeholder engagement strategies, and programme design for education-focused initiatives. Familiar with the operational dynamics of professionally managed non-profits serving vulnerable communities.","I spent seven years as an Associate in financial industry advisory services at a management consultancy. I have led a major non-profit education organisation since its establishment in 1995, overseeing its strategy and operations to drive sustainable growth.",PROVIDER,Social Services & Non-profit,Education,industry_v1,2026-10-01T22:05:52,14.07,Descriptive,Direct First-Person,none,none
hka.com__people_gangjin-li.md,qwen3.6:35b,Geotechnical Engineer specialising in forensic investigations and dispute advisory,"I am a geotechnical engineer with over 15 years of consulting and academic research experience in civil infrastructure. I hold a PhD and am a licensed professional engineer in nine U.S. states. I have been appointed as a technical expert on 14 occasions for high-profile infrastructure projects. My expertise covers geotechnical analysis, design, forensic investigations, and peer review for transportation and power sectors.",Forensic Geotechnical Engineering and Dispute Advisory,"Practical forensic advisory for construction contractors, developers, and consultants facing design disputes, site condition disagreements, or structural failures. Services include expert evaluation of differing site conditions, defective specifications, and cost and delay analysis, plus forensic investigation of cofferdam failures, diaphragm wall cracks, and settlement issues. Particular experience with seismic hazard evaluations and numerical modelling of complex foundation systems.","15 years in geotechnical engineering, including consulting and academic research roles. Delivered expert evaluations of design adequacy and professional performance for high-profile infrastructure projects. Appointed as a technical expert on 14 occasions to resolve construction problems. Holds a PhD and is a licensed professional engineer in nine U.S. states.",PROVIDER,Engineering Services,,industry_v1,2026-10-01T22:05:58,8.35,Descriptive,Implied,none,none
brookesbell.com__about-us_the-team_bogdan-ganea.md,qwen3.8:27b,Former Senior Naval Architect & Marine Hydrodynamics Specialist,"I am a Naval Architect with over three decades of expertise in ship experimental and numerical hydrodynamics. Holding an MEng, PhD, and CEng status, I am a Member of the Royal Institution of Naval Architects. I previously served as a senior researcher in shipbuilding design, delivering advanced hydrodynamic solutions for complex marine applications. My core competencies include CFD code development, boundary element methods, and propeller calculation. I developed in-house manoeuvring simulation software specifically for accident analysis and berthing simulations, ensuring high-fidelity results. As a specialist consultant, I provide rigorous technical guidance to ensure safety and efficiency in maritime operations across Singapore and the region.",Marine Hydrodynamics and Manoeuvring Simulation Advisory,"Technical consultancy for ship owners, operators, and design engineers requiring detailed hydrodynamic analysis. Services include accident analysis, berthing and unberthing simulations under various environmental conditions, speed-power sea trials data processing, and propeller performance prediction. Familiar with boundary element methods, ITTC’78 Method, and custom manoeuvring simulation tools for trajectory optimization.","30 years in ship hydrodynamics, including senior researcher at a shipbuilding design institute and naval architect at a marine consultancy. Built in-house manoeuvring simulation software (BBSIM), deployed for accident analysis and berthing simulations. Conducted speed-power and manoeuvre sea trials, developed CFD code for propeller calculation.",PROVIDER,Marine & Offshore,,industry_v1,2026-10-01T22:05:57,14.82,Authority,Implied,none,none
deloitte.com__us_en_about_people_profiles-john-diasselliss-b9375b5b-html.md,qwen3.6:35b,Former Senior Risk and Audit Advisor & Industry Leader,"I specialise in helping mining and metals organisations evaluate and enhance their risk management approaches. My background in professional services allows me to guide executives through strategic, operational, financial, and technology challenges. I focus on realising business value while navigating emerging trends and complex regulatory landscapes, ensuring robust governance frameworks are in place for resource sector success.",Mining and Metals Risk Advisory,"Practical risk advisory for Singapore-based mining and metals operators, traders, and related resource sector businesses looking to strengthen their governance and risk frameworks. Services include evaluating risk management approaches, integrating emerging trend analysis, and aligning operational and financial strategies with technology solutions to realise business value. Particular experience with the complex regulatory and operational landscapes specific to resource extraction and metals trading.","Career primarily focused on the mining and metals sectors. Has supported senior executives across strategic, operational, financial, and technology business areas to evaluate and enhance risk management approaches.",PROVIDER,Energy & Resources,,industry_v1,2026-10-01T22:06:30,7.85,Authority,Implied,none,none
ey.com__en_gl_people_sinisa-babcic.md,qwen3-vl:32b,Former Head of Wealth Management Transformation & Industry Leader,"I have over 20 years of experience advising global financial and technology firms on enterprise strategy, large-scale transformation, and next-generation technology solutions. I specialise in wealth and asset management, with expertise in operating model redesign, post-M&A integration, front-to-back technology stacks, and digital enablement. I hold no stated professional registration or certification in the source.",Wealth Management Transformation Advisory,"Practical advisory for financial services firms and wealth management businesses looking to modernise operations and client experiences. Services include operating model redesign, post-merger integration, digital platform modernisation, and client-centric technology enablement. Familiar with global financial services technology stacks and vendor landscapes. Scope: transformation strategy and execution support.","I spent 20 years in financial services consulting, specialising in wealth and asset management transformation. I was a senior leader in a global professional services firm’s financial services practice, advising leading financial and technology firms. I advised on enterprise strategy, large-scale digital transformations, and post-M&A integrations. I led global initiatives in market intelligence, research, and technology strategy for wealth management firms.",PROVIDER,Financial Services,,industry_v1,2026-10-01T22:06:29,16.97,Authority,Direct First-Person,none,none
deloitte.com__us_en_about_people_profiles-briacampbell-9aa4c182-html.md,qwen3-vl:32b,Strategy Consultant specialising in technology-powered business transformation,"Over 15 years in strategy consulting, specialising in growth, go-to-market, business model and digital transformation with a focus on high-tech. Has worked with cloud hyperscalers and technology leaders to drive innovation and performance improvements across industries. Functional experience spans strategy, sales, marketing, finance, IT, HR and operations. No certifications or registrations mentioned in source.",Technology-Powered Business Transformation Advisory,"Practical advisory for SMEs and mid-sized businesses in high-tech and digital sectors looking to transform their business model, go-to-market strategy, or digital operations. Services include growth strategy development, digital transformation planning, business model redesign, and go-to-market execution. Familiar with cloud hyperscaler ecosystems and technology-driven innovation frameworks. Scope: advisory engagement for one business.","15 years in strategy consulting specialising in technology-powered business transformation, including co-leading the firm's technology transformation offering. Advised clients across industries on growth strategy, digital transformation and business model innovation. Worked extensively with cloud hyperscalers and technology leaders to drive top and bottom line improvements. Functional expertise spans strategy, sales, marketing, finance, IT, HR and operations.",PROVIDER,Technology & Software,,industry_v1,2026-10-01T22:06:29,18.23,Descriptive,Implied,none,none
deloitte.com__us_en_about_people_profiles-mamarchetti-54cde92f-html.md,qwen3.8:27b,HCM Application Management Specialist specialising in cloud transition and support team building,I bring 22 years of experience in human capital management application management services. My career began managing large-scale PeopleSoft outsourcing clients before shifting focus in 2012 to HCM cloud environments. I currently help clients develop and establish effective support teams for their HCM cloud applications. I bridge the gap between traditional outsourcing and modern cloud service delivery models. My approach ensures robust application management and infrastructure support for business continuity across enterprise human capital systems. I guide organisations through the transition from legacy on-premise platforms to modern cloud-based solutions.,HCM Cloud Application Support Setup,"Advisory for mid-sized and large organisations seeking to establish effective HCM cloud application support. Services include developing operational support models, standing up in-house or managed HCM cloud application support teams, and defining service management frameworks for people-centric systems. Familiar with transitioning from legacy on-premise PeopleSoft environments to modern HCM cloud platforms, ensuring robust application management and infrastructure support for business continuity.","22 years in human capital management application management services, including roles managing large-scale PeopleSoft outsourcing clients. Shifted focus in 2012 to leading teams servicing HCM cloud clients and building related practice capabilities. Delivered transition strategies for clients moving from traditional outsourcing to modern cloud service delivery models. Built support frameworks to secure business continuity for enterprise human capital systems.",PROVIDER,Cross-industry,,industry_v1,2026-10-01T22:06:31,17.06,Descriptive,Implied,none,none
bcg.com__about_people_experts_annika-zawadzki.md,qwen3.6:35b,Practical Climate Resilience & Infrastructure Advisory,"I help SMEs and infrastructure operators build real resilience against physical climate risks. With over two decades in business transformation and sustainability, I offer practical strategies for adaptation, from supply chain planning to nature-based infrastructure. I focus on clear, actionable compliance frameworks that protect your assets. Let’s secure your future against climate impacts together, ensuring your operations remain robust and compliant in an evolving landscape.",Climate Resilience and Infrastructure Advisory,"Practical advisory for SMEs, contractors, and infrastructure operators looking to manage physical climate risks and adapt operations. Services include climate risk assessment, adaptation strategy design, and resilience planning for supply chains and assets. Particular experience with nature-based infrastructure solutions and regulatory compliance frameworks.","I spent 20 years in business transformation and sustainability, including eight years as a Senior Project Leader at a national consultancy. I led strategy and implementation projects for public sector organisations. I advised clients on climate risk adaptation and resilience in the transport and defense sectors.",PROVIDER,Public Sector,,industry_v1,2026-10-01T22:06:38,10.36,Value Prop,Direct First-Person,none,none
deloitte.com__us_en_about_people_profiles-deoconnell-3c5a56f5-html.md,qwen3.8:27b,Former Principal specialising in commercial transformation for consumer and hospitality sectors,"Former Principal in a global strategy consultancy, I specialised in commercial transformation for leading brands. I worked directly with executive teams across restaurants, travel, hospitality, automotive, and consumer products to drive growth. My focus was aligning strategy, loyalty, revenue growth management, and digital experience to convert bold ambition into measurable impact. I partnered with leadership to execute commercial strategies that delivered tangible business results for mid-sized and large enterprises.",Consumer Commercial Transformation Advisory,"Practical advisory for restaurants, hospitality groups, travel operators, and consumer brands looking to align strategy with execution. Services include revenue growth management, loyalty programme design, digital experience optimisation, and commercial strategy alignment. Familiar with leveraging next-generation insights and technology to drive measurable growth. Ideal for SMEs and mid-sized businesses seeking to unlock value from existing customer bases and operational models.","Principal in consumer practice at a global strategy consultancy. Aligned strategy and technology for executive teams in restaurants, travel, hospitality, automotive, and consumer products to drive growth. Converted bold ambition into measurable impact by integrating insights, design, and technology across various client sectors.",PROVIDER,Retail & Consumer,,industry_v1,2026-10-01T22:06:36,15.84,Descriptive,Implied,none,none
deloitte.com__us_en_about_people_profiles-lisa-walker-d25ce3e7-html.md,qwen3.6:35b,Supply Chain Strategy and Operations Specialist,"I bring over two decades of experience supporting manufacturing, consumer, and retail clients across Southeast Asia. Having held senior leadership roles, including vice chair of a regional automotive practice, I specialize in driving financial and operational improvements. My expertise spans supply management, procurement transformation, global sourcing strategy, and inventory optimization. I focus on delivering efficient supply chain programs that enhance performance for organizations in dynamic markets.",Supply Chain Strategy and Procurement Transformation,"Practical advisory for Singapore-based manufacturers, food and beverage operators, and retail SMEs looking to optimize their supply networks. Services include procurement transformation, global sourcing strategy design, inventory management optimization, and operational efficiency program implementation. Particular experience with digital supply chain strategy execution for mid-market organizations in the consumer and retail sectors.","20 years in supply chain strategy and operations, including vice chair of a regional automotive practice. Led digital supply chain strategy offerings. Secured operational performance improvements for manufacturing clients. Specializes in procurement transformation and inventory optimization for consumer and retail sectors.",PROVIDER,Manufacturing,,industry_v1,2026-10-01T22:06:48,9.94,Descriptive,Implied,none,none
deloitte.com__us_en_about_people_profiles-sally-ann-flood-e4f846d3-html.md,qwen3-vl:32b,Partner and US real estate sector leader,"I have over 20 years in real estate and audit services, holding leadership roles in global real estate audit and regional audit operations. I advised major clients on mergers and acquisitions, business combinations, registrations, and complex valuations. My experience includes working with large clients with US and international operations. No certifications or registrations were mentioned in the source.",Real Estate M&A and Valuation Advisory,"Practical advisory for real estate businesses and investors in Singapore and across Southeast Asia looking to navigate mergers and acquisitions, business combinations, and complex valuations. Services include due diligence support, transaction structuring, valuation analysis, and regulatory compliance for real estate deals. Familiar with US GAAP and global real estate market practices. Scope: advisory for individual transactions or portfolios.","I spent 20 years in real estate and audit services, including leadership roles in global real estate audit and regional audit operations. I served as Bay Area Office Audit Leader, responsible for audit services and professionals in the region. I led the global real estate audit practice and delivered industry insights through the firm’s global outlook series. I advised major clients on mergers and acquisitions, business combinations, registrations, and complex valuations.",PROVIDER,Construction & Real Estate,,industry_v1,2026-10-01T22:06:48,16.18,Descriptive,Direct First-Person,none,none
bcg.com__about_people_experts_alberto-guerrini.md,qwen3-vl:32b,Strategic Growth for Travel & Leisure Operators,"I bring over 20 years of experience advising travel and leisure operators—airlines, railways, cruise lines, and tour operators—on pricing, revenue management, digital transformation, and strategic planning. I’ve led more than 20 global pricing and revenue management transformations, helping clients optimise revenue and enhance customer experience. My background includes an MBA from SDA Bocconi and a Laurea in engineering, supporting data-driven, client-focused advisory.",Pricing and Revenue Management Advisory for Travel and Leisure Operators,"Practical advisory for travel and leisure operators, including airlines, railways, cruise lines, and tour operators, looking to optimise pricing, revenue, and digital retailing. Services include strategic planning for pricing and revenue management, digital transformation advisory, and implementation of customer-centric retailing models. Familiar with modern airline retailing, AI-driven workflows, and net zero programs. Has led over 20 transformations in pricing and revenue management globally.","20 years in strategic advisory for travel and leisure operators, including airlines, railways, cruise lines, and tour operators. Served as managing director and senior partner at a global strategy consultancy, leading the firm's AI, data science, and analytics unit. Led over 20 pricing and revenue management transformations for travel operators globally. Advised on strategic planning, M&A, post-merger integration, digital transformation, and operations optimisation. Holds an MBA from SDA Bocconi and a Laurea in engineering.",PROVIDER,OTHER,,industry_v1,2026-10-01T22:06:47,17.83,Value Prop,Implied,none,none
bcg.com__about_people_experts_andreas-klar.md,qwen3.8:27b,Former Global Managing Director & Health Insurance Strategy Leader,"I bring 20 years of expertise in health care and insurance strategy, with a background as a Managing Director at a global consultancy. My work focused on leading payer and provider transformations across Europe and the Middle East. I specialise in large-scale business transformation, digital health services, and value-based care models. Holding a PhD in health economics and an MBA, I combine deep operational insights from managing outpatient clinics with data-driven approaches to optimise cost and quality in both statutory and private insurance systems.",Health Insurance Strategy and Digital Transformation,"Advisory for health insurers, providers, and payers seeking to modernise operations. Services include value-based care implementation, digital health strategy, cost optimisation through data analytics, and growth planning. Familiar with regional health care systems and insurance market dynamics. Suitable for mid-to-large insurers looking to integrate digital solutions or restructure care delivery models.","20 years in health care consulting, including 20 years as a partner at a global management consultancy. Led payer and provider transformations across Europe and the Middle East, focusing on digital services and value-based care. Managed outpatient clinics in Central Eastern Europe",PROVIDER,Healthcare,Financial Services,industry_v1,2026-10-01T22:06:50,17.55,Authority,Implied,omitted_trailing_period,none
bcg.com__about_people_experts_geraldine-rhodes.md,qwen3-vl:32b,Managing Director & Partner in Consumer Products Operations and Transformation,"Over 20 years of experience in operations transformation and business strategy for consumer products and fast-moving consumer goods, with expertise in cost advantage, supply chain management, and organisational change. Has led large-scale transformation initiatives across North America, Europe, China, Southeast Asia, and Latin America. Holds an MBA from Harvard Business School and a BA from Harvard College.",Consumer Products Operations Transformation and Cost Advantage Advisory,"Practical advisory for consumer goods manufacturers and FMCG businesses looking to streamline operations and reduce costs. Services include designing AI-driven cost reduction programs, restructuring supply chains for efficiency, and implementing cross-functional transformation initiatives. Familiar with digital tools for trade compliance and tariff response. Not focused on product development or marketing strategy.","20 years in consumer products operations and business transformation, including managing director and partner roles at a global strategy consultancy. Has led large-scale transformation programs for consumer packaged goods clients across North America, Europe, China, Southeast Asia, and Latin America. Advised on supply chain resilience and cost discipline amid changing trade policies. Holds an MBA from Harvard Business School.",PROVIDER,Food & Beverage,,industry_v1,2026-10-01T22:06:52,17.8,Descriptive,Implied,none,stated
bcg.com__about_people_experts_renee-laverdiere.md,qwen3-vl:32b,Managing Director & Partner in education and public sector strategy,"I have 13 years of experience in education and public sector strategy, including as Managing Director & Partner at a global strategy consultancy. I specialise in return on investment analysis for student success interventions, digital learning, and educational technology reforms. I have advised major philanthropy on scaling digital courseware adoption and improving student outcomes. I hold a PhD and MA in Mathematics from Rice University and a BA from College of the Holy Cross.",Education Technology and Student Success Strategy Advisory,"Practical advisory for educational institutions and philanthropic organisations seeking to improve student outcomes and investment returns through digital learning and technology-enabled advising. Services include ROI analysis for educational technology, market assessments for digital courseware adoption, and strategy development for student success interventions. Familiar with generative AI applications in education and workforce development. Particular experience with digital learning platforms and advising reforms in higher education.","13 years in education and public sector strategy, including as Managing Director & Partner at a global strategy consultancy. Advised the Gates Foundation on return on investment for student success interventions, including digital learning and advising reforms. Conducted market analysis for digital courseware adoption and provided recommendations to a large philanthropy to accelerate adoption and improve ROI. Authored publications on generative AI in education and workforce talent models.",PROVIDER,Education,,industry_v1,2026-10-01T22:07:04,15.25,Descriptive,Implied,none,none
hka.com__people_rahul-ratakonda.md,qwen3.8:27b,Forensic Structural Engineer specialising in structural failure analysis and expert testimony for litigation.,"I am a professional engineer with over 15 years of experience specialising in forensic structural analysis. Retained as a technical expert on more than 50 occasions, I provide sworn testimony in court and depositions. My work focuses on construction defects, design errors, worker injuries, and structural failures. I previously served on a building code committee for wind load and construction safeguard chapters. I hold a Master of Science in Civil Engineering and a B.Tech in Civil Engineering, underpinning my technical opinions for litigation and insurance claims.",Forensic Structural Expert Witness Services,"Specialist forensic structural engineering support for building owners, contractors, insurers, and legal teams involved in disputes over construction or design defects. Services include independent structural assessments, damage evaluation after fire or natural disasters, repair scope recommendations, and expert testimony. Provides detailed technical opinions on code compliance and structural performance for litigation or insurance claims.","15 years in structural engineering with a focus on forensic investigations and damage evaluation. Retained as a forensic technical expert on more than 50 occasions, providing sworn testimony in state court and depositions. Previously served on a building code committee for wind loads and construction safeguards. Holds a Master of Science in Civil Engineering.",PROVIDER,Engineering Services,,industry_v1,2026-10-01T22:07:10,10.03,Descriptive,Implied,none,none
bcg.com__about_people_experts_ulrik-sanders.md,qwen3-vl:32b,Global Shipping and Digital Transformation Specialist,"I have over 20 years of experience in transportation and logistics, with a focus on shipping and digital transformation. I held leadership roles in a global strategy consultancy, including leading the global shipping team and founding the Center for Digital in Transportation. I specialise in digital innovation, operational efficiency, and sustainability in maritime logistics. I hold an MSc in business law and economics.",Digital Transformation and Operational Efficiency Advisory for Shipping and Logistics,"Practical advisory for shipping companies, logistics providers, and port operators looking to modernise operations and improve efficiency. Services include digital workflow redesign, data integration for supply chain visibility, and strategy for decarbonisation and cost optimisation. Familiar with global shipping regulations and digital transformation frameworks. Particular experience with container logistics, energy efficiency, and digital platforms for vessel and cargo tracking.","I spent 20 years in shipping and transportation logistics, including leadership roles in a global strategy consultancy. I founded the Center for Digital in Transportation and led the firm’s global shipping team. I pioneered digital initiatives such as the xChange container exchange platform. I advised on digital transformation, operational efficiency, and decarbonisation strategies for shipping clients. I hold an MSc in business law and economics.",PROVIDER,Logistics & Distribution,Marine & Offshore,industry_v1,2026-10-01T22:07:07,18.79,Descriptive,Direct First-Person,none,none
brookesbell.com__about-us_the-team_brendan-cuffe.md,qwen3-vl:32b,Former Technical Director & Marine Engineering Authority,"With over 40 years in marine engineering and maritime consultancy, I spent 10 years at sea on product carriers, container ships, and ferries before transitioning into surveying and technical advisory. I led technical operations for a global maritime advisory firm, specialising in marine damage investigations, bunker disputes, and machinery failure analysis. Registered as an Incorporated Engineer and member of the Institute of Marine Engineering, Science and Technology and The Academy of Experts, I provide expert technical insight for shipping companies, insurers, and legal teams.",Marine Technical Advisory and Damage Investigation,"Practical advisory for shipping companies, marine insurers, and maritime legal teams on technical disputes and damage claims. Services include investigation of marine machinery failures, bunker quality disputes, collision damage analysis, and expert witness preparation for arbitration and litigation. Familiar with ISO:8217 fuel standards and marine engineering practices. Not focused on shipbuilding design or naval architecture.","40 years in marine engineering and maritime consultancy, including 10 years at sea as an engineer on product carriers, container ships, and ferries. Served as a marine surveyor for two London-based consultancies before joining a global maritime advisory firm in 2008, where they led technical operations and expanded the bunkering department. Handled bunker dispute cases exclusively since 2018, conducting vessel inspections and collaborating with chemists on fuel contamination and ISO:8217 non-conformance. Registered as an Incorporated Engineer and member of the Institute of Marine Engineering, Science and Technology and The Academy of Experts.",PROVIDER,Marine & Offshore,,industry_v1,2026-10-01T22:07:08,21.16,Authority,Implied,none,stated
deloitte.com__us_en_about_people_profiles-charmaine-wilson-4681e612-html.md,qwen3.6:35b,Controls Innovation and SOX Readiness Expert,"I offer specialist advisory for tech and media SMEs seeking robust controls and SOX readiness. With 15 years in the sector, I combine deep expertise in audit risk, fraud assessment, and emerging technologies like AI/ML. My approach integrates assurance by design from the outset, ensuring practical compliance that aligns with MAS guidelines. I help organisations build scalable frameworks that satisfy regulators while supporting operational agility.",SOX and Controls Compliance Advisory,"Practical advisory for tech and media SMEs looking to build robust controls. Services include SOX readiness programs, IA risk assessments, fraud risk assessments, and RPA implementation. Particular experience with AI/ML risk and assurance by design. Familiar with MAS guidelines.",I spent 15 years in controls innovation and compliance for tech and media clients. I led global SOX programmes and performed comprehensive fraud risk assessments. I assisted first and second lines of defense with compliance and assurance by design strategies. I evaluated AI/ML risks to ensure robust regulatory adherence.,PROVIDER,Technology & Software,,industry_v1,2026-10-01T22:07:39,12.22,Descriptive,Direct First-Person,none,none
pwc.com__gx_en_industries_financial-services_ghost_managing-africas-money-html.md,qwen3.8:27b,Former banking executive specialising in digital transformation and strategic finance for large financial institutions,"I am a retired banking executive with over two decades of experience in finance, structured finance, and digital transformation. I previously served as CEO of a major pan-African banking group and held the role of joint CEO before that. I also ran structured finance at a boutique finance firm. I hold a Master’s degree in Public International Law. My focus is on driving digital adoption, enhancing cybersecurity, and navigating complex regulatory landscapes to sustain earnings growth and improve return on equity for large financial institutions.",Banking Digital Transformation & Strategic Advisory,"Strategic advisory for financial institutions and large enterprises seeking to modernise operations and secure revenue streams. Services include designing digital transformation roadmaps, enhancing cybersecurity and anti-money laundering compliance frameworks, and forging strategic partnerships with fintechs and technology providers. Particular experience with large-scale banking operations, mobile banking solutions, and managing stakeholder relationships in volatile economic environments.","15+ years as a banking executive, including CEO and Joint CEO of a large pan-African bank. Drove digital transformation, achieving 1.6 billion digital transactions and a 5% earnings growth during economic contraction. Improved return on equity to 16.8% and led the response to major cybersecurity incidents.",PROVIDER,Financial Services,,industry_v1,2026-10-01T22:07:40,15.02,Descriptive,Implied,none,none
deloitte.com__us_en_about_people_profiles-mehdi-houdaigui-849e924a-html.md,qwen3.8:27b,Cybersecurity specialist in AI-driven threat management and strategic risk advisory,"I specialise in AI-driven threat management and strategic risk advisory for Singapore-based organisations. My focus is guiding businesses through complex cyber threats while safeguarding core operations. I act as a trusted advisor to C-suite stakeholders, focusing on proactive measures to protect stakeholder trust. My expertise lies in navigating the intricate cybersecurity landscape to ensure long-term business resilience. I help clients understand their risk posture and implement effective security strategies. I prioritise clarity and actionable insights in every engagement. My approach combines technical depth with strategic oversight. I aim to empower leaders with the knowledge needed to make informed security decisions. This ensures your organisation remains secure and adaptable.",Cybersecurity and AI Risk Advisory,"Practical advisory for SMEs and mid-sized businesses seeking to strengthen their digital defences. Services include assessing cybersecurity risks, developing proactive threat mitigation strategies, and aligning security posture with business objectives. Familiar with AI-driven security tools and complex risk scenarios. Does not include implementation of hardware infrastructure or legal compliance audits.",Cyber AI leader with a career focused on guiding organisations through complex risk scenarios. Advised C-suite stakeholders on safeguarding businesses against evolving threats. Delivered proactive measures to address intricate cybersecurity challenges.,PROVIDER,Cross-industry,,industry_v1,2026-10-01T22:07:41,13.78,Descriptive,Implied,none,stated
bcg.com__about_people_experts_aico-troeman.md,qwen3.8:27b,Former Managing Director & Energy M&A Strategy Specialist,"I bring over 14 years of expertise in mergers and acquisitions, digital transformation, and industry value chain evolution. As a former core member of a Big Four energy practice, I advised clients across Southeast Asia on mid-to-long-term strategy and organisational future-proofing. Previously, I served as a global programme manager for a multinational technology company, focusing on R&D, manufacturing productivity, and post-merger integration. With a PhD in applied physics and nanotechnology, I combine deep technical insight with strategic execution to drive measurable business outcomes for industrial organisations.",Energy and Industrial M&A Strategy Advisory,"Practical advisory for energy companies and industrial manufacturers navigating sector disruption or inorganic growth. Services include mid-to-long-term strategic planning, value chain re-engineering, and post-merger integration support. Familiar with digital transformation and operational efficiency in manufacturing and R&D contexts, helping organisations future-proof their structures and capabilities.","14 years in strategy consulting, including role as managing director in a Big Four firm's energy practice. Previously a global program manager at a multinational technology company, driving R&D and manufacturing productivity improvements. Led recruiting activities for a national office and advised multiple clients on industrial transition strategies.",PROVIDER,Energy & Resources,Manufacturing,industry_v1,2026-10-01T22:07:40,17.4,Authority,Implied,none,none
bcg.com__about_people_experts_amit-mittal.md,qwen3.6:35b,Former Strategy Partner & Industry Leader in Emerging Markets GTM,"I partner with ambitious firms navigating the complexities of emerging markets. With deep roots in industrial goods, financial services, and IT/ITeS, I specialise in crafting go-to-market strategies that drive tangible growth. My approach combines rigorous operational improvement with digital transformation, ensuring your expansion is both scalable and resilient. I leverage proprietary tools to reshape distributed sales channels, helping you accelerate performance and outpace competitors in dynamic economies.",Go-to-Market Strategy for Emerging Markets,"Strategic advisory for small and mid-sized manufacturers, distributors, and tech firms expanding into emerging economies. Services include designing go-to-market strategies, simplifying distribution channels, accelerating sales performance, and integrating AI into distributed sales networks. Particular experience with digital transformation and operations improvement for industrial goods and consumer products sectors.","I spent 15 years in industrial goods and global strategy, including serving as a Partner at a global professional services firm. I helped clients in auto, capital goods, and construction sectors reshape go-to-market approaches for emerging markets. I hold an MBA from IIM Ahmedabad and a BTech from IIT Delhi.",PROVIDER,OTHER,,industry_v1,2026-10-01T22:07:56,8.79,Authority,Direct First-Person,none,none
deloitte.com__us_en_about_people_profiles-elizabeth-ellerhorst-ac25c67a-html.md,qwen3-vl:32b,Former Senior Manager in Sports Strategy Consulting & Industry Leader,"Over 10 years of strategy consulting experience, specialising in sports and marketing strategy. Advised leagues, Olympic properties, and National Governing Bodies on business challenges. Focused on translating fan insights into deeper engagement and sustainable revenue growth. No certifications or registrations mentioned in the source.",Sports Strategy and Fan Engagement Advisory,"Practical advisory for sports organisations, leagues, and national sports teams looking to grow engagement and revenue. Services include fan insight analysis, marketing strategy development, and revenue growth planning. Particular experience with Olympic properties and national governing bodies. Not focused on event operations or ticketing systems.","10 years in sports strategy consulting, including senior manager at a global strategy consultancy. Advised leagues, Olympic properties, and National Governing Bodies on business challenges. Delivered strategies that translated fan insights into deeper engagement and sustainable revenue growth. No certifications or registrations mentioned in the source.",PROVIDER,Retail & Consumer,,industry_v1,2026-10-01T22:07:51,15.06,Authority,Implied,none,stated
bcg.com__about_people_experts_badr-choufari.md,qwen3.8:27b,Strategy and International Development Consultant for Travel and Public Sector,"I specialise in travel, tourism, and economic development strategy. Working from a Southeast Asian office, I have managed engagements across more than ten countries. My focus includes strategy, marketing, and organisational development for public and social sector clients. I am fluent in English, French, and Arabic. I hold a dual Master's in corporate and public management from a leading European business school. I help tourism operators and heritage sites build market reach and optimise distribution channels in the region.","Travel, Tourism and Economic Development Strategy Advisory","Practical advisory for tourism operators, heritage sites, and SMEs in the travel sector looking to expand market reach. Services include destination marketing strategy, sales and distribution channel optimization, organizational structure design for tourism entities, and investment attraction planning. Particular experience with public-private partnerships in the GCC and African regions, and supporting heritage culture initiatives.",I spent 14 years in strategy consulting and international development. I Led a heritage and culture tourism destination development for a governmental agency in the GCC. I Delivered a sales and marketing boost program for an airline operator. I hold a dual Master's in corporate and public management.,PROVIDER,Public Sector,Social Services & Non-profit,industry_v1,2026-10-01T22:07:55,13.95,Descriptive,Direct First-Person,missing_preposition,none
bcg.com__about_people_experts_andrea-nogara.md,qwen3-vl:32b,Operational Excellence for Industrial and Construction Firms,"I bring over 15 years of experience in industrial goods and construction advisory, having worked as a senior consultant at a global strategy consultancy and previously at another consulting firm. I specialise in operational performance improvement, lean production, and strategic acquisitions. My background includes implementing lean methodologies for manufacturers and advising on national and international acquisitions. I hold an MA in Economics and an MBA from Insead Business School.",Operational Performance Improvement and Strategic Acquisitions Advisory,"Practical advisory for mid-sized industrial goods manufacturers and construction firms looking to improve operational efficiency and manage acquisitions. Services include implementing lean production techniques, optimising operational processes, and advising on national and international acquisitions. Familiar with digital and lean methodologies in construction. Scope: advisory support for single clients or projects.","15 years in industrial goods and construction advisory, including senior roles at a global strategy consultancy. Led implementation of lean production techniques in multiple projects for commodity producers and manufacturers. Advised a leading construction company on national and international acquisitions and improved its operational performance. Holds an MBA from Insead Business School.",PROVIDER,Construction & Real Estate,Manufacturing,industry_v1,2026-10-01T22:07:57,13.76,Value Prop,Implied,none,none
bcg.com__about_people_experts_andres-garro.md,qwen3.6:35b,Operations Consultant Specialising in Digital Supply Chain Transformation,"I deliver data-driven supply chain strategies that enhance operational resilience and efficiency. Combining lean manufacturing principles with advanced analytics, I help mid-market enterprises modernise their operations. My background spans engineering at major manufacturers and leadership in global strategy consulting. I focus on practical implementation of S&OP processes and digital capabilities to reduce costs and improve responsiveness across complex supply networks.",Digital Supply Chain Transformation for Mid-Market Businesses,"Advisory for Singapore-based food manufacturers, retailers, and healthcare clinics looking to modernise operations. Services include implementing sales and operation planning (S&OP) processes, integrating advanced analytics into daily workflows, and applying lean principles to reduce waste. Practical support for building resilient digital capabilities that improve responsiveness and control costs across the supply chain.","22 years in operations and supply chain management, including a managing director role at a global strategy consultancy. Previously served as an engineer at Motorola and General Motors, and held leadership positions at Nike. Delivered digital supply chain capabilities for global biopharma and consumer companies, leveraging advanced analytics to improve operational resilience.",PROVIDER,Healthcare,,industry_v1,2026-10-01T22:08:03,9.02,Descriptive,Implied,none,none
bcg.com__about_people_experts_alex-xie.md,qwen3.8:27b,"Strategy specialist for automotive mergers, acquisitions, and corporate transformation","I advise automotive manufacturers and suppliers on corporate strategy, mergers and acquisitions, and joint ventures. My work focuses on organisational transformation for digital businesses, with specific expertise in EVs, autonomous driving, and software-defined vehicles. I have guided companies across Germany and China through complex portfolio and growth strategies. My background includes leadership roles in strategy and legal advisory, ensuring practical, outcome-focused guidance. I hold a CFA charter and an MBA, underpinning rigorous financial analysis.",Automotive Corporate Strategy and M&A Advisory,"Practical advisory for automotive manufacturers, suppliers, and tech companies seeking to grow through partnerships or internal transformation. Services include designing corporate and portfolio strategy, executing mergers and acquisitions and joint ventures, and implementing organisational changes for digital businesses. Particular experience with EVs, autonomous driving, and software-defined vehicles. Familiar with market dynamics in China and Germany.","Managing Director at a global strategy consultancy, specialising in automotive. Advised major Chinese commercial and passenger vehicle OEMs on corporate and 2025 strategy. Launched a digital business unit for a top global OEM in China. Holds CFA certification.",PROVIDER,Manufacturing,,industry_v1,2026-10-01T22:07:57,15.38,Descriptive,Implied,none,none
bcg.com__about_people_experts_joel-king.md,qwen3.8:27b,Former Consulting Partner in Supply Chain & Operations for Distribution,"I am a former consulting partner specialising in operations and organisational change for consumer and industrial goods. My core expertise lies in supply chain dynamics for retail distribution, specifically food service and grocery sectors. I focus on large-scale change, operational excellence, and post-merger integration. Recent work addressed post-pandemic supply chain recovery, network design, and inventory optimisation. I hold an MBA from a top-tier business school and a background in naval architecture. I bring deep experience in vendor management, warehousing, labour management, and last-mile delivery strategies.",Supply Chain and Distribution Operations Advisory,"Advisory for food service distributors, grocery retailers, and logistics providers seeking to optimise supply chain performance. Services include network design, inventory and service level optimisation, warehousing and labour management, and last-mile delivery strategy. Supports post-merger integration and operational recovery initiatives. Familiar with operational excellence frameworks and supply chain dynamics in the consumer goods sector. Does not include legal contract negotiation or financial accounting audits.","Extensive experience in operations and supply chain management for distribution businesses. Served as a partner in the consumer and industrial goods practice, leading engagements in network design and post-merger integration. Previously served as a naval officer, deploying globally. Holds an MBA and a degree in naval architecture.",PROVIDER,Food & Beverage,Logistics & Distribution,industry_v1,2026-10-01T22:08:05,14.17,Authority,Implied,none,stated
secretariat-intl.com__people_gregory-gorbett.md,qwen3.6:35b,Lead Forensic Fire Engineering Specialist & Industry Authority,"I am a fire and explosion specialist with over two decades of experience, holding a PhD in Fire Protection Engineering and multiple professional certifications including CFEI and CFPS. I have served as a Managing Director at a global forensic consulting firm, providing expert testimony in civil and criminal trials. Expertise spans fire and explosion investigations, computer fire modeling, and failure analysis, with leadership roles in national standards committees. I deliver precise, scientifically rigorous analysis for complex disputes.",Fire and Explosion Investigation Advisory,"Practical forensic advisory for property owners, insurers, and legal teams in Singapore seeking clarity on fire or explosion causes. Services include independent incident investigations, review of fire protection systems, and preparation of expert reports for disputes. Familiar with international fire safety standards. Not focused on active fire suppression installation or routine building compliance audits.","24 years in forensic fire engineering and investigation, including managing director at a global expert consulting firm. Provided expert testimony in numerous civil and criminal trials across state and federal jurisdictions. Certified Fire and Explosion Investigator (CFEI) and certified Fire Protection Specialist (CFPS). Secured independent investigations for complex property disputes, delivering definitive cause reports for the the court proceedings.",PROVIDER,Engineering Services,,industry_v1,2026-10-01T22:08:19,8.31,Authority,Implied,double_connecting_word,stated
bcg.com__about_people_experts_vaduganathan-nithya.md,qwen3-vl:32b,Global People & Organization Strategy Leader,"Over 20 years of experience in organizational strategy, talent management, and change management, including leadership roles at a global strategy consultancy. Specialised in health care, education, and public sector transformations. Advised higher education institutions, biopharma, medtech, and provider clients on organizational redesign, talent strategy, and digital transformation. Co-authored research on on-demand workforces and skills-based hiring, published in Harvard Business Review. Holds an MBA from Harvard Business School and an MS in Management Science and Engineering from Stanford University.",Organizational Transformation and Talent Strategy Advisory,"Practical advisory for health care providers, education institutions, and public sector organizations seeking to redesign their talent models, improve workforce engagement, and adapt to digital transformation. Services include organizational redesign, talent acquisition and retention strategies, change management planning, and skills-based hiring implementation. Familiar with AI integration in HR, digital learning platforms, and public sector reform. Not focused on direct recruitment or job placement services.","20 years in organizational strategy and talent management, including senior leadership at a global strategy consultancy. Advised higher education institutions on growth strategy and operating model redesign, including work with districts in New Orleans, Dallas, and Atlanta. Led talent and skills initiatives for the firm’s health care practice, supporting biopharma and medtech clients on AI integration and digital talent recruitment. Co-authored research on on-demand workforces and skills-based hiring, published in Harvard Business Review.",PROVIDER,Education,Healthcare,industry_v1,2026-10-01T22:08:11,18.59,Descriptive,Implied,none,stated
grantthornton.com__people_new-jersey_edison_morrone-dennis.md,qwen3-vl:32b,Audit Partner and National Managing Partner for Not-for-Profit & Higher Education,"Over 24 years of experience in audit, tax, and advisory services for not-for-profit and higher education organisations. Held leadership roles at a Big Four professional services firm and previously at Arthur Andersen LLP, specialising in not-for-profit accounting, compliance, and governance. Certified CPA in multiple US states and CGMA. Developed and taught courses on not-for-profit accounting and compliance, and served on the FASB's Not-for-Profit Advisory Committee.","Not-for-Profit Audit, Compliance and Advisory Services","Practical advisory for not-for-profit organisations, educational institutions, and charities in Singapore looking to strengthen financial reporting, governance, and compliance. Services include audit and assurance, employee benefit plan audits, accounting advisory, operations and performance improvement, and transaction advisory. Familiar with US GAAP and FASB standards; experienced in endowment management, internal controls, and regulatory compliance. Focuses on helping organisations meet reporting requirements and improve financial health.","24 years in audit and advisory for not-for-profit and higher education organisations, including as National Managing Partner for the industry practice at a Big Four professional services firm. Previously held leadership roles in the not-for-profit practice at Arthur Andersen LLP. Completed a 3-year term on the Financial Accounting Standards Board's Not-for-Profit Advisory Committee. Developed and taught courses on not-for-profit accounting and compliance, and authored publications on governance, risk management, and financial reporting. CPA and CGMA certified.",PROVIDER,Social Services & Non-profit,Education,industry_v1,2026-10-01T22:08:12,18.98,Descriptive,Implied,none,none
brookesbell.com__about-us_the-team_chris-fisher.md,qwen3.8:27b,Marine Engineer and Bunker Claims Specialist,"I am a qualified marine engineer with over four decades of experience in liquid cargo operations and bunker fuel disputes. My career spans roles as Chief Engineer and Fleet Superintendent for major oil companies, followed by marine surveying and consultancy. I established a specialist firm handling bunker claims and expert witness work. Elected Fellow of the Institute of Marine Engineering, Science and Technology, I also served as Chairman of the International Bunker Industry Association. I specialise in the technical and legal aspects of marine fuels, providing independent analysis for commercial disputes.",Marine Bunker Dispute Advisory and Expert Witness Services,"Advisory for ship owners, charterers, and fuel suppliers facing bunker quality or quantity disputes. Services include technical investigation of fuel samples, preparation of expert evidence for arbitration, and assessment of liquid cargo loss. Familiar with international bunker industry standards and marine fuel technical specifications. Suitable for businesses requiring independent technical analysis in commercial disputes.","Over 40 years in marine engineering and bunker disputes. Served as Chief Engineer and Fleet Superintendent for a major oil tanker fleet. Founded a marine consultancy firm in 2003, handling bunker claims for law firms and shipowners. Elected Fellow of the Institute of Marine Engineering, Science and Technology.",PROVIDER,Marine & Offshore,Energy & Resources,industry_v1,2026-10-01T22:08:18,15.45,Descriptive,Implied,none,none
alvarezandmarsal.com__our-people_kent-edgerton.md,qwen3-vl:32b,Supply Chain and Operational Improvement Specialist,"Over 25 years of experience in supply chain management and operational improvement, including roles as Managing Director at a global strategy consultancy and General Manager at a logistics provider. Specialises in strategic planning systems, supply-demand alignment, and operational efficiency for manufacturing, transportation, and medical device clients. Expertise includes SIOP, inventory segmentation, SKU rationalization, demand planning, and freight management.",Supply Chain Optimization and Operational Improvement Advisory,"Practical advisory for manufacturing, logistics, and medical device businesses looking to streamline operations and reduce costs. Services include designing and implementing strategic planning systems, optimizing inventory and distribution networks, and improving supply-demand alignment. Familiar with SIOP, SKU rationalization, demand planning, and freight management. Experienced in global supply chain transformations and working capital improvements.","25+ years in supply chain management and operational improvement, including Managing Director at a global strategy consultancy and General Manager at a logistics provider. Led strategic planning systems for supply-demand alignment across complex supply chains, improving service levels and reducing fulfillment costs. Implemented key processes including SIOP, inventory segmentation, SKU rationalization, demand planning, and freight management. Managed supply chain carve-out for a $1.5B revenue medical device manufacturer and standardized carrier payment processes for an $800M transportation broker.",PROVIDER,Logistics & Distribution,,industry_v1,2026-10-01T22:08:13,22.49,Descriptive,Implied,none,none
pwc.com__ca_en_about-us_our-people_black-leaders-program-html.md,qwen3.6:35b,Actuarial Director and Industry Leader,"I bring 15 years of actuarial expertise to the insurance sector, specialising in commercial property and casualty pricing. As a Fellow of both the Casualty Actuarial Society and the Canadian Institute of Actuaries, I have successfully led multidisciplinary teams to quantify complex risks. My focus is on leveraging historical data to forecast future events, enabling organisations to manage their top risks effectively. I am dedicated to driving professional growth and delivering precise risk modelling engagements for professional services firms.",Actuarial Risk Quantification and Pricing Advisory,"Practical risk quantification and pricing advisory for Singapore-based insurers and reinsurers looking to strengthen their actuarial functions. Services include commercial property and casualty pricing models, risk forecasting based on historical data, and regulatory compliance support. Particular experience with actuarial standards and risk management frameworks.","15 years in the insurance industry, including risk modelling director at a global professional services firm. Delivered risk quantification strategies for major organisations by forecasting future events based on past data and industry benchmarks. Holds Fellow status with the Casualty Actuarial Society and the Canadian Institute of Actuaries.",PROVIDER,Financial Services,Professional Services,industry_v1,2026-10-01T22:08:47,9.89,Authority,Implied,none,none
deloitte.com__us_en_about_people_profiles-areilly-374b74b9-html.md,qwen3-vl:32b,"National Managing Partner, Merger & Acquisition Services","I have over 25 years of experience in professional services, with more than 20 years dedicated to merger and acquisition advisory. I have advised on transactions exceeding $250 billion in value, supporting corporate and private equity clients across the M&A lifecycle. I specialise in deal structuring, due diligence, financial reporting, and integration. I am a Certified Public Accountant (CPA).",M&A Advisory and Transaction Support,"Practical advisory for SMEs and mid-sized businesses undergoing acquisitions, divestitures, or growth capital raises. Services include due diligence support, transaction structuring, financial reporting for deal readiness, and post-merger integration planning. Familiar with IFRS, SFRS(I), and global M&A best practices. Not focused on legal drafting or court representation.","I spent 25 years in professional services, including over 20 years in merger and acquisition advisory. I served as National Managing Partner for a global professional services firm’s M&A practice, advising on transactions exceeding $250 billion in value. I previously led the firm’s private equity services in the US, supporting buyouts, growth acquisitions, and divestitures. I am a Certified Public Accountant (CPA).",PROVIDER,Professional Services,Financial Services,industry_v1,2026-10-01T22:08:46,16.08,Descriptive,Direct First-Person,none,stated
bcg.com__about_people_experts_alex-dewar.md,qwen3.6:35b,Climate & Energy Strategy Specialist & Industry Leader,"More than 15 years in decarbonization, energy markets, and climate strategy for energy, industrial, and financial sectors. Leads work on carbon capture, use and storage, engineered carbon removals, hydrogen, biofuels, and low-carbon technology evaluation. Provides climate target-setting, decarbonization roadmap development, and methane emissions abatement guidance. Previously served as a senior director at an energy think tank and advises on energy policy formulation for government advisory committees.",Decarbonization Roadmap and Climate Risk Advisory,"Practical advisory for mid-sized manufacturing, logistics, and energy companies looking to navigate the energy transition. Services include developing evidence-based decarbonization roadmaps, evaluating low-carbon technologies such as carbon capture and hydrogen, setting science-based climate targets, and assessing regulatory risks. Particular experience with methane abatement and natural gas value chain strategies. Not focused on hardware implementation, engineering design, or carbon credit trading.","15 years in climate strategy and energy markets. Led decarbonization initiatives at a global professional services firm, helping energy and industrial clients assess low-carbon technology risks and develop methane abatement strategies. Previously served as a senior director at an energy think tank, focusing on natural gas and carbon removal policy.",PROVIDER,Energy & Resources,,industry_v1,2026-10-01T22:08:52,10.74,Authority,Implied,none,stated
deloitte.com__us_en_about_people_profiles-china-widener-98060309-html.md,qwen3-vl:32b,"Technology, Media & Telecommunications Industry Leader specialising in Agentic AI and digital transformation advisory","I have over 25 years in technology, media and telecommunications advisory, including leadership roles at a global professional services firm. I specialise in Agentic AI, enterprise technology frameworks, and digital transformation. I co-authored articles on AI and technology strategy and frequently speak at industry events. I advise clients on AI adoption and innovation. I hold no stated professional certifications.",AI and Digital Transformation Advisory,"Practical advisory for technology-driven businesses and mid-sized enterprises looking to adopt Agentic AI and modern enterprise technology frameworks. Services include strategy development for AI integration, assessment of delivery models, talent gap analysis, and innovation roadmapping. Familiar with AI governance, enterprise technology frameworks, and digital transformation methodologies. Scope: advisory engagement for one client.","25 years in technology, media and telecommunications advisory, including role as vice chair at a global professional services firm. Advised clients on digital transformation and AI adoption, with a focus on Agentic AI. Co-authored articles on AI strategy and enterprise technology frameworks. Frequently speaks at industry events and has been featured in publications and podcasts.",PROVIDER,Technology & Software,,industry_v1,2026-10-01T22:08:47,16.88,Descriptive,Implied,none,none
bcg.com__about_people_experts_bailey-hand.md,qwen3.6:35b,Former Defense Official and Public Sector Leadership Advisor,"I bring over a decade of experience in public sector leadership, organizational reform, and strategic defense operations. With prior service as Special Assistant to the US Secretary of Defense and field experience in Afghanistan, I understand high-stakes environments. I hold an MSc in Foreign Service from Georgetown University and a BA from Yale University. I specialize in crisis management, digital transformation for government agencies, and addressing intergenerational disadvantage to drive tangible public service improvements.",Public Sector Organizational Reform and Crisis Management Advisory,"Practical advisory for Singapore government agencies and statutory boards seeking to improve organizational performance and crisis readiness. Services include designing digital recruitment strategies, implementing cross-agency reform agendas, and developing contingency plans for vulnerable populations. Particular experience with public sector digital reimagination and change management. Not focused on private sector commercial restructuring or litigation support.","10+ years in national defense and public sector leadership, including Special Assistant to the US Secretary of Defense. Advised government departments on capital program reviews, digital strategy development, and intergenerational disadvantage policy. Led cross-government reform agendas and crisis management planning for vulnerable populations during humanitarian responses.",PROVIDER,Public Sector,Marine & Offshore,industry_v1,2026-10-01T22:09:02,7.92,Descriptive,Implied,none,stated
deloitte.com__us_en_about_people_profiles-kat-harwood-754cd6c6-html.md,qwen3.8:27b,Former Head of Sports Strategy & Industry Leader,"I am a sports industry consultant with over 20 years of experience. I previously led the sports practice at a global strategy consultancy, specialising in digital transformation, M&A, and revenue growth for sports organisations. I advise on maximising value from digital enablement, enhancing fan experiences, and unlocking new revenue streams. I hold an MBA from a leading business school and a BA in business economics. My focus is on delivering tangible results in complex business environments, ensuring sustainable growth and operational excellence for sports entities.",Sports Business Transformation and Strategy Advisory,"Advisory for sports teams, leagues, and related businesses seeking to modernise operations and grow revenue. Services include digital transformation strategy, M&A due diligence and integration planning, fan experience optimisation, and new revenue stream development. Familiar with industry-standard digital tools and best practices for operational efficiency and commercial growth.","20 years in management consulting specialising in the sports industry. Previously led the sports practice at a global strategy consultancy, advising major clients on complex business situations, large-scale transformations, and acquisitions. Focused on digital enablement to enhance fan experiences and unlock revenue.",PROVIDER,Retail & Consumer,,industry_v1,2026-10-01T22:08:57,16.16,Authority,Implied,none,none
kpmg.com__us_en_our-team_g_guy-stephen-html.md,qwen3-vl:32b,Ex-Managing Director in Corporate Finance Advisory,"25 years in corporate finance advisory, including mergers, acquisitions, divestitures, private equity, financings, valuations, and strategic assessments. Worked with start-ups, family-owned, middle market, and Fortune 500 companies across sectors including tech, industrials, healthcare, and engineering. Extensive international experience across North America, Europe, Asia Pacific, and South America. Holds a B.S. in Finance and Economics and an MBA in Finance.",Transaction Advisory and Corporate Finance Strategy,"Practical advisory for SMEs, family businesses, and mid-sized enterprises in Singapore and across Southeast Asia seeking to grow, restructure, or exit. Services include mergers and acquisitions advisory, divestiture planning, private equity investment support, financing structuring, and strategic business assessments. Familiar with valuation methodologies and cross-border transaction frameworks. Works directly with business owners and leadership teams to guide transactions from strategy to execution.","25 years in corporate finance advisory, including managing director roles at a global professional services firm. Advised on mergers, acquisitions, divestitures, private equity investments, financings, and valuations for start-ups, family-owned, middle market, and Fortune 500 companies. Worked across sectors including tech services, industrials, healthcare, and engineering. Advised on cross-border transactions involving companies in North America, Europe, Asia Pacific, and South America.",PROVIDER,Cross-industry,,industry_v1,2026-10-01T22:08:55,18.6,Descriptive,Implied,none,none
bcg.com__about_people_experts_ben-horner.md,qwen3.6:35b,Healthcare Strategy and Operations Consultant,"I bring over two decades of experience in healthcare strategy and operations, with a focus on financial improvement and digital transformation for public and private providers. I specialise in clinical pathway redesign, cost optimisation, and operational reviews across complex health systems. As a registered medical professional, I combine clinical rigour with academic discipline to deliver practical advisory engagements. My approach ensures sustainable operational improvements and enhanced care coordination for healthcare organisations seeking efficiency and strategic clarity.",Healthcare Operational Improvement and Strategy Advisory,"Practical advisory for private clinics and mid-sized healthcare providers looking to streamline clinical pathways, reduce costs, and improve operational efficiency. Services include conducting operational reviews, redesigning patient delivery models, and implementing digital solutions to enhance care coordination and reduce waste. Particular experience with value-based care frameworks and NHS-style improvement methodologies. Not focused on clinical treatment, medical device manufacturing, or public health policy formulation.","23 years in healthcare strategy and operations, leading financial improvement and digital transformation programmes for public and private providers. Led four NHS hospital financial improvement programmes, redesigned clinical pathways, and conducted strategy reviews for private acute care hospitals. Compiled global toolkits and executed cost reduction projects for biopharma clients.",PROVIDER,Healthcare,,industry_v1,2026-10-01T22:09:13,5.7,Descriptive,Implied,none,stated
bcg.com__about_people_experts_daniel-feldkamp.md,qwen3.8:27b,Driving Operational Excellence and Revenue Growth for Industrial Goods,"I bring over 18 years of experience in business transformation, operational excellence, and go-to-market strategy, focusing on the building materials and mining sectors. As a former Managing Director at a global strategy consultancy, I led engagements in organisation design, digitisation, pricing, and revenue management. I hold an MBA and a Diploma in International Business Administration. I now partner with businesses to unlock value through practical, data-driven advisory, helping you streamline operations and optimise pricing for sustainable growth.",Business Transformation and Pricing Strategy Advisory,"Practical advisory for mid-sized building materials, construction, and mining businesses seeking to improve operations or revenue. Services include organisation design, operational excellence implementation, pricing strategy optimisation, and go-to-market planning for new markets. Familiar with digital transformation tools and data-driven pricing methods for industrial goods.","18 years in business transformation and operational excellence for industrial goods. Previously held Managing Director roles at a global strategy consultancy, focusing on building materials and mining clients. Developed ESG strategy action plans for a prefabricated home builder and implemented data-driven pricing frameworks for building materials producers.",PROVIDER,Construction & Real Estate,Energy & Resources,industry_v1,2026-10-01T22:09:08,15.04,Value Prop,Implied,none,none
bcg.com__about_people_experts_amita-parekh.md,qwen3.8:27b,Mergers & Acquisitions Due Diligence Specialist in Agribusiness,"I specialise in business transformation, corporate finance, and digital strategy for agribusiness and industrial goods sectors. I joined a Singapore-based global strategy consultancy in 2010, serving as a core member of the industrial goods practice supporting automotive and agrochemical clients. My background includes extensive work in advanced analytics, supply chain transformation, and cost optimisation programmes. Before this role, I worked at a major IT services firm. I hold an MBA and a Bachelor of Engineering in electronics, bringing a blend of technical and strategic expertise to operational due diligence and transformation advisory projects in Singapore.",Operational Due Diligence and Transformation Advisory,"For SMEs and mid-sized agribusinesses or industrial firms planning M&A or operational upgrades. Services include advanced analytics for operational improvement, supply chain transformation planning, cost reduction strategies, and digital transformation roadmap development. Familiar with industrial goods supply chains and agrochemical sector dynamics. Does not include legal contract drafting or financial auditing.","16 years in business transformation and strategy consulting, including a role at a Singapore-based global strategy consultancy. Joined the firm in 2010 as a core member of the industrial goods practice. Previously worked at a major IT services firm. Holds an MBA from a top-tier Indian business school.",PROVIDER,Manufacturing,,industry_v1,2026-10-01T22:09:10,17.94,Descriptive,Implied,none,stated
bcg.com__about_people_experts_mary-martin.md,qwen3-vl:32b,AI-Powered Growth for Consumer Brands,"Over 20 years in digital transformation for consumer and retail businesses, I’ve led AI-driven personalisation, built data platforms for pricing and demand, and scaled digital capabilities across brand ecosystems. Advised senior leaders on leveraging advanced analytics and generative AI to future-proof operations and customer experiences. Holds an MBA from Columbia Business School. Managed transition to new system for client digital strategy.",Digital Transformation & AI Strategy for Consumer Brands,"Practical advisory for consumer brands, restaurants, and small-format retail businesses looking to adopt AI and digital tools to grow revenue, personalise customer experiences, and improve operations. Services include designing AI-driven personalisation strategies, building data platforms for demand and pricing management, scaling digital capabilities across brand ecosystems, and optimising labour and inventory through analytics. Familiar with generative AI, predictive analytics, and digital transformation frameworks. Works with SMEs and mid-sized businesses across Southeast Asia and APAC.","20 years in digital transformation and technology strategy for consumer and retail businesses, including managing director at a global strategy consultancy’s tech and digital advantage practice. Led AI-driven personalisation strategies for restaurant and small-format retail clients, scaled digital capabilities across brand ecosystems, and built data platforms for pricing, demand, and labour optimisation. Advised senior leaders on leveraging advanced analytics and generative AI to future-proof operations and customer experiences. Holds an MBA from Columbia Business School.",PROVIDER,Food & Beverage,Retail & Consumer,industry_v1,2026-10-01T22:09:14,21.71,Value Prop,Implied,missing_preposition,none
secretariat-intl.com__people_justin-dominguez.md,qwen3.6:35b,Former Head of Geotechnical Engineering & Industry Leader,"As a Board-Certified Geotechnical Engineer with 19 years of experience, I investigate structures that have performed poorly to deliver innovative solutions for complex engineering challenges. I specialise in the exploration, design, and construction of shallow and deep foundations, excavation support, retaining walls, and dams. My expertise extends to seepage and groundwater flow modeling for dams, levees, and sub-slab systems. I previously managed a geotechnical laboratory focused on slope stability for mine tailings impoundments, ensuring robust engineering outcomes across diverse projects.",Geotechnical Investigation and Remedial Design,"Advisory for developers, contractors, and property owners dealing with structural distress or complex foundation requirements. Services include forensic investigation of poorly performing structures, design of remedial works such as underpinning and retaining wall repairs, and seepage analysis for dams and levees. Familiar with ASCE standards, ASTM testing protocols, and BC.GE certification. Not focused on new-build structural framing or architectural design.","I spent 19 years as a geotechnical engineer specializing in forensic investigation and remedial design. I managed a geotechnical laboratory developing bespoke testing programs for slope stability of mine tailings impoundments. I designed repairs for deficient structures and seepage cutoff walls, securing my Board-Certified Geotechnical Engineer (BC.GE) status through ASCE.",PROVIDER,Engineering Services,Energy & Resources,industry_v1,2026-10-01T22:09:28,10.08,Authority,Direct First-Person,none,stated
alvarezandmarsal.com__our-people_erin-covington.md,qwen3-vl:32b,Managing Director specialising in education sector advisory and performance improvement,"With over 20 years in education sector advisory, I have led financial and strategic planning, operations improvement, and performance audits for public and commercial clients. Previously served as Chief Financial Officer, resolving material weaknesses in grants management and improving working capital. My expertise includes resource allocation, equity enhancement, and performance improvement in education institutions.",Education Sector Advisory and Performance Improvement,"Practical advisory for schools, colleges, and public education bodies seeking to improve financial health and operational performance. Services include financial and strategic planning, performance audits, operations improvement, and resource allocation optimisation. Familiar with performance improvement frameworks and equity-focused initiatives in education. Has supported clients in implementing solutions that increase economic impact and reduce disparities in underrepresented communities.","20+ years in education sector advisory and performance improvement, including as Co-Leader of a public sector services practice and Education Leader. Led financial and strategic planning, operations improvement, and performance audits for public and commercial clients. Previously served as Chief Financial Officer for organisations, resolving material weaknesses in federal grants management and significantly improving working capital management. Advised clients including major school districts and higher education institutions across the United States.",PROVIDER,Education,Public Sector,industry_v1,2026-10-01T22:09:19,18.95,Descriptive,Implied,none,none
grantthornton.com__people_north-carolina_charlotte_norris-russell.md,qwen3.8:27b,"Tax professional specialising in transportation, distribution, and manufacturing sectors in Singapore","I bring 18 years of public accounting experience to clients in transportation, distribution, and manufacturing. My focus is on practical tax advisory for SMEs and mid-sized businesses in Singapore. I specialise in corporate tax filing, pass-through entity planning, and revenue recognition compliance. As a Certified Public Accountant with a Master’s degree in Accountancy, I apply deep technical knowledge to solve complex tax issues. I ensure your organisation remains compliant with local regulations and international standards while optimising tax outcomes.",Transportation & Distribution Tax Advisory,"Practical tax advisory for Singapore logistics, trucking, and distribution SMEs and mid-sized businesses. Services include corporate tax filing for C and S corporations, pass-through entity tax planning, revenue recognition compliance, and customised tax reporting solutions. Familiar with Singapore tax regulations, IFRS standards, and specific technical requirements for the transportation sector.","18 years in public accounting serving clients in transportation, distribution, and manufacturing. Led technical teams on tax reform, revenue recognition, and accounting methods, developing innovative tools to address client needs. Certified Public Accountant with a Master’s degree in Accountancy.",PROVIDER,Logistics & Distribution,Manufacturing,industry_v1,2026-10-01T22:09:26,15.29,Descriptive,Implied,none,none
brookesbell.com__about-us_the-team_david-browbank.md,qwen3-vl:32b,Marine Fuel Testing and Bunker Surveying Specialist,"Over 25 years in analytical testing and laboratory management, specialising in marine fuel quality and bunker quantity surveys. Held senior technical roles at a global testing laboratory, managing QHSE systems, developing GC-MS methodologies, and leading dispute resolution for off-spec fuel. Previously managed water testing operations, ensuring UKAS accreditation and regulatory compliance. BSc in Chemistry with Analytical Chemistry from Northumbria University.",Marine Fuel Quality Analysis and Bunker Survey Coordination,"Practical advisory for shipping companies, fuel suppliers, and maritime operators on marine fuel quality and bunker quantity surveys. Services include technical analysis of marine fuel samples (HSFO, VLSFO, ULSFO, DMA) against ISO 8217 standards, coordination of global bunker quantity surveys, expert commentary on test reports, and technical dispute resolution for contamination or off-spec fuel issues. Familiar with ISO 8217, ISO 17025, and ISO 9001 standards.","25 years in analytical testing and laboratory management, specialising in marine fuel and water quality. Held roles as Technical Reporting Specialist and Bunker Quantity Survey Coordinator at a global testing laboratory, coordinating global bunker surveys and providing expert commentary on ISO 8217 test results. Previously Section Head of water testing, managing daily operations and maintaining UKAS accreditation. Led R&D projects developing GC-MS methodologies and contributed to technical dispute resolution, including the 2018 Houston fuel crisis. BSc in Chemistry with Analytical Chemistry.",PROVIDER,Marine & Offshore,Energy & Resources,industry_v1,2026-10-01T22:09:27,17.8,Descriptive,Implied,none,none
deloitte.com__global_en_about_people_profiles-famuratovic-bc05684b-html.md,qwen3.8:27b,Turning AI and Engineering Potential into Tangible Business Growth,"I help Singapore SMEs and mid-sized enterprises unlock the value of artificial intelligence and data. My focus is on aligning technical capabilities with commercial objectives to drive measurable results. I lead go-to-market activation for AI solutions, ensuring your digital products reach the market effectively. Additionally, I oversee integrated software engineering and product development capabilities. My goal is to translate complex technical assets into clear business goals. I work to cut inefficiencies and accelerate adoption. Together, we build strategies that scale AI-driven initiatives sustainably. Let’s transform your engineering and AI potential into a competitive advantage.",AI and Engineering Strategy Advisory,"Advisory for Singapore SMEs and mid-sized enterprises seeking to integrate AI and data capabilities into their operations. Services include AI strategy formulation, go-to-market planning for digital products, engineering service optimisation, and alignment of technical assets with business goals. Familiar with industry-specific AI solutions and product development frameworks. Suitable for organisations ready to adopt or scale AI-driven initiatives.",Principal-level strategist at a global professional services firm. Directed US AI and engineering strategy. Managed global integrated software engineering services and product development. Aligned technical capabilities with commercial objectives to drive client value.,PROVIDER,Professional Services,,industry_v1,2026-10-01T22:09:57,16.16,Value Prop,Implied,none,none
pwc.com__ca_en_about-us_our-people_passion-for-cyber-work-and-on-the-job-learning-html.md,qwen3.8:27b,Cybersecurity & Financial Crime Consulting Specialist,"I specialise in privacy, operational technology security, managed services, cloud security, and risk assessment. As a recent graduate from a business technology management programme, I joined a major professional services firm through a scholarship and mentorship initiative. I deliver on-the-job learning and technical support within a cyber advisory team, currently based in a regional office serving the wider market. My focus is on practical cybersecurity assistance for SMEs and mid-sized organisations managing digital risks, ensuring alignment with relevant frameworks and compliance standards for business continuity.",Cybersecurity and Risk Advisory Support,"Practical cybersecurity assistance for SMEs and mid-sized organisations looking to manage digital risks. Services include conducting privacy impact assessments, evaluating operational technology security, reviewing cloud security configurations, and supporting risk assessment initiatives. Familiar with cybersecurity frameworks and compliance standards relevant to business continuity.","Recent graduate working as a senior associate in a cybersecurity consulting practice. Completed a business technology management degree and received a firm scholarship for professional development. Delivered privacy, OT security, and cloud security project support under mentorship.",PROVIDER,Financial Services,,industry_v1,2026-10-01T22:09:58,16.2,Authority,Implied,none,none
deloitte.com__us_en_about_people_profiles-ckwilson-4681e612-html.md,qwen3-vl:32b,Principal in Controls Innovation for Technology and Media Clients,"Over 15 years of experience serving technology and media clients, specialising in internal audit, external audit, regulatory compliance, and SOX readiness. Led global SOX programs, conducted risk assessments, and supported assurance by design in system implementations and business transformations. Works with first, second, and third lines of defence to strengthen controls. No professional registration or certification mentioned in the source.",Controls and Compliance Advisory for Tech and Media Businesses,"Practical advisory for technology and media businesses seeking to strengthen internal controls and compliance. Services include building SOX programs, performing risk assessments, supporting assurance by design in system changes, and enhancing data analytics and RPA use. Familiar with SOX compliance, internal audit, and regulatory frameworks. Focuses on improving control environments for SMEs and mid-sized firms in tech and media sectors.","15 years in controls innovation for technology and media clients, including principal at a Big Four professional services firm. Led global SOX programs and performed risk assessments for clients. Assisted management in implementing assurance by design during major system implementations and business transformations. Supported compliance and internal audit teams in building and assessing control frameworks.",PROVIDER,Technology & Software,,industry_v1,2026-10-01T22:09:57,16.79,Authority,Implied,none,none
bcg.com__about_people_experts_adham-abouzied.md,qwen3.6:35b,"Managing Director & Partner, Digital and AI Strategy","I specialise in AI, data analytics, and business transformation for financial institutions, energy, and public sector clients across APAC and Africa. I deliver large-scale reforms, strengthening national champions and enabling global investor strategies through practical, scalable digital solutions. My approach focuses on driving tangible results for clients navigating complex technological landscapes.",Digital Transformation and AI Strategy for SMEs,"Practical advisory for small and mid-sized enterprises, financial firms, and public sector bodies looking to modernise operations and leverage technology. Services include assessing AI and data analytics readiness, designing digital transformation roadmaps, quantifying climate and efficiency benefits for funding applications, and aligning technology investments with business growth. Particular experience with global best practices adapted for emerging markets and local regulatory environments like PDPA.","15 years in technology strategy and digital transformation. Led the tech build and design unit for a global professional services firm, focusing on AI and digital initiatives. Delivered large-scale transformations for financial institutions, energy companies, and public sector organisations across APAC and Africa. Advised on quantifying climate and efficiency benefits for investment projects.",PROVIDER,Cross-industry,,industry_v1,2026-10-01T22:10:01,12.95,Descriptive,Implied,none,none
bcg.com__about_people_experts_alexander-meyer-zum-felde.md,qwen3.8:27b,Sustainability and Circular Economy Specialist for Waste Systems,"I specialise in total societal impact and circular economy strategies. With over 15 years of experience, I focus on waste systems, deposit schemes, and recycler partnerships. My background includes leading work for clients across various regions. I hold an MBA in international business and finance, which supports my approach to climate change strategy. I manage relationships with key academic and industry bodies to drive sustainable development outcomes. My aim is to help organisations integrate circularity effectively into their core operations while meeting regional sustainability standards.",Circular Economy and Sustainability Strategy Advisory,"Practical advisory for consumer goods manufacturers, packaging suppliers, and waste management firms seeking to integrate circularity into their core business. Services include waste system design, deposit return scheme strategy, recycler partnership development, and sustainability roadmap planning. Particular experience with climate change implications and total societal impact metrics. Familiar with circular economy frameworks and regional sustainability standards.",15 years in sustainability and circular economy consulting. Led work on waste systems and deposit schemes for clients globally. Previously worked at a global investment bank in New York. Served as a core member of strategy and industrial goods practices.,PROVIDER,Energy & Resources,,industry_v1,2026-10-01T22:09:59,18.7,Descriptive,Implied,none,none
bcg.com__about_people_experts_brooke-bollyky.md,qwen3.6:35b,Senior Strategy and Transformation Leader,"Experienced senior consultant with expertise in public sector transformation, organizational culture, and commercial restructuring. Has led end-to-end change initiatives across federal agencies and private enterprises, including post-merger integration and digital strategy. Specializes in adapting private-sector best practices to improve public service delivery and organizational agility. Holds an MBA and an MA in applied linguistics, with a strong track record in leading teams and advising senior stakeholders on complex operational reforms.",Organizational Transformation and Restructuring Advisory,"Practical transformation advisory for Singapore-based enterprises and public agencies looking to improve performance, streamline operations, and align culture with strategy. Services include post-merger integration planning, cultural assessment and change management, digital process improvement, and leadership alignment workshops. Particular experience with adapting private-sector efficiency models for public institutions and guiding SMEs through complex restructuring phases.","15 years in organizational strategy and public sector transformation, including senior partner at a global professional services firm. Led end-to-end transformations at a major US federal agency and managed commercial restructuring for an international hotel chain. Advised a major bank on leadership transformation and digital customer strategy. Holds an MBA and an MA in applied linguistics.",PROVIDER,Public Sector,,industry_v1,2026-10-01T22:10:14,8.77,Authority,Implied,none,none
bcg.com__about_people_experts_marta-guzzafame.md,qwen3.6:35b,Sustainability & Climate Strategy Partner,"I am a Managing Director with 15 years in industrial sustainability and climate strategy. I specialise in decarbonisation, circular economy, and net-zero roadmaps for the building materials, metals, mining, and energy sectors. I help engineering and construction firms navigate operational turnarounds and digital transformation aligned with global ESG standards to drive tangible environmental and operational improvements.",Industrial Decarbonisation Strategy Advisory,"Advisory for Singapore-based manufacturers, construction firms, and contractors seeking to lower carbon footprints. Services include net-zero strategy development, circular economy roadmaps, and sustainable business model design. Particular experience with cement, steel, and building materials sectors and regulatory alignment with PDPA and HSA ESG disclosures.",15 years in industrial sustainability and climate strategy. Developed net-zero strategies for cement and steel players and designed circular economy plans for city governments.,PROVIDER,Construction & Real Estate,Energy & Resources,industry_v1,2026-10-01T22:10:17,7.73,Descriptive,Implied,none,none
deloitte.com__us_en_about_people_profiles-kate-ferrara-d4d2b4ce-html.md,qwen3-vl:32b,"Risk management consultant specialising in transportation, hospitality, and services sectors","Over 25 years of experience in risk management consulting, including leadership roles in the consumer industry and retail and consumer products sectors. Led projects in internal audit, SOX 404 testing, IT security controls, and privacy initiatives for clients navigating regulatory requirements. Expertise spans risk and financial advisory, with a focus on sector-specific compliance and control frameworks.","Risk and Compliance Advisory for Transportation, Hospitality, and Services Sectors","Practical advisory for SMEs and mid-sized businesses in transportation, hospitality, and services sectors looking to strengthen internal controls and comply with regulatory requirements. Services include SOX 404 testing, IT security controls design and implementation, internal audit support, and privacy and regulatory compliance advisory. Familiar with regulatory frameworks including SOX and privacy standards; experience in risk assurance and financial advisory practices.","25 years in risk management consulting, including roles as national sector leader for transportation, hospitality, and services and US consumer industry leader. Led projects in internal audit, SOX 404 testing, IT security controls, and privacy initiatives for clients in the risk and financial advisory practice. Coordinated teams and advised clients on regulatory compliance matters.",PROVIDER,Retail & Consumer,Logistics & Distribution,industry_v1,2026-10-01T22:10:13,17.69,Descriptive,Implied,none,none
bcg.com__about_people_experts_beatrice-lemucchi.md,qwen3-vl:32b,Management Consultant in Consumer Products and Business Transformation,"Over 15 years in management consulting, specialising in consumer products, luxury and retail. Led high-profile transformation projects for major brands in apparel and luxury sectors, focusing on strategic planning, brand elevation, and operational redesign. Previously worked as an analyst in stock lending at a global financial institution. No professional certifications or registrations stated.",Consumer Brand Transformation and Strategic Advisory,"Practical advisory for luxury and retail brands, including apparel and direct-to-consumer businesses, seeking to reposition, rebrand or improve performance. Services include strategic planning, brand assessment, operational transformation, design of new product collections, and organisational review. Familiar with global consumer trends and digital transformation in fashion. Scope includes end-to-end advisory for brand revitalisation and growth initiatives.","15 years in management consulting specialising in consumer products and business transformation. Led the transformation of a major Italian luxury brand to increase company valuation through strategic planning, brand assessment, and new collection development. Also led the revitalisation of a historical Italian brand to strengthen its market position. Prior to consulting, worked as an analyst in the stock lending department of a global financial institution.",PROVIDER,OTHER,,industry_v1,2026-10-01T22:10:14,16.49,Descriptive,Implied,none,none
bcg.com__about_people_experts_brian-collie.md,qwen3.6:35b,Strategic Operations and Automotive Mobility Expert,"I bring over two decades of management consulting experience, specialising in automotive and mobility strategy, operations, and corporate finance. I previously served as a global practice leader for automotive and mobility at a major professional services firm, where I advised manufacturers and suppliers globally. My expertise covers emerging mobility trends, including electrification, autonomous technologies, and software-defined vehicles. I hold an MBA from Northwestern University Kellogg School of Management and am a former US Navy surface warfare officer.",Automotive Strategy and Operations Advisory,"Practical advisory for automotive manufacturers and supply chain businesses looking to navigate industry disruption, optimise operations, and drive growth. Services include strategic planning for electrification and autonomous technologies, cost reduction programmes, and organisational transformation. Particular experience with software-defined vehicle ecosystems and supplier-OEM collaboration.","Over 20 years in automotive strategy and operations consulting. Served as global leader for automotive and mobility at a Big Four professional services firm (2018–2024) and North America lead (2015–2018). Led dozens of large-scale transformation efforts across North America, Europe, China, India, and Latin America, helping clients define strategic agendas and maximise shareholder returns. Former US Navy surface warfare officer.",PROVIDER,Manufacturing,Technology & Software,industry_v1,2026-10-01T22:10:20,12.0,Descriptive,Implied,none,none
bcg.com__about_people_experts_ben-shuttleworth.md,qwen3.8:27b,"Former MD, People & Organisation Transformation & Industry Leader","I am a senior specialist in people and organisation strategy with over 15 years of experience. I previously led the People & Organization practice for a global professional services firm, serving markets across London, Amsterdam, and Brussels. My expertise spans organisation design, strategic workforce planning, leadership development, and change management. I have delivered extensive transformations in pharmaceutical, consumer health, technology, and financial sectors. Before my consulting career, I served as an officer in a national infantry regiment. I hold an MChem in chemistry from a prestigious university, bringing a unique analytical perspective to complex organisational challenges.",People & Organisation Transformation Advisory,"Practical advisory for mid-sized and large organisations in pharma, tech, and financial services undergoing significant change. Services include organisation design, strategic workforce planning, leadership development programmes, and change management strategy. Particular experience with digital transformation and the intersection of people and technology. Familiar with best practices in agile coaching and digital platform management.","15 years in people and organisation transformation since 2010. Led the People & Organization practice for London, Amsterdam, and Brussels, heading the EMEA region. Designed and implemented large-scale people transformations in pharmaceutical, consumer health, technology, media, and finance sectors. Previously an officer in an infantry regiment with active service in conflict zones.",PROVIDER,Healthcare,Cross-industry,industry_v1,2026-10-01T22:10:23,13.92,Authority,Implied,none,none
bcg.com__about_people_experts_matt-westerlund.md,qwen3.6:35b,Agribusiness Strategy and M&A Partner,"I bring over 20 years of experience in agribusiness strategy and mergers and acquisitions, having managed the North America practice for a global consultancy. My core expertise spans portfolio growth, go-to-market strategy, industrial IoT, and digital transformation. I have authored multiple industry reports on agribusiness value creation and soil health economics. I hold an MBA with high honors and a BSc magna cum laude, and I apply this deep knowledge to support clients in navigating complex market dynamics.",Agribusiness Strategy and M&A Advisory,"Practical strategic advisory for Singapore-based agribusinesses, food manufacturers, and distributors seeking to optimize growth, navigate regulatory shifts, or execute mergers and acquisitions. Services include portfolio strategy design, M&A due diligence and valuation, go-to-market planning for farm inputs and grain marketing, and operational digital transformation. Familiar with sustainability frameworks and climate risk assessment relevant to the sector.","I spent 22 years in agribusiness strategy, M&A, and digital transformation for a global consultancy. I led the firm’s agribusiness work in North America, specializing in the value chain from farm inputs to grain marketing. I authored the 2025 Agribusiness Value Creators Report and publications on tariff impacts and regenerative agriculture profitability.",PROVIDER,Food & Beverage,,industry_v1,2026-10-01T22:10:25,13.31,Descriptive,Direct First-Person,none,none
alvarezandmarsal.com__our-people_paul-tearnen.md,qwen3.6:35b,Technology transformation specialist and interim executive,"I specialise in technology transformation and interim leadership across complex organisational landscapes. My background spans global strategy consultancies, systems integration, and manufacturing, where I served as CIO, CTO, and COO. I focus on establishing robust technology frameworks, modernising digital strategies, and stabilising under-performing teams. With extensive sector experience in education, healthcare, and government, I provide practical guidance to help organisations navigate technological change and achieve operational excellence efficiently.",Technology Strategy and Interim Leadership Advisory,"Practical advisory for Singapore SMEs, startups, and non-profits looking to modernise their technology landscape or bridge leadership gaps. Services include developing pragmatic digital transformation roadmaps, interim CIO/CTO support for operational stability, technology refresh planning including ERP implementation, and establishing robust software development and project management methodologies. Particular experience with complex architecture strategies for the education and social sectors. Not focused on long-term managed IT support or software coding.",20+ years in senior technology leadership and transformation. Led a global ERP implementation and secured industry-wide open data interchange standards. Previously held CIO and COO roles at global strategy consultancies and Oracle systems integrators.,PROVIDER,Education,Social Services & Non-profit,industry_v1,2026-10-01T22:10:32,8.71,Descriptive,Implied,none,stated
bridgespan.org__insights_bill-draper.md,qwen3.6:35b,Former Head of Global Development & Social Venture Strategist,"I bring over 40 years of seasoned expertise in venture capital, philanthropy, and public service to help social enterprises thrive. As the former head of a major global development programme and founder of a venture capital firm, I have dedicated my career to identifying and scaling impactful social entrepreneurs. I leverage my deep understanding of nonprofit sectors and venture philanthropy to guide mission-driven organizations toward sustainable growth and strategic success.",Social Venture Strategy and Funding Advisory,"Advisory for Singapore-based social enterprises and nonprofit startups seeking growth capital and strategic direction. Services include fundraising preparation for social impact investors, operational scaling guidance, and governance structuring for mission-driven organizations. Deep familiarity with the nonprofit sector and venture philanthropy models.","I spent over 40 years in venture capital and social impact investing, including serving as head of a UN development programme where I oversaw 10,000 projects. I founded a venture capital firm to invest in Indian startups. I currently lead a foundation providing venture capital to nonprofit start-ups.",PROVIDER,Social Services & Non-profit,,industry_v1,2026-10-01T22:10:37,8.7,Authority,Direct First-Person,none,none
kroll.com__en_our-experts_cesare-gussago.md,qwen3.8:27b,Managing Director specialising in data-led value creation and corporate turnaround,"I bring over 20 years of experience in commercial, operational, and P&L leadership. I specialise in helping corporate boards, private equity firms, and infrastructure funds improve EBITDA through data-led, digitally enabled value creation. I bridge complex data-intensive models and commercial decision-making for organisations with high transaction volumes or large workforces. My focus is on rapid turnarounds, network optimisation, and full potential plans across asset-heavy sectors including energy, infrastructure, logistics, and industrial services. I deliver measurable financial outcomes for clients in Singapore and the region.",Data-Led Value Creation and Turnaround Advisory,"Advisory for mid-to-large enterprises, PE-backed companies, and infrastructure operators seeking to unlock value. Services include EBITDA improvement strategies, rapid business turnarounds, network optimisation, and post-acquisition integration planning. Particular experience with asset-heavy sectors such as logistics, energy, and industrial services, leveraging data analytics to drive operational decisions and financial performance.","I spent over 20 years in commercial and P&L leadership, including roles at global consultancies and a large industrial group. I delivered a retail transformation across six countries for an international oil company and turned around an offshore logistics provider, achieving a S$50 million EBITDA improvement within 12 months. I led a team of 60+ professionals and managed a portfolio worth over S$4 billion.",PROVIDER,Logistics & Distribution,Energy & Resources,industry_v1,2026-10-01T22:10:38,17.14,Descriptive,Direct First-Person,none,none
deloitte.com__global_en_about_people_profiles-aktayal-6b38b96b-html.md,qwen3.8:27b,Software Engineering and Business-Process Consulting Specialist,"I bring twenty-three years of expertise in software engineering and business-process consulting. My core focus is guiding cloud transformations, DevSecOps integration, and Site Reliability Engineering adoption within financial services, healthcare, and retail. I partner directly with C-suite leaders to shape technology strategy and build global engineering centers of excellence. My approach embeds outcome-based operating models to drive tangible results. I specialise in cultivating high-performing teams and accelerating product delivery through resilient, secure platform design. This ensures that technical infrastructure directly supports broader business objectives.",Engineering Modernisation and Cloud Strategy Advisory,"Strategic advisory for mid-sized to large enterprises and digital startups seeking to modernise their engineering practices. Services include cloud transformation roadmap design, DevSecOps and SRE implementation guidance, and the establishment of engineering centers of excellence. Focuses on enhancing developer experience and accelerating time to value through resilient, secure platform architectures. Familiar with global engineering standards and operational models.","Twenty-three years in software engineering and business-process consulting, including leading US Engineering-as-a-Service at a global consultancy. Guided Fortune 500 clients through cloud transformations and SRE adoption to accelerate product delivery. Established global engineering centers of excellence and embedded outcome-based operating models in partnership with C-suite executives.",PROVIDER,Financial Services,,industry_v1,2026-10-01T22:11:05,14.43,Descriptive,Implied,none,none
bcg.com__about_people_experts_alexis-bour.md,qwen3.8:27b,Driving Industrial Turnarounds and Operational Excellence,"I am a transformation consultant with over 20 years of experience across Africa, the Middle East, and Asia. I specialize in turnaround strategy, operational improvement, and organizational effectiveness for the mining, chemicals, energy, and consumer products sectors. My approach combines global best practices with local market context to drive tangible performance impact. I am passionate about building high-performing organizations and developing business talent within complex industrial environments. I hold an MBA from INSEAD and a BBA from KEDGE Business School, bringing a strategic and practical lens to every engagement.",Industrial Turnaround and Operational Excellence Advisory,"Practical advisory for industrial and resource-based businesses in Singapore and the region facing operational challenges. Services include turnaround strategy design, operational improvement initiatives, organizational effectiveness diagnostics, and change management support. Familiar with the specific challenges of the mining, chemicals, and energy sectors, applying global best practices to local market contexts to drive tangible performance impact.","I spent over 20 years in transformation and industrial goods across Africa, the Middle East, and Asia. I managed a purchasing team with €250M of supplier spend for five manufacturing sites in the automotive sector. I led organizational change initiatives for clients in mining, energy, and consumer products.",PROVIDER,Energy & Resources,Manufacturing,industry_v1,2026-10-01T22:11:07,15.13,Value Prop,Direct First-Person,none,none
deloitte.com__us_en_about_people_profiles-dkrishna-fef04343-html.md,qwen3-vl:32b,Former Global CTO for Sustainability & Climate and Chief Product Officer,"With over 25 years in technology, analytics, and consulting, I’ve led innovation at global firms, shaping technology vision and AI platform development. As managing director, I drove digital transformation and enterprise AI adoption. Previously, I oversaw professional services in financial services, delivering large-scale analytics systems for banking clients. My expertise spans AI, cloud, cyber security, big data, and advanced analytics, with publications in AI, robotics, and risk architecture.",AI and Technology Strategy Advisory,"Practical advisory for SMEs, startups, and mid-sized businesses in technology transformation and AI adoption. Services include AI platform implementation, cloud migration, cyber security integration, and data analytics strategy. Familiar with advanced analytics, big data, and enterprise AI platforms. Particular experience with CortexAI™ and cloud-based solutions for business transformation.","25 years in technology, analytics, and consulting, including managing director at a global professional services firm. Global CTO for Sustainability & Climate and chief product officer for CortexAI™, the firm’s next-gen AI platform. Previously led professional services in financial services at a major data analytics company, implementing large-scale analytics systems for banking clients. Advised government agencies on regulation and transparency, including expert testimony to a national legislative body.",PROVIDER,Technology & Software,,industry_v1,2026-10-01T22:11:04,19.46,Authority,Implied,none,none
deloitte.com__us_en_about_people_profiles-brybarnes-cef0d37e-html.md,qwen3-vl:32b,M&A Transaction Services Partner,"Over 22 years in public accounting, specialising in merger and acquisition transaction services. I served as a Partner in the M&A Transaction Services group, supporting financial and strategic buyers and sellers. I was the national M&A sector leader for consumer products, with experience in due diligence, deal structuring, and transaction document review. Licensed CPA in Georgia. I joined a Big Four professional services firm in 2002, previously working as an M&A and audit professional at another professional services firm.",M&A Transaction Advisory,"Practical advisory for SMEs and mid-sized businesses in consumer products, manufacturing, distribution, hospitality, and IT sectors looking to buy or sell. Services include due diligence coordination, deal structuring, transaction document review, and financial analysis for acquisitions and divestitures. Familiar with US GAAP and IFRS standards, and experienced in transactions from S$30M to over S$13B. Not focused on ongoing post-transaction integration or operational management.","I spent 22 years in public accounting, specialising in merger and acquisition transaction services. I was a Partner in the M&A Transaction Services group at a Big Four professional services firm, serving financial and strategic buyers and sellers. I coordinated and led due diligence engagements ranging from S$30M to over S$13B. Previously, I worked as an M&A and audit professional at another professional services firm. I am a licensed CPA in Georgia.",PROVIDER,Professional Services,Retail & Consumer,industry_v1,2026-10-01T22:11:01,23.83,Descriptive,Direct First-Person,none,stated
bcg.com__about_people_experts_alan-iny.md,qwen3.8:27b,"Specialist in business creativity, scenario planning, and strategic foresight","I bring over 20 years of expertise in navigating uncertainty, innovation, and organisational design. My work focuses on helping leaders build resilience against strategic risks and identify growth opportunities in volatile environments. I have trained thousands of professionals across various industries on creative thinking and future-scanning. As a co-author of a widely translated book on business creativity, I combine practical advisory with deep research. Currently, I am exploring long-term strategic futures through a three-year research fellowship while continuing to support client advisory projects.",Strategic Foresight & Creativity Workshops,"Practical advisory for SMEs, startups, and mid-sized organisations seeking to navigate market uncertainty and innovate. Services include scenario planning workshops, creative problem-solving training, strategic foresight toolkits, and future-trend analysis. Familiar with AI-driven planning methods and creative frameworks for leadership teams. Particular experience helping executives build resilience against strategic risks and identify growth opportunities in volatile environments.","I spent 23 years in business creativity and strategic foresight, holding director roles at a global strategy consultancy. I trained thousands of professionals on creative thinking for clients across industries. I co-authored a book on business creativity, published in 12 languages.",PROVIDER,Cross-industry,,industry_v1,2026-10-01T22:11:11,15.17,Descriptive,Direct First-Person,none,none
deloitte.com__us_en_about_people_profiles-klobaugh-50fb3cd6-html.md,qwen3.6:35b,Consumer Industry Strategy Specialist,"I bring over 25 years of expertise in consumer industry strategy, specialising in emerging digital trends, organisational change, and operational scalability. My background includes serving as a senior futurist at a major global professional services firm, where I advised large corporations on navigating competitive landscape adaptations. As a recognised expert on consumer behaviour and business model innovation, I contribute regularly to leading financial publications and engage in public speaking to share insights on future-proofing businesses in a rapidly evolving market.",Consumer Retail Strategy Advisory,"Practical strategic guidance for Singapore-based retail, F&B, and consumer SMEs seeking to adapt to digital trends and evolving customer expectations. Services include competitive landscape analysis, customer experience innovation planning, and operational scalability reviews. Familiar with PDPA compliance in customer data strategies. Not focused on technical IT implementation, coding, or hardware supply chain logistics.",25 years in consumer industry strategy and digital transformation. Spearheaded research on consumer trends and organisational change as a lead futurist at a major global professional services firm. Advised large corporations on strategic initiatives to drive innovation and operational efficiency. Regularly quoted in leading financial publications as an industry expert.,PROVIDER,Retail & Consumer,,industry_v1,2026-10-01T22:11:22,8.41,Authority,Implied,none,stated
bcg.com__about_people_experts_cameron-scott.md,qwen3.6:35b,Global Sector Senior Manager specialising in defense and security strategy,"I am a Global Sector Senior Manager with over 8 years of experience in the defense and security sector. I joined my current firm in 2018. Prior roles include senior consultancy at a global defense research firm and KBR. Expertise spans strategic planning, business development, and knowledge management. Holds an MA in history and an MSc in international security. Focuses on defense organization design, personnel issues, acquisition, sustainment, and the space domain. I help clients navigate complex defense landscapes",Defense Strategic Advisory and Security Services,"Practical strategic advisory for small and mid-sized defense contractors, security tech startups, and private space enterprises. Services include refining organizational structures and decision rights (OVIS framework), aligning defense personnel strategies with talent management needs, and adapting procurement models for commercial satellite communications. Familiar with space domain trends and ISR tech disruption. Particular experience with integrating private sector capabilities into traditional defense frameworks","Over 8 years in defense and security strategy and consulting. Joined a global professional services firm in 2018 as Global Sector Senior Manager. Previously worked for KBR, supporting market intelligence and capture management, and for a global defense research consultancy on transnational security threats. Published analysis on commercial space agency strategies and satellite communications procurement",PROVIDER,Public Sector,,industry_v1,2026-10-01T22:11:23,8.23,Descriptive,Implied,omitted_trailing_period,none
bcg.com__about_people_experts_benjamin-grosch.md,qwen3.6:35b,Healthcare Strategy & Digital Transformation Specialist,"I bring over 20 years of experience in healthcare strategy, digital transformation, and organisational improvement across pharmaceutical, medtech, and health insurance sectors. Specialising in AI, e-health, and process automation, I guide clients through complex digital shifts. My focus remains on delivering practical, data-driven solutions that enhance operational efficiency and customer experience for diverse healthcare ecosystems.",Healthcare Digital Strategy and Transformation Advisory,"Practical strategic advisory for Singapore-based health tech startups, pharmaceutical distributors, and healthcare service providers looking to implement digital transformation, AI, and data-driven care management. Services include developing digital health strategies, optimizing customer service processes, automating internal workflows, and designing multi-channel marketing frameworks for digital engagement. Particular experience with AI-driven value realization and process improvement for complex healthcare ecosystems.","20 years in healthcare strategy and digital transformation, including Managing Director at a global professional services firm. Guided clients on medical cost reduction, process automation, and digital health implementation. Helped pharmaceutical and medtech companies unlock billions in potential savings through data-driven care management and strategic AI adoption.",PROVIDER,Healthcare,Financial Services,industry_v1,2026-10-01T22:11:31,10.75,Descriptive,Implied,none,none
bcg.com__about_people_experts_christine-wurzbacher.md,qwen3-vl:32b,Senior Partner in Industrial Goods Transformation,"Over 20 years in industrial goods transformation, including leading digital and data analytics-driven change programs for manufacturing, mining, and engineering services firms. Has led multiple comprehensive transformation initiatives driving margin improvement. Holds an MBA from INSEAD and has contributed to publications on industrial strategy, talent, and sustainability.",Industrial Transformation Advisory,"Practical advisory for manufacturing, mining, and engineering services businesses seeking operational improvement and digital transformation. Services include leading large-scale transformation programs, designing data-driven operating models, and advising on talent and sustainability strategies. Familiar with digital transformation frameworks and sustainability reporting standards. Works across regional industrial clients.","20 years in industrial goods transformation, including leading the firm’s Montreal office and managing transformation programs for manufacturing, mining, and engineering services clients. Has led several comprehensive transformation initiatives driving margin improvement through digital and data analytics components. Holds an MBA from INSEAD.",PROVIDER,Manufacturing,Energy & Resources,industry_v1,2026-10-01T22:11:31,14.35,Descriptive,Implied,none,none
bcg.com__about_people_experts_shalini-unnikrishnan.md,qwen3-vl:32b,Former Social Impact Strategy and Sustainability Lead & Industry Advisor,"With over 15 years in social impact strategy, sustainability, and sustainable food systems, I’ve advised private, public, and social sector clients on sustainable development, food security, and economic growth in emerging markets. Co-authored 'Total Societal Impact' and published extensively on sustainability and societal value creation. Holds an MBA in health care management and MA in international relations.",Sustainability and Social Impact Strategy Advisory,"Practical advisory for SMEs and mid-sized organisations in food, agriculture, and consumer goods sectors looking to integrate sustainability into core business strategy. Services include designing public-private partnerships, developing sustainability roadmaps, advising on regenerative agriculture models, and aligning social impact with business outcomes. Familiar with global sustainability frameworks and emerging market development models.","15 years in social impact strategy and sustainability, including as Social Impact Strategy and Engagement Lead at a global strategy consultancy. Advised private sector clients on sustainable food systems and public-private partnerships, and supported public and social sector clients on private sector engagement. Co-authored 'Total Societal Impact' and advised governments in Africa on economic development and private-sector growth. Holds an MBA in health care management and MA in international relations.",PROVIDER,Food & Beverage,,industry_v1,2026-10-01T22:11:32,16.5,Authority,Implied,none,none
bcg.com__about_people_experts_rahul-sanghvi.md,qwen3-vl:32b,Managing Director & Partner specialising in industrial goods and operational excellence,"Over 15 years of experience in business transformation and operational excellence, with a focus on industrial goods, building materials, logistics, and digital transformation. Has led large-scale transformations across multiple sectors including building materials, metals, chemicals, and logistics. Works with business owners, CEOs, and management teams to drive performance improvements through change management and digital/analytics capabilities. Recognised as a Distinguished Alumnus by XLRI in 2024. Holds an MBA from XLRI and a Bachelor’s degree from Shri Ram College of Commerce, Delhi University.",Business Transformation and Operational Excellence Advisory,"Practical advisory for SMEs and mid-sized industrial businesses in building materials, logistics, and manufacturing looking to improve operations and drive growth. Services include change management implementation, digital transformation planning, operational efficiency improvements, market entry strategy, and growth acceleration for tech-enabled businesses. Familiar with end-to-end operational excellence frameworks and digital/analytics tools. Works across Southeast Asia and regional markets.","15 years in business transformation and operational excellence, including managing director and partner at a global strategy consultancy. Led multiple large-scale transformations in building materials, metals, chemicals, and logistics sectors. Advised business owners and CEOs on change management and performance improvement through digital and analytics tools. Also led the consultancy’s logistics practice in India, supporting incumbent players and growth tech companies on market entry and digital transformation.",PROVIDER,Construction & Real Estate,,industry_v1,2026-10-01T22:11:30,18.86,Descriptive,Implied,none,none
alvarezandmarsal.com__our-people_vadim-tsysin.md,qwen3.6:35b,Managing Director in Performance Improvement and M&A Advisory,"I am a retired managing director with over 20 years of experience in performance improvement, synergy assessment, and merger advisory. Formerly at a global strategy consultancy, an education group, and an investment bank, I have executed 100+ transactions up to S$21.5 billion. I specialize in carve-outs, operational due diligence, and integration planning for mid-market and large corporate clients. I hold a Licensed CPA in Illinois and Series 7 & 63 designations, bringing structured frameworks to deliver measurable results.","M&A Synergy, Carve-Out and Performance Improvement Advisory","Practical M&A and performance advisory for Singaporean mid-market businesses and private equity investors looking to maximize deal value. Services include pre-acquisition synergy assessment, post-merger integration planning, and operational due diligence for buy-side or sell-side transactions. Particular experience with EdTech and healthcare sectors, utilizing structured measurement frameworks to deliver measurable cost savings and operational resilience.","20+ years in performance improvement and M&A advisory. Advised on 100+ transactions up to S$21.5 billion at a global strategy consultancy. Delivered S$16.7 million in savings for a technology firm by optimizing marketing spend. Licensed CPA in Illinois, holding Series 7 & 63 designations.",PROVIDER,Education,Technology & Software,industry_v1,2026-10-01T22:11:42,8.91,Descriptive,Implied,none,none
kroll.com__en_our-experts_james-grogan.md,qwen3.6:35b,Global Trade and Customs Compliance Specialist,"Specializing in foreign trade zones, duty mitigation, and customs compliance, I help organizations optimize their trade operations. I advise enterprises on regulatory strategy and global trade function assessments. My board service at a national trade association and design of testing processes for customs programs inform my practical approach. I focus on FTZ implementation, risk reviews, and compliance audits to reduce costs and ensure standards. My background ensures robust, compliant trade frameworks tailored to specific business needs.",Trade Compliance and FTZ Advisory,"Practical advisory for Singaporean manufacturers, distributors, and F&B operators looking to optimize duty costs and meet regulatory standards. Services include Foreign Trade Zone feasibility analysis, customs compliance audits, duty mitigation strategies, and CTPAT-style voluntary program implementation. Familiar with PDPA and general trade regulatory frameworks. Not focused on import licensing applications or logistics brokerage operations.","Led a trade practice at a Big Four firm, building compliance programs and reducing risks through customized FTZ implementations and global trade function reviews. Assessed regulatory frameworks to optimize duty costs for multinational clients. Served on the executive committee of a national foreign trade zones association.",PROVIDER,Logistics & Distribution,,industry_v1,2026-10-01T22:11:44,9.7,Descriptive,Implied,none,stated
bridgespan.org__insights_christy-morse.md,qwen3-vl:32b,Philanthropy and Grantmaking Executive,"I have over 20 years in philanthropy and nonprofit leadership, including serving as CEO of a major family foundation. I specialise in strategic grantmaking, donor intent execution, and nonprofit evaluation. My focus is on supporting arts, environment, and community initiatives through transparent, candid relationships between funders and grantees. I emphasise early integration of measurement and evaluation in grant programmes to improve outcomes.",Strategic Philanthropy Advisory,"Practical advisory for foundations, trusts, and nonprofit organisations seeking to strengthen their grantmaking strategy. Services include designing donor-aligned grant programmes, implementing evaluation frameworks, establishing candid grantor-grantee relationships, and integrating measurement into early project discussions. Familiar with best practices in nonprofit impact assessment and donor intent execution.","I spent 20 years in philanthropy and nonprofit leadership, including as CEO of a major family foundation. I led strategic grantmaking for three affiliated grantmaking organisations focused on arts, environment, and community support. I established a Director of Evaluation role to embed measurement into grant programmes, and prioritised early evaluation conversations with grantees. I emphasised honest, two-way feedback between funders and recipients to improve programme outcomes.",PROVIDER,Social Services & Non-profit,,industry_v1,2026-10-01T22:11:43,17.35,Descriptive,Direct First-Person,none,none
deloitte.com__us_en_about_people_profiles-chris-smith-4d8f159c-html.md,qwen3.6:35b,Former Head of Audit & Assurance & Industry Leader in Banking Governance,"I spent over two decades as an audit and assurance partner serving large banking and capital markets firms. My expertise lies in corporate governance, risk management, and complex accounting matters. I evaluate data across operations, finance, and compliance to strengthen internal processes and controls for senior management and audit committees, ensuring robust governance frameworks tailored to the Singapore financial sector.",Banking Audit and Governance Advisory,"Practical governance and audit advisory for Singapore-based banks and financial institutions seeking robust controls. Services include review of corporate governance frameworks, risk management processes, and complex accounting reporting. Particularly experienced with MAS regulatory expectations and data evaluation across finance, risk, and compliance functions.","I spent over 20 years as an audit and assurance partner serving major banking and capital markets firms. I advised senior management and audit committees on corporate governance, risk management, and complex accounting matters. I evaluated operational and financial data to strengthen control environments and compliance processes.",PROVIDER,Professional Services,Financial Services,industry_v1,2026-10-01T22:12:10,9.0,Authority,Direct First-Person,none,none
bcg.com__about_people_experts_andrea-ostby.md,qwen3.6:35b,Senior Management Consultant specialising in operations transformation for industrial clients,"I have over 15 years in business transformation, performance improvement, and change management, including senior leadership at a global strategy consultancy and engineering roles at multinational industrial firms. I specialise in designing and executing large-scale operational improvements for energy, utilities, and manufacturing clients. I am also certified in project management and change leadership, ensuring practical and impactful results for my clients.",Operational Improvement and Performance Transformation Advisory,"Practical advisory for Singapore-based manufacturers, energy firms, and industrial operators looking to optimise performance and streamline operations. Services include designing operational excellence programmes, executing repositioning initiatives, and building change management capabilities. Particular experience with utility-scale project management organisations and manufacturing efficiency. Familiar with lean operations and performance metrics.","Over 15 years in operations transformation, including senior partner at a global strategy consultancy and chemical engineer at multinational industrial firms. Led the design of a $2 billion project management organisation for a large US utility and executed a S$2 billion repositioning programme for a global automotive manufacturer. Advised a global aggregates producer on operational excellence.",PROVIDER,Energy & Resources,Manufacturing,industry_v1,2026-10-01T22:12:16,10.8,Descriptive,Implied,none,none
deloitte.com__us_en_about_people_profiles-dlittmann-91c7ffec-html.md,qwen3-vl:32b,Former Principal in Global Telecoms Strategy & Industry Growth Leader,"I spent over 15 years shaping growth strategies for telecoms clients, including as a principal at a global strategy consultancy. I specialise in product launches, digital ecosystem adaptation, and designing flexible business models. I led primary research on how digital transformation impacts wireless and wireline providers. My work helped clients navigate regulatory and technological change, delivering actionable insights for strategic planning and innovation.",Telecoms Growth Strategy and Product Launch Advisory,"Practical advisory for telecoms operators and service providers looking to define growth strategies and launch new products. Services include developing flexible business models, designing adaptive processes, conducting primary research on digital ecosystem impacts, and advising on regulatory and competitive changes. Familiar with evolving digital ecosystems and their impact on network providers. Scope: advisory support for strategic planning and product innovation.","15 years in telecommunications strategy, including as a principal at a global strategy consultancy. Led primary research on the evolving digital ecosystem and its impact on wireless and wireline network providers. Developed flexible strategies, processes, and business models for telecoms clients adapting to technological and regulatory change.",PROVIDER,Technology & Software,,industry_v1,2026-10-01T22:12:12,15.03,Authority,Implied,none,none
deloitte.com__global_en_about_people_profiles-kavitha-prabhakar-feb3e526-html.md,qwen3-vl:32b,"Offering Portfolio Leader, AI and Engineering","Over 25 years in technology consulting, specialising in AI, data, and engineering solutions for financial services. Has led client projects in operations improvement, data management, investment planning, and service excellence. Holds an MS in Computer Science, MBA with concentrations in strategy and finance, and a BS in Computer Science and Mathematics. Recognised as one of Fortune’s Most Powerful Women Next Gen and received the 2023 Ascend A-List Award.",AI and Engineering Advisory for Financial Services,"Practical advisory for financial services firms, including fintechs and mid-sized banks, seeking to adopt AI and engineering solutions. Services include AI strategy development, data management system implementation, software engineering deployment, and process improvement for service excellence. Familiar with Generative AI technologies and technology transformation frameworks. Not focused on legal compliance or regulatory reporting.","25 years in technology consulting, specialising in AI and engineering solutions for financial services. Has led client projects in operations process improvements, data management implementations, investment plans, engineering deployments, and service excellence programs. Co-led the Executive Women in Technology initiative and served on the Board of Girls Who Code. Recognised as one of Fortune’s Most Powerful Women Next Gen and received the 2023 Ascend A-List Award.",PROVIDER,Financial Services,Technology & Software,industry_v1,2026-10-01T22:12:15,18.59,Descriptive,Implied,none,stated
bcg.com__about_people_experts_alex-dolya.md,qwen3.8:27b,Procurement and Supply Chain Specialist Advising on Resilience and Capital Projects,"I am a Singapore-based specialist with over 15 years advising on procurement, supply chain resilience, and capital projects. My academic background in mathematics and strategy allows me to approach complex supply chains with rigour. I have guided more than 100 projects globally across industrial, energy, and public sectors. My focus is balancing cost competitiveness with resilience, while integrating AI/GenAI and ESG practices. I deliver competitive negotiations, supplier relationship management, and digital procurement solutions. I help organisations navigate Scope 3 emissions and human rights due diligence. I ensure your procurement strategy remains robust against market volatility and regulatory changes.",Procurement and Supply Chain Strategy Advisory,"Strategic advisory for SMEs and mid-sized manufacturers, retailers, and logistics firms seeking to optimise supply costs and resilience. Services include procurement value engineering, supplier relationship management, competitive negotiation support, digital procurement transformation, and ESG compliance. Familiar with balancing cost competitiveness with supply chain resilience, Scope 3 upstream emissions, and human rights due diligence. Supports organisations in integrating AI tools into procurement workflows and managing capital project procurement.","15 years as a senior partner specialising in procurement and supply chain management, including global lead roles at a professional services firm. Supported over 100 procurement and supply chain projects across diverse sectors including energy, mining, and public infrastructure. Holds an MBA in strategy and finance and a PhD in mathematics.",PROVIDER,Cross-industry,,industry_v1,2026-10-01T22:12:18,17.29,Descriptive,Implied,none,none
deloitte.com__us_en_about_people_profiles-li-shen-lee-d88ac0cc-html.md,qwen3-vl:32b,Sports Strategy and Fan Engagement Specialist,"Over 10 years of experience in sports strategy and fan engagement, specialising in data-driven approaches to enhance fan relationships and generate revenue. Has led initiatives for national sports teams and leagues, focusing on fan data strategies and digital engagement. Expertise includes leveraging analytics to inform strategic decisions and improve the fan experience. No professional certifications mentioned in the source.",Sports Fan Engagement and Data Strategy Advisory,"Practical advisory for sports teams, leagues, and event organisers looking to enhance fan engagement and create new revenue streams. Services include developing fan data strategies, designing digital engagement platforms, and implementing data-driven marketing campaigns. Familiar with analytics tools and fan experience frameworks. Not focused on sports facility design or operational logistics.","10 years in sports strategy and fan engagement, including General Manager of Converge™ by the firm for Sports. Led data-driven fan engagement initiatives for national sports teams and leagues, using analytics to improve fan relationships and generate revenue. Designed digital engagement platforms and marketing campaigns that enhanced the overall fan experience.",PROVIDER,Retail & Consumer,,industry_v1,2026-10-01T22:12:22,16.39,Descriptive,Implied,none,stated
bcg.com__about_people_experts_rishabh-goel.md,qwen3.6:35b,Strategy and Operations Partner for Industrial and Infrastructure Sectors,"I am a strategy and operations partner specialising in industrial and infrastructure sectors. I bring deep expertise in mergers and acquisitions, post-merger integration, and operational excellence. My work focuses on growth strategy, capital project delivery, and go-to-market acceleration using digital solutions and data analytics. I hold an MBA from IIM Bangalore and a BTech in Chemical Engineering from IIT Bombay.",Industrial Operations and Growth Strategy Advisory,"Practical strategy and operational advisory for Singapore-based manufacturers, industrial equipment suppliers, and contractors seeking to optimise capital project delivery and accelerate growth. Services include post-merger integration support, go-to-market strategy for emerging markets, and data-driven operational excellence programmes. Particular experience with engineering and construction value chains.","I spent 15 years in strategy and operations consulting for industrial and infrastructure sectors, including roles at a global management consultancy. I led transformational programs for infrastructure and real estate clients on growth strategy and capital project delivery. I served as a partner in the firm's industrial practices.",PROVIDER,Construction & Real Estate,,industry_v1,2026-10-01T22:12:33,6.52,Descriptive,Direct First-Person,none,none
bcg.com__about_people_experts_cesar-sanchez.md,qwen3-vl:32b,Managing Director & Partner in Public Sector Strategy and Labor Market Policy,"Over 20 years of experience in public sector strategy, labor market policy, and organizational development. Specialises in government policy definition, school-to-work transitions, and employment services. Has worked on national labor market strategies and end-to-end policy implementation for government entities across the Middle East and Europe. Holds an MSc in aerospace engineering and an MBA with honours from INSEAD. Member of the firm’s Center for Digital Government.",Public Sector Strategy and Labor Market Policy Advisory,"Practical advisory for government agencies, statutory boards, and public institutions in Singapore and Southeast Asia looking to design, implement, or optimise labour market policies and workforce development programmes. Services include defining national labour strategies, establishing end-to-end policy management frameworks, and designing vocational training programmes for school-to-work transitions. Familiar with public sector organisational excellence and digital government initiatives. Particular experience with employment services and labour market data systems.","20 years in public sector strategy and labour market policy, including as a Managing Director & Partner in the firm’s Public Sector practice. Developed a national labour market strategy and led end-to-end implementation of labour market policies for a GCC Ministry. Established principles for advanced vocational training programmes with a Middle East entity focused on school-to-work transitions. Prior to joining the firm, worked for a national public sector entity responsible for data and statistics.",PROVIDER,Public Sector,,industry_v1,2026-10-01T22:12:27,17.39,Descriptive,Implied,none,none
bcg.com__about_people_experts_christoph-gauger.md,qwen3.8:27b,Former Managing Director & Automotive IT Strategy Leader,"I am a former Managing Director at a global management consultancy, specialising in automotive digital transformation and IT strategy. With a Dr.-Ing. in electrical engineering and information technology, a Dipl.-Ing. in electrical engineering, and an MSc in computer science, I have led global programmes for OEMs and mobility providers since 2006. I deliver sustainable bottom-line effects by digitising the automotive value chain, leveraging advanced analytics, and implementing agile working modes. My work drives organisational change across procurement, operations, and corporate functions, ensuring scalable, customer-centric digital strategies that modernise business models and enhance operational efficiency across the industry.",Automotive Digital Transformation Advisory,"Practical advisory for automotive OEMs, parts suppliers, and mobility service providers seeking to modernise operations. Services include defining digital ecosystems, transforming finance and procurement functions, integrating advanced analytics and AI, and implementing agile working modes. Familiar with digitizing the automotive value chain from planning to shelf. Particular experience with IT-led business innovation and customer-centric digital strategies. Does not include vehicle engineering or hardware manufacturing development.","20 years in automotive digital transformation and IT strategy, including a role as Managing Director at a global management consultancy. Defined the digital ecosystem for an automotive OEM and drove customer-centric digital transformation for a leading mobility player. Built and led a university research group prior to consultancy. Holds Dr.-Ing. and MSc qualifications.",PROVIDER,Manufacturing,Technology & Software,industry_v1,2026-10-01T22:12:35,15.39,Authority,Implied,none,stated
bcg.com__about_people_experts_brian-hirshman.md,qwen3-vl:32b,Former Global Aerospace and Defense Strategy Leader & Industry Authority,"With over 30 years in aerospace and defense operations and strategy, I held executive roles at three major airlines and led global strategy initiatives at a top consultancy. I specialise in MRO, fleet strategy, cost reduction, and post-merger integration. As a licensed Airframe & Powerplant Technician, I advise OEMs, airlines, MROs, and private equity on operational improvements and value creation, combining technical depth with strategic insight to drive measurable outcomes.",Aerospace and Defense Operational Transformation Advisory,"Practical advisory for aviation operators, MRO providers, and defence contractors seeking to improve operations and reduce costs. Services include fleet strategy and campaign planning, direct and indirect sourcing optimisation, large-scale aircraft maintenance transformation, post-merger integration, and shop floor efficiency improvements. Familiar with MRO best practices and regulatory compliance frameworks. Particular experience with cost reduction and operational performance enhancements.","30 years in aerospace and defense operations and strategy, including executive operating roles at three major airlines. Led department-wide transformations resulting in significant cost reduction, regulatory compliance, and operational performance improvements. Global lead for aerospace and defense at a global strategy consultancy, advising OEMs, airlines, MROs, and private equity on transformative strategy and operations improvement. Licensed Airframe & Powerplant Technician.",PROVIDER,OTHER,,industry_v1,2026-10-01T22:12:29,21.8,Authority,Implied,none,none
bcg.com__about_people_experts_chrissy-obrien.md,qwen3-vl:32b,Former Managing Director & Senior Partner in Operations and Supply Chain Strategy,"19 years in operations and supply chain strategy, including roles at a global strategy consultancy and prior experience as an account executive at a professional services firm. Specialises in supply chain redesign, post-merger integration, and sustainable operations for pharmaceutical and healthcare clients. Has led transformations in manufacturing networks, sourcing strategies, and strategic planning processes. Holds an MBA from Tuck School of Business and a BA from Bryn Mawr College.",Supply Chain and Operations Transformation Advisory,"Practical advisory for pharmaceutical manufacturers, healthcare providers, and mid-sized life sciences businesses looking to optimise operations and supply chains. Services include redesigning global supply chain organisations, leading post-merger integration of logistics functions, and developing long-term manufacturing network strategies. Familiar with sustainable supply chain frameworks and decarbonisation initiatives. Not focused on financial modelling or capital raising for acquisitions.","19 years in operations and supply chain strategy, including managing director and senior partner roles at a global strategy consultancy. Led post-merger integration of supply chain and logistics functions for multiple clients, redesigned global supply chain organisations, and developed long-term manufacturing network strategies for pharmaceutical manufacturers. Advised on sustainable supply chain initiatives and divestiture evaluations. Holds an MBA from Tuck School of Business.",PROVIDER,Healthcare,,industry_v1,2026-10-01T22:12:37,18.8,Authority,Implied,none,stated
alvarezandmarsal.com__content_alumni-spotlight-maneesha-khandelwal.md,qwen3-vl:32b,Operations leader specialising in performance improvement and transformation for SMEs and mid-sized businesses,"15 years in management consulting and operations leadership, including as a Director in a global strategy consultancy’s private equity performance improvement practice from 2008 to 2014. Specialised in corporate performance improvement, due diligence, and operational transformation across diverse industries and company sizes. Transitioned to industry as Chief Operating Officer of a premium wine producer, focusing on operational excellence and team leadership. No certifications or registrations mentioned in the source.",Operational Transformation and Leadership Advisory,"Practical advisory for SMEs and mid-sized businesses in food and beverage, manufacturing, or service industries looking to improve operations and team performance. Services include diagnosing operational bottlenecks, redesigning workflows for efficiency, implementing performance improvement frameworks, and advising on leadership and change management. Familiar with performance improvement methodologies and cross-industry operational challenges. Scope: one-on-one advisory engagement for a single business.","15 years in management consulting and operations leadership, including as a Director in a global strategy consultancy’s private equity performance improvement practice from 2008 to 2014. Delivered performance improvement projects involving due diligence and operational transformation across various industries and company sizes. Transitioned to industry as Chief Operating Officer of a premium wine producer, driving operational efficiency and building team trust through aligned leadership.",PROVIDER,Food & Beverage,Professional Services,industry_v1,2026-10-01T22:12:38,18.66,Descriptive,Implied,none,none
brookesbell.com__about-us_the-team_alan-smaridge.md,qwen3.6:35b,Senior Marine Chemistry Consultant and Chartered Chemist,"With over four decades as a Chartered Chemist and expert witness, I specialise in complex marine commodity disputes. My background includes senior independent surveying roles at refineries and storage installations globally. I provide rigorous technical testimony for High Court proceedings and arbitrations concerning crude oil, petroleum products, and chemicals. I bring deep expertise in joint analysis investigations and dispute resolution, ensuring precise technical evidence for high-stakes claims.",Marine Commodity Dispute Advisory,"Expert advisory services for logistics firms, shipowners, and traders managing claims over petroleum, chemical, and vegetable oil cargoes. Services include detailed cargo quality dispute investigations, field surveys aboard tankers and at shore installations, and preparation of technical evidence for arbitration or litigation. Particular experience with bunker fuel chemistry and Institute of Petroleum standards.","40+ years in marine chemistry and surveying, including senior roles at a global oil inspection firm and an independent consultancy. Delivered numerous expert reports for High Court proceedings and served on Institute of Petroleum technical panels for fuel testing standards. Chartered Chemist.",PROVIDER,Marine & Offshore,Energy & Resources,industry_v1,2026-10-01T22:12:53,6.67,Authority,Implied,none,none
alvarezandmarsal.com__our-people_zack-shah.md,qwen3.8:27b,Education Sector M&A Advisor specialising in buy-side assessments and carve-outs for Singapore clients,"I specialise in education sector transactions, focusing on buy-side assessments, merger evaluations, and carve-outs for higher education institutions and workforce platforms. With a background in chemical engineering, public administration, and accounting, I bring a rigorous analytical lens to deal strategy. I hold Series 7, 24, and 63 licenses, enabling me to provide strategic and operational advice that drives long-term value for private equity and corporate clients.",Education Sector Transaction Advisory and Operational Improvement,"Advisory for education institutions, edtech firms, and private equity sponsors. Services include buy-side due diligence, merger assessments, carve-out planning, and operational performance improvement. Familiar with early education, K-12, post-secondary, and corporate training sectors. Particular experience with capital markets transactions and value proposition development. Not focused on legal drafting or regulatory compliance filings.","100+ capital markets transactions across early education, K-12, and post-secondary sectors. Previously served as Head of Corporate Development and M&A at a publicly traded workforce solutions platform. Co-founded the education practice at a global investment bank. Holds Series 7, 24, and 63 licenses.",PROVIDER,Education,,industry_v1,2026-10-01T22:12:51,16.66,Descriptive,Implied,none,stated
deloitte.com__us_en_about_people_profiles-famuratovic-bc05684b-html.md,qwen3-vl:32b,Principal in AI and Engineering Strategy,"Over 15 years of experience in AI, data, and engineering strategy, with leadership roles at a global strategy consultancy. Served as the US AI and engineering strategy and services leader, overseeing go-to-market strategy and global software engineering services. Also held the role of Global leader for integrated software engineering services. No professional certifications or registrations mentioned in the source.",AI and Engineering Strategy Advisory,"Practical advisory for technology-driven businesses and startups seeking to implement AI, data, and engineering solutions. Services include go-to-market strategy development, integrated software engineering service design, and global product development planning. Familiar with global AI and engineering service delivery frameworks. Scope: advisory for one client’s AI and engineering transformation.","15 years in AI and engineering strategy, including leadership as the US AI and engineering strategy and services leader at a global strategy consultancy. Oversaw go-to-market activation for AI, data, and engineering services. Also served as the Global leader for integrated software engineering services, managing product development capabilities across regions.",PROVIDER,Technology & Software,,industry_v1,2026-10-01T22:13:20,12.94,Descriptive,Implied,none,none
deloitte.com__us_en_about_people_profiles-dbuelow-1196c6c5-html.md,qwen3.8:27b,Global Location Strategy Specialist for Corporate Footprint Optimisation,"I bring over 20 years of experience to global location strategy and corporate footprint optimization. My work focuses on guiding major corporations in deploying talent, facilities, and equipment across international markets. I have advised hundreds of large enterprises on real estate and economic development trends. As a frequent speaker and author on location strategy, I provide strategic oversight for complex global operations and site selection decisions, helping leaders navigate the intricacies of international business presence with precision and clarity.",Global Footprint and Location Strategy Advisory,"Strategic advisory for multinational companies and large regional players optimising their physical footprint. Services include assessing optimal locations for new facilities, reviewing talent deployment strategies across geographies, and analysing real estate and equipment allocation. Experienced in navigating complex international site selection, helping businesses align their physical presence with global market strategies and operational efficiency goals.","20 years in global location strategy and corporate real estate. Acted as principal and leader of global location strategy at a global strategy consultancy. Guided hundreds of major corporations in deploying talent, facilities, and equipment worldwide. Contributed to footprint optimization and economic development trends as a frequent speaker and author.",PROVIDER,Professional Services,,industry_v1,2026-10-01T22:13:19,15.67,Descriptive,Implied,none,none
deloitte.com__us_en_about_people_profiles-ajay-radhakrishnan-f203b62b-html.md,qwen3-vl:32b,Insurance Transformation Leader,"Over 15 years in insurance transformation, including leading digital, product, and operational change for P&C carriers. Has led policy, claims, and billing programs for major insurers, driving large-scale transformations through core systems upgrades and digital innovation. Specialises in leveraging modern cloud platforms and digital ecosystems to simplify operations and enable growth. No certifications mentioned in source.",Insurance Digital Transformation Advisory,"Practical advisory for mid-sized and large P&C insurers seeking to modernise operations and products. Services include designing digital platforms for policy and claims, transforming core systems, and simplifying operations using cloud architectures. Familiar with modern digital ecosystems and alliances. Helps clients improve product delivery and distribution outcomes through technology integration.","15 years in insurance transformation, including leading digital, product, and operational change for P&C carriers. Led policy, claims, and billing programs for major insurers, driving large-scale transformations through core systems upgrades and digital innovation. Delivered simplified operations and growth through modern cloud platforms and digital ecosystems.",PROVIDER,Financial Services,,industry_v1,2026-10-01T22:13:22,12.98,Descriptive,Implied,none,none
bcg.com__about_people_experts_benjamin-vannier.md,qwen3.8:27b,Strategic Energy Growth & M&A Expertise,"Help energy leaders navigate complex deals and structural change. I specialise in corporate development, M&A execution, and digital transformation for utilities and power generators. My approach combines deep sector insight with rigorous operational analysis to secure tangible value. Whether you are pursuing new assets, restructuring existing operations, or modernising technology stacks, I deliver clear, actionable pathways to sustainable growth. I bring a blend of strategic vision and engineering precision, ensuring every initiative is grounded in practical reality and measurable outcomes.",Energy Strategy and M&A Advisory,"Strategic advisory for energy companies, power generators, and utilities seeking growth or restructuring. Services include corporate development strategy, M&A due diligence and execution, post-merger integration, and performance improvement programmes. Familiar with nuclear and renewable energy asset strategies, digital transformation, and capital allocation frameworks for regulated and unregulated energy market participants.","15 years in energy consulting and corporate development, including senior partner roles at a global strategy consultancy. Led end-to-end M&A and post-merger integration for a large electric utility. Directed a digital transformation and performance improvement programme for a large power generator covering thermal, nuclear, and renewables. Holds an MBA from a top business school and engineering degrees.",PROVIDER,Energy & Resources,,industry_v1,2026-10-01T22:13:23,15.99,Value Prop,Implied,none,none
bcg.com__about_people_experts_aaron-wilson.md,qwen3.6:35b,Retail Strategy and M&A Advisor,"I bring over a decade of expertise in retail strategy and mergers, leveraging senior leadership experience from a global strategy consultancy alongside a background in investment banking and private equity. My focus is on consumer transformation, omnichannel strategy, and merchandise analytics. I help organisations navigate operational complexity by providing clear, actionable advice tailored to their specific growth challenges and structural needs.",Retail Strategy and Merger Advisory,"Practical advisory for SMEs and retail businesses looking to optimise operations and plan growth. Services include retail format strategy, omnichannel integration planning, merchandise analytics review, and M&A preparation. Familiar with global sourcing and store operational standards. Not focused on daily store staffing or inventory management.","Over 10 years in retail strategy and mergers, including managing director roles at a global strategy consultancy. Led transformation initiatives for North America's largest retail team. Prior experience in investment banking and private equity. Does not include legal or accounting services.",PROVIDER,Retail & Consumer,,industry_v1,2026-10-01T22:13:32,8.11,Descriptive,Implied,none,stated
bcg.com__about_people_experts_christian-schwaerzler.md,qwen3.6:35b,Senior Strategy Partner specialising in socioeconomic development and industrial policy for Singapore clients,"I am a senior strategy partner with over 17 years of experience in socioeconomic development and industrial policy. I served as a global practice leader at a top-tier international consulting firm, advising public and private sector clients. I am an expert in economic policy, investment attraction, human capital strategy, and AI impact on economies.",Socioeconomic Strategy & Industrial Policy Advisory,"Strategic advisory for Singapore-based family businesses, SMEs, and government-linked entities looking to navigate economic resilience and investment attraction. Services include developing industrial policy frameworks, diversifying investment portfolios, designing human capital strategies, and assessing AI readiness. Particular experience with economic resilience and global mobility trends. Not focused on operational implementation or general management consulting.",17 years in strategic advisory specialising in socioeconomic development and industrial policy. Served as Chairman of a public economics centre and global leader in a major consulting firm's economic advantage practice. Led thinking on AI's impact on economies and advised clients on investment attraction and diversification.,PROVIDER,Public Sector,,industry_v1,2026-10-01T22:13:33,8.81,Descriptive,Implied,none,stated
bcg.com__about_people_experts_santiago-ferrer.md,qwen3.6:35b,"Strategic Advisory Leader in M&A, Real Estate, and Infrastructure","With over 15 years of experience in corporate strategy and business transformation, I provide expert guidance on mergers, acquisitions, and operational restructuring. Previously, I led initiatives for real estate, infrastructure, and public sector clients across Asia and North America at a global professional services firm. I hold an MBA from Yale School of Management and specialize in organizational redesign to drive long-term value creation. My background includes international economic development work, allowing me to deliver practical, high-impact strategies tailored to complex market dynamics and stakeholder needs.",M&A Due Diligence and Strategic Transformation Advisory,"Practical strategic and operational advisory for Singapore-based businesses and property developers navigating growth, mergers, or restructuring. Services include commercial due diligence, post-merger integration planning, customer journey redesign, and corporate strategy formulation. Particular experience with real estate asset optimization, infrastructure value creation, and public sector digital transformation aligned with PDPA and MAS governance standards.","16 years in management consulting and strategic advisory, serving as Managing Director and global practice leader at a major strategy consultancy. Guided major M&A transactions and organizational transformations for real estate and infrastructure clients across the Asia-Pacific region. Contributed to economic development programs with international bodies. Holds an MBA from Yale School of Management.",PROVIDER,Construction & Real Estate,,industry_v1,2026-10-01T22:13:38,9.52,Descriptive,Implied,none,none
bcg.com__about_people_experts_camille-egloff.md,qwen3-vl:32b,Former Managing Director & Global Strategy Leader in Transportation and Logistics Transformation,"With 28 years in transportation and logistics, I served as Managing Director and Senior Partner at a global strategy consultancy, advising shipping, postal, and digital logistics clients on transformation, digital innovation, and sustainability. I specialise in shipping operations, energy management, and family business governance, and have published extensively on green shipping, decarbonisation, and urban mobility. I hold an MBA from HEC Paris School of Management.",Transformation and Digital Strategy for Logistics and Shipping Businesses,"Practical advisory for shipping lines, logistics providers, and transport operators looking to modernise operations and adopt digital solutions. Services include designing digital transformation roadmaps, implementing advanced analytics for efficiency, advising on decarbonisation strategies, and optimising supply chain resilience. Familiar with IMO 2020 regulations and global shipping sustainability standards. Works with SMEs and mid-sized transport businesses across Southeast Asia and the APAC region.","28 years in transportation and logistics, including as Managing Director and Senior Partner at a global strategy consultancy. Advised shipping clients across geographies and vessel segments on large-scale transformation programmes. Pioneered advanced analytics in shipping and led the firm’s Center for Digital in Transportation. Published thought leadership on green shipping, decarbonisation, and urban mobility. Holds an MBA from HEC Paris School of Management.",PROVIDER,OTHER,,industry_v1,2026-10-01T22:13:35,18.78,Authority,Implied,none,none
bcg.com__about_people_experts_daniel-kuepper.md,qwen3.8:27b,Former Head of Operations Practice & Industry 4.0 Strategy Leader,"I am a manufacturing strategy expert with over two decades of experience in lean operations and innovation. Previously, I led the operations practice for a regional market at a global strategy consultancy and headed a central European innovation center. I hold a PhD in electrical engineering and business administration. My focus is optimizing manufacturing networks, resolving make-or-buy decisions, and implementing Industry 4.0 technologies, including advanced robotics and AI-driven process improvements, to deliver tangible value for industrial clients.",Manufacturing Strategy and Lean Operations Advisory,"Strategic guidance for manufacturing firms and industrial SMEs seeking to optimize production efficiency and competitive positioning. Services include designing lean production systems, evaluating make-or-buy decisions, optimizing manufacturing network footprints, and implementing Industry 4.0 technologies such as robotics and AI. Familiar with cost reduction frameworks, asset utilization strategies, and advanced process engineering for direct and indirect manufacturing environments to drive continuous improvement and value creation.","I spent 22 years in operations consulting, specialising in lean manufacturing and innovation. I led the operations practice for a regional market at a global strategy consultancy and headed a central European innovation center. I defined manufacturing strategies for multiple clients, optimising network design and make-or-buy decisions while implementing lean systems and Industry 4.0 technologies.",PROVIDER,Manufacturing,,industry_v1,2026-10-01T22:13:39,15.53,Authority,Direct First-Person,none,none
bcg.com__about_people_experts_daniel-gorlin.md,qwen3-vl:32b,Global Health Care Services Strategy Leader,"Over 20 years in health care services strategy, focusing on growth, operational transformation, and regulatory policy. Held senior leadership roles in a global strategy consultancy, including global sector leadership for health care services and managing payer and provider transformation initiatives. Previously worked in health care investment analysis and pharmaceutical regulatory affairs. No professional certifications or registrations stated.",Health Care Strategy and Transformation Advisory,"Practical advisory for health care providers and payers, including health insurers, clinics, and medical service organisations, looking to grow market share, improve operational efficiency, and adapt to regulatory changes. Services include designing market and go-to-market strategies, transforming clinical and digital capabilities, and navigating regulatory policy shifts. Familiar with US health care regulations and pricing transparency requirements; experienced in government insurance programmes. Scope limit: none.","20 years in health care services strategy, including global sector leadership at a global strategy consultancy. Led the firm’s payer and provider transformation initiatives, focusing on growth and operational efficiency. Advised clients on market strategies, digital transformation, and regulatory compliance, particularly in government insurance programmes. Prior experience in health care investment analysis and pharmaceutical regulatory affairs.",PROVIDER,Healthcare,,industry_v1,2026-10-01T22:13:40,18.23,Descriptive,Implied,none,none
grantthornton.com__content_grantthornton_language-masters_en_insights_press-releases_2026_september_university-of-central-florida-honors-ri.md,qwen3.6:35b,35-Year Audit Authority: Patent-Holding CPA for Fraud Detection & Financial Integrity,"I am a managing director with over 35 years of experience in audit and assurance services, specialising in general ledger analytics, journal entry testing, and fraud detection. Formerly led an independent advisory firm for more than 12 years. I am a recognised authority in accounting technology, holding a patent for journal entry analysis tools, author of over 20 books, and a frequent conference speaker. I hold a degree in public accounting and maintain active professional registration as a certified public accountant.",Advanced Audit Analytics and Fraud Detection Advisory,"Practical advisory for SMEs, family businesses, and audit committees seeking to enhance financial reporting accuracy and fraud detection. Services include designing journal entry testing workflows, implementing general ledger data lake strategies, and applying atomic-level inspection of transaction debits and credits. Particular experience with SAS 99 standards and modern data analytics techniques to uncover anomalies and mitigate risk.","More than 35 years in audit and assurance, including managing director at a major global professional services firm and principal of an independent advisory firm. Received a patent for innovative journal entry technology and contributed to the American Institute of Certified Public Accountants' fraud task force to define technology standards. Certified public accountant and author of over 20 books.",PROVIDER,Education,Professional Services,industry_v1,2026-10-01T22:13:53,8.73,Value Prop,Implied,none,none
alvarezandmarsal.com__content_alumni-spotlight-twila-day.md,qwen3-vl:32b,Former CIO and Managing Director in Corporate Performance Improvement,"Over 40 years of experience in information technology leadership and corporate performance improvement. Held senior roles including Senior Vice President, Information Technology and Chief Information Officer at a large food distribution company, and Managing Director in a global management consulting firm’s corporate performance improvement practice. Experienced in driving digital transformation, IT strategy, and operational excellence across industries. No specific certifications or registrations mentioned in the source.",IT Strategy and Digital Transformation Advisory,"Practical advisory for SMEs and mid-sized businesses in food distribution, retail, and service sectors looking to modernise IT operations and improve digital performance. Services include IT strategy development, digital transformation planning, ERP system implementation support, and organisational change management. Familiar with enterprise systems and performance improvement methodologies. Not focused on day-to-day IT operations or technical support.","40 years in information technology leadership and corporate performance improvement, including Senior Vice President, Information Technology and Chief Information Officer at a large food distribution company. Served as Managing Director in a global management consulting firm’s corporate performance improvement practice from 2013 to 2018. Led IT strategy and digital transformation initiatives, including ERP implementations, and advised clients on operational excellence. Contributed to client CIO succession planning and long-term relationship building post-project delivery.",PROVIDER,Food & Beverage,,industry_v1,2026-10-01T22:13:42,23.87,Authority,Implied,none,stated
brookesbell.com__about-us_the-team_alistair-roaf.md,qwen3.6:35b,Chartered Master Mariner and Maritime Consultant,"Chartered Master Mariner with over 20 years of maritime experience, including 18 years at sea as a Master on large tankers. Specialising in maritime consultancy, expert reporting, and dispute resolution for global energy and shipping clients. I hold a BSc in Maritime Studies and an MBA.",Maritime Expert Witness and Technical Advisory,"Practical expert witness and technical advice for shipping companies, insurers, and law firms dealing with marine disputes and insurance claims. Services include investigation of cargo damage and loss, analysis of vessel collisions and groundings, assessment of crew actions during incidents, and performance dispute analysis. Familiar with ECDIS playback, VDR analysis, and ISM code assessments. Not focused on vessel construction or engineering design.","Over 20 years in maritime operations and consultancy, including 18 years at sea as Master on crude and product tankers. Served as Marine Vetting Specialist for a major oil company, reviewing over 5,000 tankers. Provided expert evidence in UK, US, and Canadian legal proceedings for cargo damage, collisions, and safety incidents. Chartered Master Mariner (CMMar) and Associate Fellow of The Nautical Institute.",PROVIDER,Marine & Offshore,,industry_v1,2026-10-01T22:13:57,14.35,Descriptive,Implied,none,stated
deloitte.com__us_en_about_people_profiles-alex-lakhanpal-559f0e45-html.md,qwen3.6:35b,Audit & Assurance Partner specialising in banking risk and valuation,"I bring 16 years of experience in banking audit and risk advisory, having served as a Partner at a global professional services firm. I specialise in leading valuation audits for major banks and advising on credit, market, and model risk management. My work focuses on strengthening financial governance for Singapore-based banks, broker-dealers, and fintechs. I hold both CFA and CPA qualifications, ensuring rigorous adherence to MAS regulatory standards and SFRS(I) requirements.",Banking Audit and Risk Advisory,"Practical advisory for Singapore-based banks, broker-dealers, private equity funds, and fintech companies looking to strengthen financial governance. Services include valuation measurement audits, credit and market risk management reviews, model risk assessments, and internal control over financial reporting. Familiar with MAS regulatory standards and SFRS(I) accounting requirements.","16 years in banking audit and risk advisory, including Audit & Assurance Partner at a global professional services firm. Led valuation audits for major banks and advised on credit, market, and model risk management. Chartered Financial Analyst (CFA) and Certified Public Accountant (CPA).",PROVIDER,Financial Services,,industry_v1,2026-10-01T22:14:23,8.39,Descriptive,Implied,none,none
deloitte.com__us_en_about_people_profiles-derek-snaidauf-507f6040-html.md,qwen3.8:27b,"Consultant specialising in AI governance, operational excellence, and risk management for Singapore organisations","I bring over 25 years of experience in strategy, governance, and digital transformation. My work focuses on detecting and preventing significant risk events, including product safety issues, warranty waste, and supply chain disruptions. I advise global clients on AI governance and process improvement, leveraging deep knowledge of generative and agentic AI. Previously, I held senior leadership roles at major technology and audit firms, leading operational excellence and intelligent product solutions at a Singapore-based professional services firm.",AI Governance and Operational Risk Advisory,"Practical advisory for SMEs and mid-sized organisations seeking to implement AI safely or improve operational resilience. Services include AI risk assessment, governance framework design, process improvement for supply chain continuity, and asset failure prevention strategies. Familiar with generative AI, agentic AI, and regulatory compliance standards. Not focused on full-scale IT system implementation or software development.","25 years in management consulting and professional services, including senior leadership roles at a major technology firm and a global audit and consulting firm. Recognised leader in AI and operational excellence. Secured two association value and excellence awards and an analytics leadership award.",PROVIDER,Professional Services,,industry_v1,2026-10-01T22:14:18,16.73,Descriptive,Implied,none,stated
bcg.com__about_people_experts_alfonso-abella.md,qwen3.6:35b,AI & Customer Value Expert,"I bring 24 years of strategy and AI expertise, previously leading global teams at a top-tier consultancy. I specialise in Deep Customer Engagement AI and GenAI, helping clients in energy, telco, banking, and insurance sectors drive digital transformation. My focus is on improving lifetime value and redesigning operating models for large-scale customer service. I hold an MBA from INSEAD and an MSc from King's College London, offering practical, high-impact solutions for complex customer value challenges.",Customer Engagement AI Advisory,"Practical advisory for Singaporean SMEs and mid-sized businesses in energy, telco, banking, and insurance looking to boost customer lifetime value and reduce churn. Services include implementing AI-driven personalization strategies, redesigning end-to-end customer journeys, and deploying GenAI for proactive customer service operations. Particular experience with Hyper-personalized customer management frameworks and data-led retention models.","24 years in AI, strategy, and customer value management, including as a global leader in a top-tier management consultancy. Helped clients unlock up to 40% more lifetime value through Deep Customer Engagement AI across energy, telco, banking, and insurance sectors. Specialised in GenAI and digital transformations for customer service and sales.",PROVIDER,Cross-industry,,industry_v1,2026-10-01T22:14:24,10.88,Descriptive,Implied,none,none
deloitte.com__us_en_about_people_profiles-jekusters-bab070cd-html.md,qwen3-vl:32b,"Principal, Semiconductor Industry Leader","I have over 20 years of experience in market strategy, operational excellence, talent management, and technology solutions for the semiconductor sector. I served as the US semiconductor leader at a global strategy consultancy, advising chief executives on strategic transformation and market shifts. I am a thought leader in supply chain management, advocating for digital supply networks as a modern alternative to linear models. No certifications or registrations mentioned in the source.",Semiconductor Industry Strategy and Transformation Advisory,"Practical advisory for semiconductor and technology firms navigating market shifts and digital transformation. Services include market strategy development, operational excellence initiatives, talent management planning, and technology solutions implementation. Familiar with digital supply networks and enterprise planning frameworks. Not focused on product design or manufacturing engineering.","I spent over 20 years in semiconductor industry strategy and transformation, including my role as US semiconductor leader at a global strategy consultancy. I advised chief executives on strategic transformation and market shifts. I led initiatives in operational excellence and technology solutions for semiconductor companies. I advocated for digital supply networks as a shift from linear supply chains.",PROVIDER,Technology & Software,,industry_v1,2026-10-01T22:14:22,14.28,Descriptive,Direct First-Person,none,stated
bcg.com__about_people_experts_daniel-schlecht.md,qwen3.8:27b,Former Managing Director & Global Utilities Digital Leader,"I am a former Managing Director and Senior Partner with over two decades of experience driving digital transformation in the energy and oil and gas sectors. As a core member of the energy, technology, and strategy practices at a global professional services firm, I specialised in leading digital initiatives for utilities. My expertise covers big data implementation, advanced analytics, and the creation of new digital business models. I hold a doctorate in electrical engineering and served as the firm’s global leader for digital in utilities, guiding complex organisational changes and securing successful outcomes for diverse clients.",Utility Digital Transformation Advisory,"Advisory for energy and utility companies navigating digital change. Services include strategy for big data and analytics implementation, development of digital business models, and guidance on applications selection (best-of-breed vs. suite). Familiar with ERP transformation dynamics and the specific digital needs of power and utility companies. Does not include software development or IT infrastructure installation.","I spent over 20 years in the energy sector, including serving as Managing Director at a global professional services firm. I led multiple digital transformations for utilities and oil and gas companies, securing successful implementations. I served as the global leader for digital in utilities, delivering big data and analytics solutions. I hold a Dr.-Ing. in electrical engineering.",PROVIDER,Energy & Resources,,industry_v1,2026-10-01T22:14:24,15.39,Authority,Direct First-Person,none,stated
bcg.com__about_people_experts_suresh-subudhi.md,qwen3.6:35b,Senior Strategy Advisor specialising in global infrastructure and urban transformation,"I bring over two decades of experience leading global strategy for infrastructure, cities, and travel. As a former Managing Director and Senior Partner at a major global consultancy, I have advised more than 50 CEOs and boards across 17 countries on complex transformation, public-private partnerships, and sustainability. I hold an MBA from IIM Ahmedabad and a BE in Mechanical Engineering. My specialisation lies in strategic master planning, AI integration, and decarbonisation for large-scale urban and transport projects.",Infrastructure and Urban Strategy Advisory,"Practical advisory for SMEs and mid-sized developers looking to navigate urban planning and infrastructure investments. Services include feasibility studies for public-private partnerships, decarbonization strategies for transport or real estate assets, and AI-driven operational efficiency assessments. Particular experience with global urban mobility standards and sustainable city frameworks.","20 years in infrastructure strategy, including as a senior global partner at a major consultancy. Advised over 50 CEOs and boards across 17 countries on major urban and transport transformations. Co-led global initiatives on city livability and intelligent mobility. Holds an MBA from IIM Ahmedabad.",PROVIDER,Construction & Real Estate,,industry_v1,2026-10-01T22:14:39,8.97,Descriptive,Implied,none,none
bcg.com__about_people_experts_abhay-varma.md,qwen3.8:27b,Consumer Strategy and Supply Chain Transformation Specialist,"I bring two decades of experience in the consumer sector, specialising in customer-led reinvention, digital transformation, operating model redesign, and large-scale cost optimisation. My background includes P&L and commercial roles in the industry at a multinational consumer goods firm and a major retail group. I hold an MBA and a BSc, with prior experience leading retail operations across the Asia-Pacific region. I work with Singapore-based organisations to drive tangible operational improvements and strategic growth.",Consumer Business Transformation and Cost Optimisation Advisory,"Strategic advisory for Singapore-based retail, consumer goods, and FMCG businesses seeking to reinvent their customer experience or improve operational efficiency. Services include omnichannel and loyalty strategy development, pricing optimisation, supply chain and procurement cost reduction, and operating model redesign. Familiar with digital transformation, advanced analytics, and workforce management. Does not include legal drafting, financial audit, or IT system implementation management.","20 years in consumer strategy and operations, including roles in merchandising and strategy at a multinational consumer goods firm and a major retail group. Led the retail business for a Singapore-based global strategy consultancy across the Asia-Pacific region. Acted as Chief Transformation Officer for multiple clients. Holds an MBA with distinction and a BSc with distinction.",PROVIDER,Retail & Consumer,,industry_v1,2026-10-01T22:14:33,15.72,Descriptive,Implied,none,stated
bcg.com__about_people_experts_christopher-daniel.md,qwen3-vl:32b,Driving Government Transformation with Proven Strategy and Leadership,"I bring over 20 years of experience in public sector transformation, strategy, and organizational development. I have led public sector and people & organization practices in a global strategy consultancy, advising governments across the Middle East and beyond. My focus is on government restructuring, service delivery improvement, and large-scale transformation projects. I hold a PhD in finance and advanced degrees in economics and business, supporting deep expertise in public sector efficiency and change.",Public Sector Transformation Advisory,"Practical advisory for government agencies and public institutions seeking to improve service delivery and operational efficiency. Services include strategy development, organizational restructuring, budget optimization, ecosystem governance, and large-scale transformation project leadership. Familiar with AI-driven government modernization and digital service delivery. Experienced in cross-agency, multi-stakeholder initiatives.","20 years in public sector transformation and government advisory, including leadership roles in a global strategy consultancy. Led the Middle East Public Sector and People & Organization practices, advising governments on strategy, budgeting, service delivery, and efficiency improvement. Spearheaded large-scale transformation projects involving multiple stakeholders. Holds a PhD in finance and advanced degrees in economics and business.",PROVIDER,Public Sector,,industry_v1,2026-10-01T22:14:35,14.95,Value Prop,Implied,none,none
bcg.com__about_people_experts_diana-dimitrova.md,qwen3.6:35b,Strategy and Operations Leader in Aerospace and Sustainability,"I specialise in strategy and operations within aerospace, defense, and sustainability sectors. With over 15 years of experience, I help clients navigate complex industrial challenges and drive performance improvement. My expertise covers supply chain resilience, Scope 3 emissions reduction, and operating model transformation. I combine deep technical knowledge with practical advisory to deliver tangible results for mid-size suppliers and global institutions seeking operational excellence and regulatory compliance in Singapore.",Aerospace and Defense Strategy and Decarbonization Advisory,"Strategic advisory for mid-size aerospace suppliers, defense contractors, and logistics providers seeking operational excellence and regulatory compliance. Services include end-to-end transformation of operating models, design of future-ready industrial capabilities, and supply chain resilience planning. Includes practical decarbonization roadmaps targeting Scope 3 emissions. Familiar with sustainable aviation fuel standards and climate risk frameworks aligned with PDPA and local ESG reporting requirements.","Over 15 years as a strategy and operations consultant specializing in aerospace, defense, and climate. Led industrial strategy and supply chain resilience for defense prime contractors across the UK and Europe. Previously advised on investment banking, hedge fund strategies, and foreign direct investment legislation for government agencies and global financial firms.",PROVIDER,Manufacturing,Public Sector,industry_v1,2026-10-01T22:14:44,7.66,Descriptive,Implied,none,none
bcg.com__about_people_experts_cristina-lilly.md,qwen3.8:27b,Define Your Purpose. Drive Sustainable Growth and Impact.,"I help SMEs and mid-sized businesses align brand identity with organisational purpose. With over two decades in advertising and marketing, I specialise in purpose discovery and strategic roadmaps that drive tangible growth. I have worked across consumer goods, technology, fashion, and finance, guiding organisations through transformation. My background includes senior client-side roles at major luxury and industrial firms. I bring a blend of strategic insight and practical execution to help you define a purpose that resonates and performs.",Organizational Purpose and Brand Strategy Advisory,"Strategic advisory for SMEs and mid-sized businesses seeking to align brand identity with organisational purpose to drive growth. Services include purpose discovery workshops, strategic roadmap development, brand positioning, and change management support for transformations. Familiar with consumer goods, luxury, and technology sectors. Does not include creative design or media buying.","I spent over 20 years in advertising and marketing, serving as President and Managing Director at a global creative consultancy. I led purpose discovery engagements for a German auto manufacturer, an AI company, a luxury fashion brand, and a home solutions firm. I previously held senior marketing roles at a diamond trading company, a luxury fashion corporation, and a piano manufacturer.",PROVIDER,OTHER,,industry_v1,2026-10-01T22:14:36,16.25,Value Prop,Direct First-Person,none,stated
bcg.com__about_people_experts_ethan-dabbs.md,qwen3.8:27b,Former Big Four Director & Biopharma Commercialization Leader,"I am a biopharma strategy specialist with two decades of experience driving commercial success. As a former Director at a Big Four firm, I led high-stakes transformation projects for regional clients. My expertise covers over 20 disease categories, including oncology and rare disease. I specialise in navigating complex market access challenges and post-merger integrations. I hold an MBA in Healthcare Management, combining strategic vision with operational precision to deliver measurable results in the Southeast Asian healthcare landscape.",Biopharma Commercialization and Market Access Advisory,"Strategic guidance for biopharmaceutical companies and healthcare SMEs navigating commercial launch and market access. Services include product launch strategy, pricing and market access planning, commercial transformation roadmaps, and post-merger integration support. Experienced in applying data-driven insights to field force effectiveness and patient experience strategies across complex therapeutic areas.","I spent 20 years in biopharma strategy and operations, previously serving as a Director at a Big Four professional services firm. I led commercialization transformations, post-merger integrations, and market access strategies for clients across Southeast Asia. I hold an MBA in Healthcare Management.",PROVIDER,Healthcare,,industry_v1,2026-10-01T22:14:48,13.88,Authority,Direct First-Person,none,none
grantthornton.com__people_florida_fort-lauderdale_rhodes-alex.md,qwen3.8:27b,Confidence in Hospitality and Real Estate Financials,"I bring over 23 years of experience to your financial reporting, ensuring your hospitality and real estate assets are presented with clarity and precision. As a Certified Public Accountant, I lead complex audits for hotels, restaurants, and developers. My background includes guiding companies through IPOs and managing intricate business combinations. I design tailored procedures for accounting and internal controls, addressing the unique challenges of franchise models and property portfolios. Clients rely on my independent judgment and deep sector expertise to secure regulatory compliance and stakeholder trust.",Hospitality & Real Estate Audit Advisory,"Practical audit and advisory services for hospitality businesses, restaurant chains, and real estate investors in Singapore. Services include financial statement audits, integrated audits, development of specialised accounting procedures, and review of internal controls. Focus on industry-specific issues for hotels, franchises, and property developers. Familiar with Singapore Financial Reporting Standards (SFRS) and audit requirements for complex hospitality and real estate portfolios.","23 years as an audit partner specialising in hospitality and real estate sectors. Previously headed an industry practice at a Big Four firm, overseeing audit and advisory services. Delivered integrated audits and led IPO transactions as engagement partner. Certified Public Accountant and member of the AICPA.",PROVIDER,Food & Beverage,Construction & Real Estate,industry_v1,2026-10-01T22:14:49,16.08,Value Prop,Implied,none,none
grantthornton.com__people_new-york_nyc_romano-daniel.md,qwen3.8:27b,Former Tax Partner for Not-for-Profits & Higher Education Industry Leader,"Former tax partner with nearly three decades of experience serving Singapore-based not-for-profit organisations, including charities, universities, hospitals and foundations. Specialised in tax-exempt status compliance, unrelated business income tax, joint venture structuring and employment taxes. Delivered strategic advice on tax minimisation, contract structuring and governance reviews to ensure regulatory compliance. Member of the AICPA and local certified public accountants body, with a background in accounting and extensive engagement with prominent institutions in the sector. Now offering independent advisory to drive financial efficiency and compliance for exempt entities across Singapore.",Not-for-Profit Tax Advisory and Compliance,"Comprehensive tax support for Singapore charities, foundations, schools and healthcare non-profits. Services include unrelated business income tax analysis, joint venture structuring, employment tax compliance, and governance reviews for tax implications. Assists with contract review to ensure tax efficiency and regulatory adherence. Familiar with Singapore tax regulations applicable to exempt institutions and international best practices for not-for-profit financial management.","Nearly 30 years in tax consulting for not-for-profit organisations, including roles leading tax practices for charities and educational institutions. Delivered tax minimisation strategies and structured joint ventures to optimise compliance and financial outcomes. Member of the AICPA and local professional accountants' society.",PROVIDER,Education,Social Services & Non-profit,industry_v1,2026-10-01T22:14:52,16.27,Authority,Implied,none,none
brookesbell.com__about-us_the-team_amanda-smith.md,qwen3-vl:32b,Former Finance Director & Chartered Certified Accountant,"I bring over 25 years of experience in accounting and financial leadership, including 12 years as Audit Manager at a firm of Chartered Accountants and 13 years as Finance Director at a mid-sized business. I led acquisition and expansion, driving business growth. I hold FCCA, CTA, MAAT, MBA, and BSc (Hons) qualifications. I specialise in financial management, audit, and business growth, helping organisations scale and improve performance.",Financial Leadership and Business Growth Advisory,"Practical advisory for SMEs and mid-sized businesses in manufacturing, logistics, and professional services looking to scale operations and improve financial performance. Services include financial strategy development, acquisition integration, audit and compliance support, and cost efficiency improvement. Familiar with IFRS, UK GAAP, and local financial reporting standards. Not focused on day-to-day accounting or payroll processing.","25 years in accounting and financial leadership, including 12 years as Audit Manager at a firm of Chartered Accountants and 13 years as Finance Director at a mid-sized business. Led acquisition and expansion programme, contributing to business growth. Holds FCCA, CTA, MAAT, MBA, and BSc (Hons) qualifications.",PROVIDER,Marine & Offshore,,industry_v1,2026-10-01T22:14:58,18.17,Authority,Implied,double_connecting_word,stated
deloitte.com__us_en_about_people_profiles-amit-anand-c7b4df42-html.md,qwen3.6:35b,Technology Growth Leader,"I am a technology leader with over 25 years in financial services, specialising in digital strategy and core banking transformation. Previously a principal at a major global professional services firm, I assisted Fortune 500 banks and fintechs with large-scale innovation. My expertise spans open banking, fintech integration, and risk management. I guide C-suite executives through market disruption to achieve operational excellence and customer experience improvements.",Financial Services Digital Strategy Advisory,"Practical technology advisory for Singapore-based banks, insurance firms, and fintechs looking to modernise legacy systems and drive digital growth. Services include defining digital strategies, implementing core banking transformations, and developing open banking solutions. Familiar with risk management standards such as MAS guidelines on technology risk. Not focused on legal compliance drafting or regulatory representation.","I spent 25 years in financial services technology, including a principal role at a global professional services firm. I advised over 20 Fortune 500 banks and fintechs on digital strategy and transformation. I delivered expertise in banking platform modernization and open banking implementation.",PROVIDER,Financial Services,,industry_v1,2026-10-01T22:15:26,10.88,Descriptive,Direct First-Person,none,stated
deloitte.com__us_en_about_people_profiles-jkrikhaar-1452ba73-html.md,qwen3.8:27b,Former Head of M&A Integration & High-Tech Strategy Leader,"I am a technology and media industry leader with two decades of experience in mergers, acquisitions, and corporate strategy. I specialise in high-complexity M&A integration, divestitures, and joint ventures, focusing on synergy planning, Day 1 readiness, and post-merger optimization. Having served in corporate strategy and development roles within large high-tech organisations, I now advise executive teams on strategic transactions. I help leaders unlock value through rigorous synergy capture and streamlined post-merger optimization, ensuring deals deliver their intended strategic promise.",M&A Integration and Synergy Capture Advisory,"Practical advisory for mid-sized technology and media companies executing acquisitions, divestitures, or joint ventures. Services include synergy identification and planning, Day 1 operational readiness assessments, post-merger integration management, and strategy alignment reviews. Familiar with high-tech industry dynamics and complex organisational restructuring. Not focused on legal contract negotiation or regulatory compliance filings.","I spent 20 years in high-tech industry M&A and corporate strategy. I led integration practices for large technology clients, capturing synergies and securing Day 1 readiness. I advised executive teams on complex transactions and divestitures, optimizing post-deal value.",PROVIDER,Technology & Software,,industry_v1,2026-10-01T22:15:26,18.53,Authority,Direct First-Person,none,stated
bcg.com__about_people_experts_dean-muruven.md,qwen3-vl:32b,Former Global Policy Lead for Water & Climate Sustainability Strategist,"With over 15 years in climate change, sustainability, and water resource management, I’ve advised organisations on integrated water strategies and nature-based solutions. I’ve led policy development at a global environmental NGO and consulted for mining and private equity-backed groups. My work includes authoring publications on corporate water risk, biodiversity, and sustainable finance. I hold an MBA with honours, a Master’s in Social Innovation, and an MS in environmental science.",Sustainability and Water Risk Advisory,"Practical advisory for SMEs, family businesses, and organisations in manufacturing, agriculture, and resource-intensive sectors looking to manage climate and water-related risks. Services include water risk assessments, development of nature-based solutions, sustainability strategy design, and preparation for nature-related disclosures. Familiar with global sustainability frameworks and climate adaptation strategies. Not focused on financial reporting or ESG compliance auditing.","15 years in climate and sustainability strategy, including eight years as Global Policy Lead for Water at a global environmental NGO. Previously worked as an environmental consultant at a mining company and as a sustainability consultant at a private equity-backed mining group. Authored publications on corporate water risk, biodiversity credits, and nature-based solutions. Holds an MBA with honours, a Master’s in Social Innovation, and an MS in environmental science.",PROVIDER,Energy & Resources,,industry_v1,2026-10-01T22:15:27,20.67,Authority,Implied,none,stated
bcg.com__about_people_experts_allison-bailey.md,qwen3.8:27b,"Strategy consultant specialising in organisational design, transformation, and M&A advisory.","I advise CEOs on strategic direction, leadership team building, and operational turnarounds. My background spans nearly four decades in media, technology, healthcare, and financial services. I previously led senior roles at a global strategy consultancy, focusing on complex organisational challenges. I hold an MBA and advanced degrees, with specific expertise in digital education and workforce productivity. My approach combines practical advisory with deep sector knowledge to drive sustainable growth and effective change management for ambitious teams.",Executive Strategy and Organizational Transformation Advisory,"Practical advisory for SMEs, startups, and mid-sized organizations navigating complex growth, mergers, or operational stagnation. Services include strategic direction setting, leadership team assessment, post-merger integration planning, and workforce upskilling programmes. Familiar with digital transformation, AI adoption strategies, and change management frameworks suitable for competitive markets like Singapore.","38 years in strategy consulting and organizational leadership. Served as Vice Chair of the People & Organization practice at a global strategy consultancy, overseeing client engagements in media, tech, and healthcare. Previously worked in corporate finance and at an international development institution, focusing on privatization in Eastern Europe.",PROVIDER,Cross-industry,,industry_v1,2026-10-01T22:15:29,20.59,Descriptive,Implied,none,none
bcg.com__about_people_experts_abheek-singhi.md,qwen3.8:27b,Unlocking Consumer Growth with Data-Driven Transformation Strategies,"I help retail and consumer brands unlock hidden value through precise strategy. With deep expertise in healthcare, retail, and consumer products, I deliver actionable digital and AI roadmaps that drive real business outcomes. My approach combines market insight with rigorous analytics to secure sustainable growth. Having co-authored *The $10 Trillion Prize*, I bring a proven, industry-wide perspective to your challenges. Whether you are entering new Asian markets or scaling operations, I provide the strategic clarity needed to navigate complexity. I focus on practical, measurable results, ensuring your investment in transformation delivers tangible returns. Let us turn your market potential into profitable reality.",Consumer Retail Strategy and Digital Transformation Advisory,"Strategic guidance for retailers, consumer goods companies, and private equity investors seeking growth or operational improvement. Services include retail market entry and expansion planning, digital and AI transformation roadmaps, consumer trend analysis, and organisational change management. Familiar with the evolving landscape of Asian consumer retail, digital commerce, and the application of advanced analytics to unlock profitability in competitive markets.",Over 20 years in management consulting specialising in consumer products and business transformation. Previously led the Asia Pacific Consumer practice at a global strategy consultancy. Served as Chair of the Practices and Partner Committee for the India office. Co-authored the bestselling book *The $10 Trillion Prize* on retail economics.,PROVIDER,Retail & Consumer,Healthcare,industry_v1,2026-10-01T22:15:33,20.67,Value Prop,Implied,none,none
bcg.com__about_people_experts_claudia-newman-martin.md,qwen3-vl:32b,"Economic Development and Workforce Strategy Consultant specialising in public-private partnerships, talent pipelines, and recovery programmes","I have over 20 years of experience in economic development, workforce transformation, and impact investing. I have served as a managing director at a global strategy consultancy, co-founded a behavioural economics firm in Nairobi, and worked as an attorney in Australia. I specialise in designing talent pipelines, public-private partnerships, and economic recovery programmes. I hold a Master’s in Public Policy from Harvard University and an LLB from Australian National University.",Economic Development and Workforce Strategy Advisory,"Practical advisory for governments, foundations, and mid-sized organisations seeking to build talent pipelines and economic resilience. Services include designing workforce development programs, launching impact funds, restructuring talent strategies post-crisis, and creating public-private partnerships. Familiar with global economic development frameworks and impact investing models. Experienced in designing recovery programs for regional economies and aligning education with labour market needs.","I spent 20 years in economic development and workforce strategy, including as managing director at a global strategy consultancy. I co-founded a behavioural economics consulting firm in Nairobi, Kenya; worked as an attorney in Australia; and served as a clerk for the Chief Justice of New South Wales. I designed and launched an impact fund, helped a foundation pivot its portfolio post-COVID, and developed economic recovery programs for states. I advised on talent pipeline strategies for regional economies and public-private partnerships to address labour shortages.",PROVIDER,Public Sector,Social Services & Non-profit,industry_v1,2026-10-01T22:15:37,19.25,Descriptive,Direct First-Person,none,none
bcg.com__about_people_experts_daisuke-sohta.md,qwen3.8:27b,Independent Strategy Consultant specialising in aerospace and defense for industrial clients,"I provide strategy advisory for aerospace, defense, and machinery sectors across the Asia Pacific region. With over a decade of experience, I specialise in business transformation, corporate governance, and global business strategy. My background includes work with a Singapore-based multinational trading company and a global strategy consultancy. I focus on helping industrial clients achieve operational efficiency through targeted procurement reform. I hold an MBA from a US business school and a BA in law from a Japanese university.",Industrial Strategy and Business Transformation Advisory,"Strategic advisory for aerospace, defence, and heavy machinery firms seeking growth or operational efficiency in APAC markets. Services include go-to-market strategy for emerging regions, corporate governance reviews, business model redesign, and procurement process optimisation. Familiar with industrial supply chains and operational excellence frameworks for mid-to-large manufacturing and industrial goods organisations.","14 years in industrial goods strategy, including 12 years at a global strategy consultancy and prior role at a trading company. Led aerospace and defense work for the Asia Pacific region. Served as core member of the industrial goods and operations practices.",PROVIDER,OTHER,,industry_v1,2026-10-01T22:15:45,16.43,Descriptive,Implied,none,none
bcg.com__about_people_experts_doug-peck.md,qwen3.8:27b,Aerospace and Defense MRO Strategy Consultant specialising in supply chain and maintenance operations,"Strategy professional specialising in aerospace and defence operations for Singapore-based clients. Core member of the Industrial Goods practice with extensive experience in maintenance, repair, and overhaul (MRO), supply chain management, and digital transformation. Holds an MBA from a leading US business school and a BS in finance and economics. Expertise covers aviation line-level and depot transformations, engineering systems, and AI-driven maintenance optimisation for private sector and government clients across the region.",Aviation MRO and Supply Chain Transformation Advisory,"Advisory for aviation operators, MRO providers, and aerospace manufacturers seeking to optimise maintenance readiness and supply chain efficiency. Services include MRO programme optimisation, supply chain procurement strategy, digital and AI implementation for maintenance systems, and operational transformation workshops. Particular experience with defense aviation readiness challenges and industrial automation.","15 years in aerospace operations and supply chain strategy, including Managing Director role at a Singapore-based strategy consultancy. Previously served as a finance analyst at a global financial services firm. Launched a pro-bono consulting programme in 2015. Co-authored insights on AI-driven maintenance readiness improvements for defense aviation.",PROVIDER,Manufacturing,Public Sector,industry_v1,2026-10-01T22:15:50,11.98,Descriptive,Implied,none,none
deloitte.com__us_en_about_people_profiles-nathan-florio-d49dd60d-html.md,qwen3-vl:32b,Real Estate Advisory and Valuation Specialist,"I have over 20 years in real estate advisory and valuation, including as a principal and sector lead at a global strategy consultancy. I specialise in commercial and residential real estate valuation, mergers & acquisitions, lease advisory, and financial consulting. I have performed single- and multi-property valuations, development investment analyses, purchase price allocations, and lease administration services for clients including real estate investment trusts, private equity, and banks. No certifications mentioned in source.",Real Estate Advisory and Valuation Services,"Practical advisory for real estate investors, developers, and property managers in Singapore and across Southeast Asia. Services include real estate valuation, pre- and post-acquisition purchase price allocations, lease abstraction and CAM expense reconciliations, development investment analysis, and distressed asset advisory. Familiar with real estate financial advisory standards and valuation methodologies. Scope: advisory for individual projects or portfolios.","I spent 20 years in real estate advisory and valuation, including as a principal and sector lead at a global strategy consultancy. I delivered single- and multi-property valuations, mortgage debt portfolio valuations, development and due diligence investment analyses, pre- and post-acquisition allocations of purchase price, and lease advisory services. I advised real estate investment trusts, private equity firms, banks, and insurance companies on real estate transactions and asset management.",PROVIDER,Construction & Real Estate,,industry_v1,2026-10-01T22:15:48,19.1,Descriptive,Direct First-Person,none,none
bcg.com__about_people_experts_gian-carlo-walker.md,qwen3.8:27b,Former Managing Director: Biopharma Supply Chain & M&A Integration Expert,"I am a senior specialist focused on supply chain operations and transformation for biopharmaceutical and medical device companies. As a former core member of a leading global professional services firm’s health care practice, I specialise in digital supply chain, advanced analytics, and operating model design. My career has been defined by leading due diligence and post-merger integration engagements. I hold an MBA with honors and dual BA degrees in business administration and economics, providing a strong analytical foundation for complex transaction advisory and operational optimisation projects within the Singapore market.",Biopharma Supply Chain and Transaction Advisory,"Advisory for Singapore-based biopharmaceutical and medical device SMEs and mid-sized firms seeking to optimise operations or manage transactions. Services include supply chain planning transformation, operating model design, due diligence for acquisitions, and post-merger integration planning. Familiar with digital supply chain tools and advanced analytics for contract development and manufacturing organizations (CDMOs).","I worked in investment banking at a global financial institution before joining a professional services firm. I led due diligence and post-merger integration engagements for health care clients. I served as a core member of the Health Care practice, specialising in supply chain operations for biopharmaceutical and medical device companies.",PROVIDER,Healthcare,Technology & Software,industry_v1,2026-10-01T22:15:50,17.93,Authority,Direct First-Person,none,none
grantthornton.com__people_georgia_atlanta_rogers-jason.md,qwen3.8:27b,"Audit Partner specialising in consumer, industrial, and tech sectors","I am an audit partner with over 18 years of experience in financial accounting and advisory. I specialise in providing audit services to public and private clients across consumer, industrial, technology, food and beverage, manufacturing, and logistics sectors. My expertise covers SOX compliance, internal control assessment, and corrective action recommendations. I also offer assurance services for employee benefit plans and support mergers, acquisitions, and due diligence. I hold a CPA licence and am a member of professional accounting bodies.","Audit, Assurance and SOX Advisory Services","Tailored audit and assurance support for SMEs and mid-sized businesses in technology, food, beverage, manufacturing, and logistics. Services include statutory audit preparation, SOX 404 compliance assessments, internal control reviews, and due diligence for mergers or acquisitions. Familiar with Singapore Financial Reporting Standards (SFRS(I)) and local regulatory requirements for financial reporting and compliance.","I spent over 18 years as an audit partner specialising in consumer, industrial, and technology sectors. I led audit engagements for public and private clients in food, beverage, manufacturing, and logistics. I assessed SOX internal control effectiveness and recommended corrective actions for multiple clients. I am a CPA (Georgia) and AICPA member.",PROVIDER,Food & Beverage,Manufacturing,industry_v1,2026-10-01T22:15:54,15.23,Descriptive,Direct First-Person,none,none
grantthornton.com__people_new-york_nyc_unterman-matt.md,qwen3-vl:32b,Former Practice Leader in Not-for-Profit & Higher Education Advisory Services,"With over 20 years in advisory and business consulting, I’ve supported not-for-profit and higher education organisations in achieving strategic and operational excellence. I led teams at a global professional services firm, specialising in strategic planning, financial performance, IT strategy, and governance. Advised clients on business process reengineering, risk management, and technology transformation. Certified in project management and strategic consulting frameworks.",Strategic Advisory for Not-for-Profit and Higher Education Organisations,"Practical advisory for not-for-profit organisations and higher education institutions seeking operational and financial improvement. Services include strategic planning, business process reengineering, financial performance analysis, IT strategy development, and governance assessment. Familiar with enterprise risk management, internal audit, and project management office (PMO) services. Not focused on direct fundraising or grant writing.","20 years in advisory services for not-for-profit and higher education organisations, including practice leadership at a global professional services firm. Led strategic initiatives in operational improvement, financial modelling, and IT transformation for clients. Advised on business process reengineering, risk management, and governance frameworks. Member of the firm’s national leadership team for this sector.",PROVIDER,Education,Social Services & Non-profit,industry_v1,2026-10-01T22:16:02,18.02,Authority,Implied,none,stated
brookesbell.com__about-us_the-team_andrew-kingshott.md,qwen3.8:27b,Former Senior Consulting Marine Surveyor & Industry Expert,"I am a senior marine engineer and consulting surveyor who transitioned from Merchant Navy service to ashore loss adjusting. My expertise lies in investigating damage to deep-sea vessels and superyachts, alongside assessing repair reasonableness for marine claims. I hold a BEng(Hons), maintain MI MarEST membership, and possess a Class 2 Certificate of Competency (Unlimited). I provide impartial technical analysis to underwriters and vessel owners across Singapore and regional maritime sectors, ensuring accurate technical assessments for complex insurance disputes and risk evaluations.",Marine Claims Technical Advisory & Surveying,"Technical advisory for ship owners, managers, insurers, and marine contractors in Singapore. Services include investigating engine and machinery failures, assessing hull and cargo damage from collisions or groundings, reviewing repair invoices and account reasonableness, and conducting condition surveys. Familiar with dynamic positioning systems, LNG containment, and hybrid propulsion technologies. Supports hull and P&I interests in dispute resolution and risk evaluation.","Over 10 years in marine engineering and consulting surveying, including roles as a senior consulting surveyor at a global loss adjusting firm. Investigated main engine failures, stern tube bearing issues, and grounding damages for deep-sea vessels. Holds a Class 2 Certificate of Competency (Unlimited) and is a member of the Institute of Marine Engineering, Science and Technology.",PROVIDER,Marine & Offshore,,industry_v1,2026-10-01T22:16:03,19.23,Authority,Implied,none,none
opml.co.uk__people_marlies-morsink.md,qwen3-vl:32b,Deputy Programme Director in Early Childhood Development,"15 years in international development, specialising in early childhood development and education in low- and middle-income countries. Held role as Deputy Programme Director for a multi-country research programme on scaling early childhood development services. Co-author of 'Attributing Development Impact: The Qualitative Impact Protocol (2019)'. Holds a Master’s in Social Policy Research and an MBA from Wharton. Previously worked in international investment finance before transitioning to development work.",Early Childhood Development Programme Advisory,"Practical advisory for non-profits, government agencies, and development organisations working to scale early childhood development (ECD) services. Services include designing ECD service delivery models, conducting impact evaluations, and developing research-based policy recommendations. Familiar with qualitative impact assessment methods and evidence-based scaling frameworks. Works across Southeast Asia and other low- and middle-income regions.","15 years in international development, specialising in early childhood development and education in low- and middle-income countries. Served as Deputy Programme Director for a multi-country research programme supporting the scaling of ECD services, covering countries including Bangladesh, Ghana, Sierra Leone, and Tanzania. Co-authored 'Attributing Development Impact: The Qualitative Impact Protocol (2019)'. Holds a Master’s in Social Policy Research and an MBA from Wharton.",PROVIDER,Social Services & Non-profit,,industry_v1,2026-10-01T22:16:02,21.2,Descriptive,Implied,none,none
deloitte.com__us_en_about_people_profiles-erik-dilger-da5d56cd-html.md,qwen3.6:35b,M&A and Digital Transformation Leader with 25+ Years in Finance,"I am a seasoned professional with over 25 years in finance and accounting, specialising in end-to-end M&A, digital transformation, and forensic investigations. I served as a managing director at a global strategy consultancy, leading Generative AI initiatives and advising clients on knowledge management and audit. As a Certified Fraud Examiner (ACFE) and member of an advanced leadership development programme, I bring a background in accounting, analytics, and strategic interviewing. My expertise includes digitising M&A processes and implementing data-driven strategies for complex business problems.",M&A Digital Transformation and Forensic Advisory,"Practical advisory for Singaporean SMEs and family businesses navigating mergers, acquisitions, or complex financial disputes. Services include digitising M&A workflows, implementing robust knowledge management systems, and conducting forensic accounting or dispute advisory investigations. Particular experience with Generative AI applications in finance and tactical behavioural assessment for information elicitation during investigations. Familiar with PDPA and MAS guidelines on data integrity.","25 years in M&A and forensic accounting, including managing director at a global strategy consultancy. Led the firm's Generative AI strategy for the end-to-end M&A business and advised clients on digitising M&A processes, knowledge management, and forensic dispute accounting. Member of the Association of Certified Fraud Examiners.",PROVIDER,Professional Services,,industry_v1,2026-10-01T22:16:27,11.75,Descriptive,Implied,none,none
deloitte.com__us_en_about_people_profiles-jkusters-bab070cd-html.md,qwen3-vl:32b,"Principal, Semiconductor Industry Specialist","Over 20 years of experience in market strategy, operational excellence, talent management, and technology solutions for the semiconductor sector. Served as the US semiconductor leader at a global strategy consultancy, advising chief executives on navigating market shifts and driving digital transformation. Specialises in supply chain innovation, enterprise planning, and digital supply networks. Thought leader in supply chain management, advocating for digital transformation in semiconductor operations.",Semiconductor Industry Strategy and Operational Transformation Advisory,"Practical advisory for semiconductor and technology companies aiming to improve market positioning, supply chain resilience, and operational efficiency. Services include developing market entry and growth strategies, redesigning enterprise planning and digital supply networks, and advising on talent and technology solutions. Familiar with digital transformation frameworks and enterprise technology integration. Works with SMEs and mid-sized technology firms in the semiconductor and related tech sectors.","20 years in semiconductor industry strategy and operational transformation, including role as semiconductor leader at a global strategy consultancy. Advised chief executives on market shifts and digital transformation, focusing on supply chain innovation and enterprise planning. Championed transition from linear supply chains to digital supply networks, enhancing operational efficiency for technology clients. Thought leadership in supply chain management and digital transformation for semiconductor firms.",PROVIDER,Technology & Software,,industry_v1,2026-10-01T22:16:30,15.71,Descriptive,Implied,none,none
deloitte.com__us_en_about_people_profiles-amy-allen-f84de191-html.md,qwen3-vl:32b,Insurance Transformation Leader specialising in digital and operational modernisation for insurance clients,"Over 15 years advising insurance clients on digital and operational transformations. Specialise in helping executive teams achieve strategic goals through technology and process innovation. Worked within a global professional services firm, focusing on AI, cloud, data, and core technology modernisation. Certified in project management and technology transformation frameworks.",Insurance Digital Transformation Advisory,"Practical advisory for insurance businesses and financial services SMEs looking to modernise operations and customer experience. Services include: strategic planning for digital transformation, redesigning core technology systems, implementing cloud and data solutions, and integrating AI for customer centricity. Familiar with SFRS(I) and regulatory compliance frameworks for financial services. Does not include legal drafting or claims processing automation.","15 years in insurance technology and digital transformation, including leadership role at a global professional services firm. Advised insurance clients on AI, cloud, data, and core technology modernisation to improve customer centricity and profitability. Led transformation projects spanning operating models and digital platforms. Certified in project management and technology transformation frameworks.",PROVIDER,Financial Services,,industry_v1,2026-10-01T22:16:32,14.59,Descriptive,Implied,none,stated
bcg.com__about_people_experts_amanda-luther.md,qwen3.6:35b,AI and Digital Transformation Lead,"Over 19 years leading AI and digital transformation at a global strategy consultancy. I specialise in agentic commerce, legacy modernisation, and AI strategy for consumer, retail, and restaurant sectors. As co-founder of the Singapore office, I have driven research and strategic initiatives. I focus on delivering practical, scalable solutions for businesses navigating complex digital landscapes.",AI Strategy and Digital Transformation Advisory,"Practical advisory for Singapore SMEs in consumer products, retail and F&B looking to scale AI. Services include AI strategy roadmaps, agentic commerce implementation, legacy systems modernisation, and AI-driven operational model rollouts. Familiar with transforming consumer-facing operations.","19 years in AI and digital transformation, leading global practice at a Big Four professional services firm. Co-founded the Singapore office and helped numerous clients in consumer and retail sectors deploy AI-driven strategies.",PROVIDER,Cross-industry,,industry_v1,2026-10-01T22:16:33,14.06,Descriptive,Implied,none,none
bcg.com__about_people_experts_dima-pogorelsky.md,qwen3.8:27b,"Capital Project Management Specialist for Metals, Mining, and Infrastructure","I specialise in managing large capital projects across the metals, mining, and infrastructure sectors. Since 2012, I have worked within a global industrial goods practice, focusing on complex capex programmes. My expertise covers cost estimating, schedule management, risk assessment, and contracting strategy. I have delivered projects across Southeast Asia, the Middle East, and Europe, assisting with procurement, organisational design, and operational digitisation. I focus on value engineering and decarbonization to drive tangible results in complex capital expenditure initiatives.",Large Capital Project Management Advisory,"Advisory for mid-sized industrial and infrastructure firms undertaking major capex projects. Services include cost estimating, schedule optimisation, risk assessment, contracting strategy, and procurement model design. Familiar with value engineering methods and operational digitisation. Not focused on day-to-day operational logistics or routine HR administration.","14 years in capital project management and industrial operations, having joined the firm in 2012. Served as a core consultant in a global strategy consultancy’s industrial goods practice, supporting large capex projects in metals, mining, and infrastructure. Developed project management systems for cost and risk control across regional markets.",PROVIDER,Energy & Resources,Public Sector,industry_v1,2026-10-01T22:16:32,16.81,Descriptive,Implied,none,stated
bcg.com__about_people_experts_adriann-negreros.md,qwen3-vl:32b,"Former Head of Organization Strategy & Change Management, Global Strategy Consultancy","Over 15 years in organization strategy and change management, specialising in redesigning operating models, organizational design, and employee value propositions. Led initiatives for CEOs, operations leaders, and HR executives across consumer products, travel and tourism, and industrial goods sectors. Core leader in a global strategy consultancy’s People & Organization practice, contributing to intellectual property development and thought leadership. Holds an MBA and MA from Stanford, and a BA from Harvard College.",Change Management and Organizational Transformation Advisory,"Practical advisory for SMEs and mid-sized businesses in consumer products, industrial goods, and service sectors looking to redesign operations and manage workforce transitions. Services include organizational design, change management strategy, frontline employee engagement, and employee value proposition development. Familiar with science-based human-centric change frameworks and inclusive recruitment practices. Not focused on HR policy implementation or employee performance management.","15 years in organization strategy and change management, including core leadership in a global strategy consultancy’s People & Organization practice. Led organizational redesign projects for CEOs and operations leaders in consumer products, travel and tourism, and industrial goods sectors. Developed the firm’s intellectual property on frontline labor and authored the 'State of Frontline Labor' newsletter. Served as an Ambassador at the firm (BHI), pioneering a science-based framework for human-centric organizational change.",UNCERTAIN,Retail & Consumer,Cross-industry,industry_v1,2026-10-01T22:16:39,14.64,Authority,Implied,none,stated
bcg.com__about_people_experts_daniel-acosta.md,qwen3-vl:32b,Ex-Foreign Service Officer and Public Sector Strategy Lead,"Over 20 years of experience in public sector strategy, organisational transformation, and international development. Served as a Foreign Service Officer with the US Department of State, focusing on economics and development. Later led the firm’s US Public Sector practice, advising governments and organisations on infrastructure, digital transformation, and change management. Recognised with the Secretary's Superior Honor Award. Specialises in performance management, culture change, and resilience planning for public and private sector clients.",Public Sector Transformation and Resilience Advisory,"Practical advisory for government agencies, statutory boards, and public institutions in Singapore and across Southeast Asia looking to modernise operations and build resilience. Services include strategy development for digital government, performance management system design, change management planning, and crisis response preparedness. Familiar with public health data systems, infrastructure investment frameworks, and organisational culture change. Not focused on legal or regulatory compliance advisory.","20 years in public sector strategy and organisational transformation, including as a Foreign Service Officer with the US Department of State. Led the firm’s US Public Sector practice, advising governments on infrastructure, digital government, and workforce development. Advised on large-scale transformations including disaster recovery and public health data modernisation. Awarded the Secretary's Superior Honor Award.",PROVIDER,Public Sector,,industry_v1,2026-10-01T22:16:46,16.12,Descriptive,Implied,none,stated
bcg.com__about_people_experts_dan-sack.md,qwen3-vl:32b,AI and Digital Product Leader,"15 years in digital product development and AI strategy, including leadership roles at a global strategy consultancy. Specialises in building AI-driven digital products and end-to-end planning systems. Co-led generative AI and Plan AI initiatives, and led the firm’s Data Science Chapter. Holds an MBA from Stanford Graduate School of Business and a BE in mechanical engineering from Dartmouth College.",AI-Driven Digital Product Strategy and Implementation,"Practical advisory for SMEs and mid-sized businesses in retail, consumer goods, and digital services looking to build or enhance AI-powered digital products. Services include designing AI-driven workflows, integrating machine learning into planning systems, and establishing delivery excellence frameworks for technical teams. Familiar with responsible AI practices and end-to-end planning integration. Not focused on AI model training or data science research.","15 years in digital product development and AI strategy, including leadership roles at a global strategy consultancy. Co-led the firm’s generative AI and Plan AI efforts, integrating advanced analytics into end-to-end planning processes. Led the firm’s Data Science Chapter and helped build the Delivery Excellence (DevEx) program, which standardises technical governance and code quality across teams. Holds an MBA from Stanford Graduate School of Business.",PROVIDER,OTHER,,industry_v1,2026-10-01T22:16:47,15.77,Descriptive,Implied,none,stated
alvarezandmarsal.com__content_campus-spotlight-eduardo-tonaco.md,qwen3-vl:32b,Associate in Infrastructure Consulting,"5 years of experience in infrastructure consulting, including work as an associate in a global strategy consultancy’s infrastructure practice. Specialises in delivering hands-on, data-driven solutions with a focus on objectivity, problem-solving, and client impact. Early exposure to leadership and autonomy accelerated professional development. No professional registrations or certifications mentioned.",Infrastructure Strategy and Project Delivery Advisory,"Practical advisory for infrastructure and construction projects, including SMEs and mid-sized organisations in civil engineering and urban development. Services include project feasibility analysis, workflow optimisation, and data-driven decision support. Familiar with project delivery methodologies and client-centric problem-solving. Focuses on measurable outcomes and clear, actionable recommendations.","5 years in infrastructure consulting, including work as an associate in a global strategy consultancy’s infrastructure practice. Early responsibility and mentorship enabled leadership in workstreams, strengthening communication, problem-solving, and execution skills. Delivered client solutions grounded in data and analysis, contributing to measurable value and client impact. No professional registrations or certifications mentioned.",PROVIDER,Construction & Real Estate,,industry_v1,2026-10-01T22:16:48,15.25,Descriptive,Implied,none,none
bcg.com__about_people_experts_fabio-pan.md,qwen3.8:27b,Aerospace & Defense Strategy Consultant specialising in transformation and sales force effectiveness,"I am a strategy consultant specialising in aerospace and defense sectors. With a background in mechanical engineering and an MBA, I drive industrial transformation and go-to-market planning for clients across Europe, the Middle East, and Africa. My work focuses on military and civil programme strategy, sales force optimisation, and scaling production capacity. I also advise on automotive manufacturing processes and international cooperation frameworks. I help industrial firms refine market entry and optimise manufacturing operations to achieve tangible growth outcomes.",Aerospace & Defense Industrial Strategy Advisory,"Advisory for aerospace, defense, and industrial manufacturing firms seeking to scale production or refine market entry. Services include go-to-market strategy development, sales force effectiveness optimisation, industrial transformation roadmaps, and analysis of defence production capacity. Familiar with military and civil programme dynamics, international cooperation frameworks, and automotive manufacturing processes.","16 years in strategy consulting, including managing director roles leading aerospace and defense practices. Delivered projects in manufacturing transformation, channel strategy, and sales force effectiveness for industrial clients. Holds an MBA from a leading business school and a degree in mechanical engineering.",PROVIDER,Manufacturing,Public Sector,industry_v1,2026-10-01T22:16:49,18.19,Descriptive,Implied,none,none
bcg.com__about_people_experts_jad-bitar.md,qwen3.8:27b,Health Care Strategy and Transformation Consultant for Public and Private Sectors,"I am a health care consultant with over 20 years of experience in strategy and operational excellence. My career spans the Middle East, Europe, Africa, and North America, where I have advised both public and private entities. I specialise in organisational design, service line integration, and private-equity due diligence. Previously, I led a Middle East health care practice at a global strategy consultancy and served as a Managing Director in professional services. I hold a Master’s in health care administration and a graduate degree in health care management and finance. I also founded a nonprofit to support NGOs in capability building.",Health Care Strategy and Transformation Advisory,"Strategic advisory for health care providers, public health entities, and investors seeking to modernise operations or restructure services. Services include national or organisational strategy design, operating model transformation, service line integration, change management implementation, and private-equity due diligence support. Familiar with health care governance, population health outcomes, and value-based care models in emerging and established markets.",I spent over 20 years in health care strategy and transformation. I led the Middle East health care practice at a global strategy consultancy. I advised government agencies and private clients on operating model redesign and large-scale change initiatives. I founded a technology start-up in Silicon Valley prior to my consulting roles.,PROVIDER,Healthcare,,industry_v1,2026-10-01T22:16:53,15.56,Descriptive,Direct First-Person,none,none
kroll.com__en_our-experts_chris-richter.md,qwen3-vl:32b,Property Tax & Valuation Solutions for Businesses,"With over 25 years in property tax and real estate appraisals, I’ve helped businesses across sectors navigate compliance, valuations, and appeals. My expertise covers utilities, commercial real estate, and personal property, with a focus on practical, results-driven advice. I’ve led appeals, delivered expert testimony, and managed compliance centres, ensuring clients meet obligations while optimising outcomes. Certified as a senior property tax consultant and registered as a property tax agent in Singapore.",Property Tax Advisory and Valuation Services,"Practical advisory for SMEs and mid-sized businesses in the restaurant, food distribution, retail, and utility sectors on property tax compliance and valuation. Services include property tax analytics, valuation assessments, appeal representation, and expert testimony. Familiar with state and local property tax regulations across jurisdictions. Experienced in managing compliance centres and advising clients on complex specialty properties.","25 years in property tax and real estate appraisals, including as Vice President of the Energy & Transportation Group at a national tax consulting firm and Managing Director at a global valuation services firm. Has performed analytics, valuations, led appeals, and provided expert testimony for clients in multiple industries. Serves as property tax leader for the restaurant industry and manages a compliance centre. Holds certification as a senior property tax consultant and is a registered property tax agent.",PROVIDER,Food & Beverage,Construction & Real Estate,industry_v1,2026-10-01T22:16:57,18.35,Value Prop,Implied,none,none
brookesbell.com__about-us_the-team_andrew-page.md,qwen3.6:35b,Principal Marine Engineer and Surveyor,"I am a Principal Marine Engineer with extensive seagoing and shore-based experience. My qualifications include a Class One Certificate of Competency (Motor), IEng, MIMarEST, and specialised training for Wärtsilä, MAN B&W, and High Voltage systems. I possess proven expertise in maritime surveying, incident investigation, and technical management for shipping and insurance clients.",Marine Engineering Advisory and Survey Services,"Specialist technical advisory for shipowners, insurers, and maritime SMEs operating in Southeast Asian waters. Services include machinery failure investigations, pre-purchase and condition surveys, bunker quality disputes, and repair cost assessment. Familiar with ISM, ISPS, and MARPOL regulations. Not involved in marine insurance underwriting or legal advocacy.","Extensive career in marine engineering and surveying, including roles at a major global survey consultancy and as a Fleet Manager for a large container shipping company. Conducted main and auxiliary engine failure investigations, redelivery condition surveys, and gave evidence in Singapore courts and London arbitrations. Holds a Class One Certificate of Competency (Motor) and is a Member of the Institute of Marine Engineering, Science and Technology.",PROVIDER,Marine & Offshore,,industry_v1,2026-10-01T22:17:09,8.14,Authority,Implied,none,stated
opml.co.uk__people_ashna-shah.md,qwen3-vl:32b,Education Consultant specialising in early childhood development,"10 years in education development and policy, including roles at a global education non-profit and a social impact foundation. Specialised in early childhood development, qualitative research, and advocacy for policy reform. Holds a Master of Education from Harvard Graduate School of Education, with a focus on Human Development and Education. Has led multi-state situational analyses and developed educational content for scale.",Early Childhood Development Strategy and Advocacy Advisory,"Practical advisory for non-profits, foundations, and social enterprises focused on early childhood development, especially in underserved or fragile settings. Services include designing and implementing qualitative research, building advocacy campaigns for policy reform, developing educational content and communication strategies, and supporting programme scaling. Familiar with global ECD frameworks and evidence-based interventions. Not focused on curriculum design for formal school systems.","10 years in education development and policy, including roles at a global education non-profit and a social impact foundation. Led a comprehensive multi-state situational analysis on early childhood education in India, encompassing desk research, classroom observations, and curriculum analysis. Spearheaded the conceptualisation, production, and dissemination of the Ei Dialogues podcast series to foster dialogues on education development at scale. Successfully supported advocacy efforts to build salience for increased funding and policy reforms at central and state levels.",PROVIDER,Education,,industry_v1,2026-10-01T22:17:04,18.1,Descriptive,Implied,none,stated
deloitte.com__us_en_about_people_profiles-barry-chen-db28baa7-html.md,qwen3.6:35b,Principal M&A Leader & Industry Authority in Financial Services,"I advise executives on M&A strategy, workforce design, and IT integration within Financial Services and Insurance. My focus is on executing due diligence, post-merger integration, and divestitures. I have delivered large finance transformation initiatives for integration and separation. For the the project scope, I ensure rigorous alignment with MAS regulatory considerations. I help clients navigate complex transitions with practical, actionable advisory.",Insurance M&A Integration and Divestiture Advisory,"Practical advisory for Singapore-based insurers and financial services firms seeking M&A integration or divestiture support. Services include M&A strategy planning, post-merger integration, workforce design, and finance transformation for separation. Particular experience with leveraging IT solutions to accelerate time to market. Familiar with MAS regulatory considerations for insurance transactions.","Principal at a global consulting firm leading M&A deals in Financial Services and Insurance. Led due diligence, post-merger integration, and divestitures for insurance clients. Delivered large finance transformation initiatives for finance integration and separation across the M&A lifecycle.",PROVIDER,Financial Services,,industry_v1,2026-10-01T22:17:32,9.75,Authority,Implied,double_connecting_word,none
deloitte.com__us_en_about_people_profiles-jrpearce-8f6c4e48-html.md,qwen3.8:27b,"Human Capital and Workforce Strategy Specialist for Technology, Media, and Telecommunications","I help C-suite leaders unlock value through human-centric business transformations. With over 20 years of experience, I specialise in reshaping workforces to align with strategic goals. My focus is on the technology, media, and telecommunications sectors, guiding multi-year Future of Work journeys. I lead Human Capital as a Service engagements to drive sustainable growth. I also bring governance insight from a recent six-year board term at a leading HR certification body. My approach blends deep industry knowledge with practical execution to navigate complex organisational change effectively",Human Capital & Future of Work Transformation Advisory,"Strategic advisory for technology, media, and telecommunications organisations seeking to align workforce programs with business priorities. Services include designing talent strategies, restructuring workforces for value creation, and implementing Future of Work transformations. Experienced in guiding C-suite decision-making on large-scale organisational change. Does not include payroll administration or routine HR operational compliance.","Over 20 years in human capital and business transformation, including leadership of Human Capital as a Service. Previously served on the board of a global HR certification institute. Led multi-year Future of Work transformation initiatives for clients in the technology and media sectors",PROVIDER,Technology & Software,,industry_v1,2026-10-01T22:17:31,16.59,Descriptive,Implied,omitted_trailing_period,stated
kpmg.com__us_en_our-team_b_brokmeier-rebecca-html.md,qwen3-vl:32b,Former Principal in Corporate Finance & Transaction Advisory,"I bring 25 years of client service experience in corporate finance and transaction advisory, specialising in mergers, acquisitions, divestitures, financings, fairness opinions, strategic assessments, and valuations. I have advised organisations from large multinationals to private and family-owned businesses. My background includes financial analysis and capital planning roles at a mid-sized asset management firm and a large multinational consumer goods company. I hold a Bachelor of Business Administration in Finance.",Transaction Advisory and Corporate Finance Consulting,"Practical advisory for SMEs, family businesses, and mid-sized enterprises seeking to buy, sell, or restructure their business. Services include M&A advisory, corporate divestiture support, financing strategy, fairness opinion analysis, and strategic business valuation. Familiar with capital advisory, cross-border transactions, and investment banking standards. Works with businesses across sectors, including consumer goods and manufacturing.","I spent 25 years in corporate finance and transaction advisory, including as Principal at a global professional services firm. I advised on numerous transactions such as mergers, acquisitions, divestitures, financings, and valuations for clients ranging from large multinationals to private and family-owned businesses. I previously held financial advisory roles at a mid-sized asset management firm and a large multinational consumer goods company, focusing on capital planning, liquidity management, and M&A evaluation.",PROVIDER,Professional Services,,industry_v1,2026-10-01T22:17:30,19.33,Authority,Direct First-Person,none,none
bcg.com__about_people_experts_aparna-bharadwaj.md,qwen3-vl:32b,Global Trade and Geopolitical Strategy Expert,"Over 20 years of experience in globalization, economic development, and market acceleration. Held leadership roles in global strategy consultancy and at a multinational beverage company. Specialises in global trade, economic statecraft, and helping organisations navigate geopolitical change, particularly in Southeast Asia and emerging markets. Advises multinational corporations and public sector clients on digital economy, productivity, and future skills. Holds an MBA from Harvard Business School.",Geopolitical and Global Trade Strategy Advisory,"Practical advisory for multinational businesses and public sector organisations in Southeast Asia and emerging markets navigating geopolitical and trade shifts. Services include: strategic analysis of global trade risks, guidance on foreign investment and digital economy trends, development of market entry and expansion strategies in complex regulatory environments, and advisory on economic statecraft and policy implications. Familiar with ASEAN market dynamics and emerging market ecosystems.","Over 20 years in global trade and economic development, including as Managing Director & Senior Partner at a global strategy consultancy. Previously led the firm’s Center for Customer Insight across 50 markets and advised multinational corporations and public sector clients on economic development and digital economy trends. Specialised in geopolitical strategy for ASEAN, Asia, and Global South markets. Holds an MBA from Harvard Business School.",PROVIDER,Cross-industry,,industry_v1,2026-10-01T22:17:36,17.58,Descriptive,Implied,none,none
bcg.com__about_people_experts_duncan-melville.md,qwen3-vl:32b,Managing Director & Partner in Corporate Finance and Strategy,"10 years in corporate finance and strategy, specialising in natural resources and cyclical commodity sectors. Worked as a Managing Director & Partner at a global strategy consultancy, advising clients in oil and gas, metals, mining, and agribusiness. Prior experience in infrastructure private equity. Holds CFA Charterholder status and is a member of the New York State Bar.",Corporate Finance and Strategy Advisory,"Practical advisory for mid-sized and large industrial businesses in natural resources, including mining, oil and gas, and agribusiness. Services include value creation strategy, corporate restructuring, capital allocation planning, and talent strategy for cyclical sectors. Familiar with corporate finance frameworks and shareholder value creation principles. Experienced in advising on strategic transitions in commodity markets.","10 years in corporate finance and strategy, specialising in natural resources and cyclical commodity sectors. Core member of a global strategy consultancy’s Energy, Industrial Goods, and Corporate Finance & Strategy practices, advising clients in oil and gas, metals, mining, and agribusiness. Advised on value creation strategies for clients in copper, metallurgical coal, natural gas, oil, potash, and zinc. CFA Charterholder and member of the New York State Bar.",PROVIDER,Energy & Resources,,industry_v1,2026-10-01T22:17:34,20.54,Descriptive,Implied,none,none
bcg.com__about_people_experts_alex-yurek.md,qwen3.8:27b,Digital and AI transformation specialist for consumer goods and industrial operations,"I specialise in digital and AI transformation for the consumer products sector. Since 2021, I have focused on frontline sales, manufacturing, and supply chain efficiency. I previously founded a portfolio holding company for food and beverage brands and led global digital transformations that generated significant financial value. My approach drives operational improvements through technology implementation and process optimisation. I focus on complex industrial environments where efficiency gains directly impact the bottom line. This background allows me to deliver tangible results for organisations seeking modernisation.",Consumer Operations Digital Transformation Advisory,"Strategic advisory for food, beverage, and manufacturing SMEs seeking to modernise operations. Services include AI readiness assessments, digital transformation roadmaps for supply chains, and frontline process optimisation workshops. Familiar with industrial automation and data analytics tools that reduce operational costs and improve productivity across manufacturing and distribution networks.","5 years in digital transformation within a major professional services firm, following a career in food and beverage entrepreneurship. Led global digital initiatives that delivered millions of dollars in bottom line impact for clients. Previously founded a portfolio holding company for food and beverage brands.",PROVIDER,Retail & Consumer,Manufacturing,industry_v1,2026-10-01T22:17:43,15.34,Descriptive,Implied,none,none
bcg.com__about_people_experts_greg-mallory.md,qwen3.8:27b,Former Defense & Security Strategy Leader & Industry Expert,"I am a former senior partner with over 20 years of experience advising military agencies, defense contractors, and aerospace companies. I specialise in program recovery, supply chain transformation, M&A integration, and digital transformation within the defense sector. I previously served as the global lead for defense and security practices at a global management consultancy. I hold a PhD in astronautics and an MSc in physics, bringing deep technical and operational expertise to complex industrial and government engagements across North America and globally. I now offer my strategic insight to help organisations navigate complex operational challenges effectively.",Defense Sector Strategy and Operational Transformation Advisory,"Strategic advisory for defense contractors, aerospace manufacturers, and industrial firms seeking to optimize performance. Services include program recovery planning, supply chain transformation, M&A integration support, and digital transformation roadmaps. Familiar with next-generation defense portfolios, autonomous systems, and improving mission readiness through operational innovation and value chain optimization.","I spent over 20 years in defense and security consulting, holding managing director roles at a global management consultancy. I led global aerospace and defense work and North America industrial goods practices. I partnered with military services and defense contractors to execute large-scale change initiatives, delivering supply chain transformation and program recovery.",PROVIDER,Public Sector,Manufacturing,industry_v1,2026-10-01T22:17:47,12.07,Authority,Direct First-Person,none,none
bcg.com__about_people_experts_david-schaar.md,qwen3.6:35b,"Strategic Advisor for Transportation, Logistics and Operations Improvement","I am an experienced senior advisor specialising in business strategy, transformative change, and operations improvement within the transportation and logistics sector. I have a proven track record advising parcel carriers, express providers, and rail operators on growth strategy, procurement transformation, and pricing. I hold a PhD in information technology with a focus on operations research and systems engineering, combined with an MSc in industrial engineering and management. My expertise spans corporate finance, operational performance, and new product introduction for SMEs and mid-sized businesses in freight and transit.",Transportation and Logistics Operations Advisory,"Practical advisory for food manufacturers, F&B operators, contractors and SMEs in freight or parcel sectors looking to optimise supply chains. Services include operational performance improvement, procurement transformation, and pricing strategy design. Familiar with rail infrastructure management and digital maintenance planning. Not focused on legal compliance, regulatory filing, or capital markets M&A execution.","Experienced Managing Director and senior partner leading strategy and operations for clients in transportation and logistics. Advised a major parcel carrier on product introduction and pricing, and delivered over S$60 million in run-rate procurement savings for a passenger rail operator. Previously a Senior Associate at a global strategy consultancy.",PROVIDER,OTHER,,industry_v1,2026-10-01T22:17:51,9.92,Descriptive,Implied,none,stated
kroll.com__en_our-experts_josh-benn.md,qwen3.6:35b,Former Head of Global Consumer Investment Banking & M&A Leader,"Specialising in consumer, food, restaurant, and retail mergers and acquisitions for middle-market and publicly traded entities. FINRA Series 7, 24, and 63 registered. Former head of global consumer investment banking at a Big Three professional services firm. Proven track record advising on complex sell-side, buy-side, and fairness opinion transactions across the hospitality and retail sectors. Dedicated to delivering strategic clarity and superior outcomes for clients navigating high-stakes capital markets.",Middle-Market M&A Advisory for Consumer and Restaurant Businesses,"Practical advisory for Singapore-based food, beverage, and retail SMEs and family businesses preparing for a sale, acquisition, or capital raise. Services include comprehensive sell-side and buy-side M&A advisory, financial sponsor coverage, and detailed fairness opinions for special committees. Particular experience with the hospitality and consumer goods sectors, leveraging deep domain expertise to identify suitable buyers and optimise deal structures for competitive outcomes.","Extensive tenure in consumer investment banking, including global head of consumer M&A at a Big Three professional services firm. Advised notable clients like Tavern in the Square and Metro Franchising on high-value sales. Won the 40 Under 40 M&A Advisor Recognition Awards. FINRA Series 7, 24, and 63 registered.",PROVIDER,Food & Beverage,Retail & Consumer,industry_v1,2026-10-01T22:17:59,8.33,Authority,Implied,none,none
bcg.com__about_people_experts_gozde-yalazi.md,qwen3.8:27b,Industrial Goods Consultant Specialising in Go-to-Market Strategy and Emerging Market Entry,"I am a management consultant with over 15 years of experience in the industrial goods and materials sectors. Previously, I served as a regional practice leader for Europe, the Middle East, South America, and Africa within a global professional services firm. My work focused on go-to-market strategy for emerging markets and business transformation, supporting core marketing, sales, and pricing practices. I hold an MBA and an MSc in media management. Beyond client advisory, I led diversity, equity, and inclusion initiatives and future of work programmes for the region, helping teams navigate complex sector dynamics while maintaining a strong strategic focus.",Go-to-Market Strategy and Market Entry Advisory,"Practical advisory for industrial goods, building materials, and process industry businesses entering new markets or scaling in emerging regions. Services include go-to-market strategy development, pricing and sales model design, business transformation planning, and alliance management. Familiar with industrial goods sector dynamics and emerging market entry challenges. Particular experience with materials and process industries.","15 years in management consulting, specialising in industrial goods and go-to-market strategy. Led the industrial goods practice for the EMESA region and served on leadership teams for global advantage and materials industries. Authored publications on strategic workforce management and innovation alliances for process industries.",PROVIDER,Manufacturing,Construction & Real Estate,industry_v1,2026-10-01T22:17:54,13.64,Descriptive,Implied,none,none
bcg.com__about_people_experts_john-wu.md,qwen3.8:27b,Former Managing Director in Health Care and Biopharmaceutical Strategy,"I hold a PhD in engineering and physical biology and an MA in biochemistry, underpinning my career in strategic advisory. I specialise in health care strategy, mergers and acquisitions, and post-merger integration for the biopharmaceutical sector. My focus is on advising clients on corporate development, clinical operations, and large-scale organisational transformations. I work to reshape the health care ecosystem through business model innovation, driving tangible operational efficiency and sustainable growth for partners across the industry.",Biopharma Strategy and M&A Advisory,"Strategic advisory for biopharmaceutical companies and health care SMEs seeking growth or restructuring. Services include mergers and acquisitions due diligence, post-merger integration planning, and operational efficiency reviews. Familiar with clinical development landscapes and regulatory standards such as HSA requirements. Helps businesses streamline R&D, commercialisation, and talent strategies to improve agility and value creation.","I spent my career in the health care and biopharmaceutical sectors as a Managing Director and partner at a global management consultancy. I led strategy and M&A engagements for biopharma clients, driving corporate development and large-scale transformations. I hold a PhD in engineering and physical biology and an MA in biochemistry.",PROVIDER,Healthcare,,industry_v1,2026-10-01T22:17:58,13.6,Authority,Direct First-Person,none,none
alvarezandmarsal.com__our-people_dalia-alderzi.md,qwen3-vl:32b,"Managing Director in Real Estate, Tourism and Hospitality Strategy","Nearly 20 years of experience as a strategic advisor and hands-on developer in real estate, tourism, and hospitality. Advised developers, investors, and public-sector organisations on large-scale mixed-use destinations, focusing on visioning, business planning, investment, and implementation. Previously held senior roles at a Big Four advisory firm and a major regional developer, contributing to major mixed-use projects. Holds a master’s degree in real estate from Harvard University.",Destination Strategy and Development Advisory,"Practical advisory for developers, investors, and public-sector organisations in real estate, tourism, and hospitality sectors looking to plan and execute large-scale mixed-use destinations. Services include business planning, market opportunity assessment, concept optimisation, financial return analysis, and partnership development. Familiar with mixed-use development frameworks and investment structuring in the Middle East region.","19 years as a strategic advisor and developer in real estate, tourism, and hospitality, including managing director at a global strategy consultancy. Led business planning for a 5.7 million sq m beachfront destination in Jeddah, optimising returns and securing board approval. Concept optimised three adjacent destinations in northern Riyadh (27.5 million sq m), defining area programmes and commercial strategies. Advised on five high-profile transactions for a major developer in Saudi Arabia, including three joint ventures in Jeddah and two in Riyadh, supporting end-to-end execution. Previously a Real Estate and Tourism Partner at a Big Four advisory firm and held senior roles at a major regional developer, contributing to the creation of major mixed-use destinations.",PROVIDER,Construction & Real Estate,Retail & Consumer,industry_v1,2026-10-01T22:17:54,18.05,Descriptive,Implied,none,none
brookesbell.com__about-us_the-team_andrew-waller.md,qwen3.6:35b,Principal Inspection Engineer and NDT Level III Specialist,"As a Principal Inspection Engineer and NDT Level III Specialist, I provide authoritative technical advisory for industrial and maritime operators requiring specialist non-destructive testing and failure investigation. My expertise spans aerospace, marine, and nuclear sectors, with a focus on advanced electromagnetic and ultrasonic testing for failure analysis and asset integrity. I have chaired technical committees, approved specialist NDT procedures, and provided expert legal testimony regarding inspection standards and failure mechanisms for global industrial clients. My approach ensures rigorous compliance and accurate forensic analysis for complex structural disputes.",NDT Failure Analysis and Inspection Procedure Advisory,"Technical advisory for industrial and maritime operators requiring specialist non-destructive testing and failure investigation. Services include ultrasonic and eddy current inspections for structural integrity, expert review of NDT procedures, and forensic analysis for legal disputes. Particular experience with ISO tank-containers, pressure vessels, and aerospace components.",Experienced Principal Inspection Engineer specialising in advanced NDT and failure analysis. Conducted material state surveys on superyachts and frigates and inspected Rolls Royce turbofans for defence clients. Approved specialist NDT procedures and audited shipyards for legal disputes. Submitted technical assessments to European nuclear regulators. Holds PCN Level 3 and ASNT Level 3 certifications.,PROVIDER,Marine & Offshore,,industry_v1,2026-10-01T22:18:08,11.43,Authority,Implied,none,none
opml.co.uk__people_huma-irfan.md,qwen3-vl:32b,Former Assistant Consultant in Development Programmes & Inclusive Education Specialist,"I bring over 3 years of experience in development work, specialising in inclusive education and women’s empowerment in Pakistan. As an Assistant Consultant within a global development consultancy’s Consultant Development Programme, I applied qualitative research methods to design and assess impactful interventions. My approach is grounded in participatory needs assessment, stakeholder engagement, and evidence-based programme design. I support NGOs, community organisations, and development-focused SMEs in creating inclusive, sustainable education initiatives.",Development Programme Support and Inclusive Education Advisory,"Practical advisory for NGOs, community organisations, and development-focused SMEs looking to design or improve inclusive education programmes and women’s empowerment initiatives. Services include needs assessment, stakeholder engagement, programme design using qualitative research methods, and monitoring frameworks. Familiar with development sector standards and inclusive education frameworks. Not focused on policy advocacy or large-scale infrastructure projects.","3 years in development programme support, including work as an Assistant Consultant in a global development consultancy’s Consultant Development Programme. Focused on inclusive education and women’s empowerment projects in Pakistan. Applied qualitative research methods to assess programme needs and design interventions.",PROVIDER,Education,Social Services & Non-profit,industry_v1,2026-10-01T22:18:07,16.81,Authority,Implied,none,stated
opml.co.uk__people_trisa-r-masria.md,qwen3-vl:32b,Former Social Safeguards Specialist & Industry Leader in Environmental and Social Risk Management,"With over 20 years of experience, I have supported infrastructure, renewable energy, and community development programmes across Indonesia. My expertise lies in environmental and social safeguards, stakeholder engagement, social risk assessment, grievance redress mechanisms, gender equity, customary land issues, livelihood restoration, and ESG frameworks. I hold Bachelor’s and Master’s degrees in relevant fields and bring a practical, solution-focused approach to complex social and environmental challenges.",Environmental and Social Safeguards Advisory,"Practical advisory for infrastructure, renewable energy, and community development projects in Southeast Asia. Services include social risk assessment, stakeholder engagement planning, grievance redress mechanism design, gender and customary land issue analysis, and ESG compliance support. Familiar with international ESG standards and social safeguard frameworks. Not focused on financial modelling or environmental impact assessments for non-infrastructure sectors.","20 years in environmental and social safeguards, including work as a Social Safeguards Specialist at a global development consultancy. Advised on infrastructure and renewable energy projects across Indonesia, focusing on stakeholder engagement, social risk assessment, grievance redress mechanisms, and gender equity. Supported community development programmes with emphasis on customary land rights and livelihood restoration.",PROVIDER,Social Services & Non-profit,,industry_v1,2026-10-01T22:18:07,19.22,Authority,Implied,none,stated
deloitte.com__us_en_about_people_profiles-beth-goldstein-35be4950-html.md,qwen3.6:35b,Audit & Assurance Specialist in Financial Services,"I have spent over two decades specialising in audit and assurance within the financial services sector, with a specific focus on wealth management. My experience covers clients of varying sizes and complexities, handling initial public offerings, accounting, financial reporting, and regulatory compliance. I previously held leadership roles advising on these matters, including responsibility for firm strategy in performance management and employee relations. I offer practical guidance for Singapore-based institutions.",Financial Services Audit and Regulatory Compliance Advisory,"Practical audit and compliance advisory for Singapore-based wealth managers, private banks, and financial services SMEs seeking robust regulatory readiness. Services include external audit execution, initial public offering support, financial reporting compliance, and regulatory adherence reviews. Particular experience with MAS regulatory expectations and SFRS(I) standards.","22 years in audit and assurance for financial services, including partner at a global professional services firm. Advised on initial public offerings and regulatory compliance for wealth management clients. Secured regulatory readiness reviews for Singapore-based wealth managers. Previously served as talent partner overseeing performance management and employee relations strategy.",PROVIDER,Financial Services,,industry_v1,2026-10-01T22:18:33,10.41,Descriptive,Implied,none,none
kpmg.com__us_en_our-team_c_corbett-chrisanne-html.md,qwen3.8:27b,M&A Specialist specialising in diversified industrials and cross-border transactions,"With over 20 years in mergers and acquisitions, I focus on high-growth end markets such as Test & Measurement, HVAC, Flow Control, and Building Products. I have advised Fortune 500 companies, private equity firms, and private businesses on complex cross-border deals. My background includes middle market financing and leveraged buyout analysis at major financial institutions. Holding an MBA and BBA, I bring deep expertise in structuring and executing industrial transactions. I provide hands-on guidance to owners and investors navigating the intricacies of the diversified industrials sector.",M&A Advisory for Diversified Industrials,"Strategic M&A guidance for industrial companies, private equity firms, and mid-market businesses in sectors such as HVAC, Flow Control, and Building Products. Services include identifying acquisition targets, conducting due diligence, structuring transactions, and managing cross-border deal execution. Familiar with high-growth industrials end markets and leveraged finance structures. Provides hands-on advisory for owners and investors seeking to execute complex industrial transactions.","20+ years in M&A for diversified industrials. Previously held a senior leadership role at a global professional services firm, leading the Diversified Industrials Team. Worked in middle market financing and leveraged buyouts at major banks. Advised on numerous cross-border transactions for Fortune 500 and private equity clients.",PROVIDER,Professional Services,Financial Services,industry_v1,2026-10-01T22:18:30,20.43,Descriptive,Implied,none,none
deloitte.com__us_en_about_people_profiles-kinorton-763534f0-html.md,qwen3.8:27b,Former Cybersecurity Principal & AI Risk Leader,"With over two decades in cybersecurity, I specialise in modernising frameworks and managing AI and technology risk. My experience spans cyber threat management, mobile security, infrastructure, cloud, and emerging technology strategy. I led AI-enabled transformation initiatives, advising executives on governance and risk mitigation for generative AI. I previously served in account leadership roles for clients in financial services and technology, focusing on pragmatic, risk-aware approaches to secure AI adoption and infrastructure modernisation. My approach ensures robust controls while enabling digital transformation for global professional services contexts.",AI-Driven Cybersecurity and Risk Advisory,"Advisory for SMEs and mid-sized organisations in technology, finance, and manufacturing seeking to secure their digital transformation. Services include cloud security infrastructure modernisation, AI and emerging technology risk governance, cyber threat management strategy, and secure AI adoption roadmaps. Familiar with pragmatic risk-aware frameworks for managing generative AI and supply chain security to accelerate speed-to-market while maintaining robust controls.","Over 20 years in the cybersecurity practice, including roles in cyber threat management, technology risk, and infrastructure security. Led the AI-enabled transformation of US cyber offerings, managing the innovation asset portfolio from strategy to deployment. Advised executives on governance and risk mitigation for generative AI.",PROVIDER,Technology & Software,,industry_v1,2026-10-01T22:18:31,19.71,Authority,Implied,none,none
bcg.com__about_people_experts_esben-hegnsholt.md,qwen3.8:27b,Energy strategy and capital projects expert for low-carbon power and utilities.,"I specialise in energy strategy, capital projects, and M&A for power and resource-intensive industries. I have experience building new low-carbon energy businesses and delivering value creation programmes focused on technology-driven improvement. I led sector strategy for a major global market region and global low-carbon topics. I hold an MPhil from a prestigious international university and an MSc in business administration, applying this background to support clients navigating complex energy transitions in Singapore and beyond.",Energy Transition and Capital Project Advisory,"Advisory for energy companies, infrastructure investors, and industrial operators navigating the energy transition. Services include strategy formulation for low-carbon projects, capital project excellence, and M&A due diligence. Familiar with hydrogen, renewables, and grid infrastructure markets. Particular experience with scaling new energy businesses. Does not include legal drafting or regulatory licence applications.",10+ years in energy consulting as Managing Director and Senior Partner. Led the power and utilities sector for a major global region and managed global low-carbon energy topics. Authored reports on green hydrogen infrastructure and energy security. Holds an MPhil from a prestigious university and an MSc from a business school.,PROVIDER,Energy & Resources,,industry_v1,2026-10-01T22:18:38,14.42,Descriptive,Implied,missing_preposition,stated
bcg.com__about_people_experts_arnaud-ginolin.md,qwen3.8:27b,M&A and Digital Transformation Consultant for Industrial and Energy Clients,"Specialising in M&A due diligence and business transformation, I support industrial, energy, and public sector clients across Asia Pacific. My work focuses on leading large-scale digital and GenAI initiatives for both private and public organisations. Having worked with international firms, I bring deep experience in industrial goods and sustainable finance. I now provide advisory on scaling AI adoption and driving strategic growth in emerging markets, helping organisations navigate complex transitions while securing tangible outcomes through rigorous analysis and execution.",M&A Due Diligence and Digital Transformation Advisory,"Advisory for SMEs and mid-sized companies in industrial, energy, and tech sectors planning M&A or digital upskilling. Services include M&A due diligence, business transformation roadmapping, GenAI scaling strategies, and sustainable finance advisory. Familiar with GenAI/AI implementation challenges in APAC markets. Supports clients in navigating complex digital transitions and growth opportunities.","Former Senior Partner at a global management consultancy, previously with AlixPartners and Mars & Co. Led core teams in Industrial Goods, Energy, and Public Sector practices. Delivered large-scale digital transformations for clients across Asia Pacific and Europe. Published insights on GenAI adoption for Vietnamese businesses.",PROVIDER,Cross-industry,,industry_v1,2026-10-01T22:18:41,13.53,Descriptive,Implied,none,none
bcg.com__about_people_experts_dennis-utzerath.md,qwen3.6:35b,"Managing Director, M&A and Business Transformation in Travel and Logistics","I help travel and logistics leaders navigate complex transformations and mergers. My background spans advising airlines, airports, and cruise lines across Europe and Asia on pricing, digitization, and operational strategy. I bring deep sector expertise and a PhD in economics to every engagement, ensuring data-driven decisions that drive tangible business value. I focus on practical, actionable insights that align with your specific market dynamics and long-term goals, helping you achieve sustainable growth and operational excellence in a competitive landscape.",Travel and Logistics M&A and Transformation Advisory,"Practical M&A and strategic advisory for airlines, airports, tour operators, and logistics firms looking to optimise pricing, digitise operations, and execute business transformations. Services include merger integration planning, go-to-market strategy design, cost management, and revenue model optimisation. Particular experience with TCI sector dynamics. Not focused on legal structuring, tax filing, or long-term HR recruitment.","Managing Director in a global strategy consultancy, leading the travel and infrastructure practice for Central Europe. Advised airlines, airports, and cruise lines on M&A, pricing, and large-scale digital transformations. Expertise spans go-to-market strategy and operational restructuring across Europe and Asia.",PROVIDER,OTHER,,industry_v1,2026-10-01T22:18:51,10.8,Descriptive,Implied,none,stated
bcg.com__about_people_experts_alicia-pittman.md,qwen3-vl:32b,Former Global People Team Chair & Industry Leader in Talent Strategy,"With over 20 years in management consulting, I specialise in talent strategy, organisational development, and people transformation. I held leadership roles including Global People Team Chair and North America People Team Chair at a global strategy consultancy. I advised clients across multiple regions on talent attraction, retention, and inclusive workplace initiatives. Recognised with the EMpower Advocate award in 2021. I hold an MBA with honours from the University of Chicago and a BA from Princeton University.",Organisational People Strategy and Talent Transformation Advisory,"Practical advisory for mid-sized and large organisations in consumer goods, operations, and business transformation sectors seeking to strengthen their talent strategy and workplace culture. Services include designing talent attraction and retention programmes, developing inclusive workplace initiatives, and implementing career development frameworks. Familiar with global organisational development practices and leadership development models. Scope: advisory engagement for one organisation.","20 years in management consulting, specialising in talent strategy and organisational development, including Global People Team Chair at a global strategy consultancy. Led the development of new programmes such as Teaming@the firm and Pathways@the firm, and upgraded compensation and benefits frameworks. Advised clients across North America, Europe, and Asia on inclusive workplace initiatives and career development processes. Awarded EMpower Advocate in 2021.",PROVIDER,Retail & Consumer,,industry_v1,2026-10-01T22:18:44,19.52,Authority,Implied,none,none
bcg.com__about_people_experts_harish-hemmige.md,qwen3-vl:32b,"Driving Smarter, Faster, More Transparent Public Sector Transformation","I bring over 20 years of experience transforming businesses and operations, with deep expertise in public sector and private enterprise. I’ve led strategic change initiatives at a global strategy consultancy, advising clients on cost optimization, digital transformation, and operational excellence. My background includes investment banking and work at a Fortune 100 company, and I hold an MBA from Harvard Business School and a BA in economics from the University of Chicago. I focus on delivering sustainable, measurable improvements for public agencies.",Public Sector and Government Transformation Advisory,"Practical advisory for public sector agencies and government bodies seeking to improve efficiency, reduce costs, and implement digital transformation. Services include strategic planning for smarter spending, operational process redesign, digital service modernization, and stakeholder engagement frameworks. Familiar with public sector governance and performance frameworks. Advises on sustainable value creation and transparency initiatives.","20 years in business and operational transformation, including senior leadership at a global strategy consultancy. Advised public sector clients on cost optimization, digital transformation, and strategic change. Delivered operational improvements and customer experience initiatives for senior executives. Previously worked in investment banking and at a Fortune 100 company.",PROVIDER,Public Sector,,industry_v1,2026-10-01T22:18:50,15.28,Value Prop,Implied,none,none
alvarezandmarsal.com__our-people_hameer-vaid.md,qwen3.8:27b,Real Estate Investment Strategist specialising in private equity advisory and portfolio management,"I bring over 20 years of experience to private equity real estate, guiding clients through the full investment life cycle. My background covers buy-side and sell-side strategy, capital formation, development, and valuation. I previously served as a Managing Director at a Singapore-based professional services firm and a Senior Vice President at a real estate private equity firm. I hold an MBA and am a licensed financial industry representative, bringing rigorous analysis and market insight to every engagement.",Real Estate Investment Advisory,"Strategic advisory for private equity sponsors, real estate developers, and asset managers in Singapore. Services include buy-side and sell-side investment strategy, capital formation advice, portfolio repositioning, and valuation support. Familiar with the full real estate investment life cycle and finance operations. Does not include legal drafting, court representation, or architectural design.","20+ years in real estate advisory and private equity. Managed a portfolio with $4 billion (approx. S$5.6 billion) in assets and S$2.5 billion in investor equity. Previously held roles as Managing Director at a professional services firm and Senior Vice President at a real estate private equity firm. Holds SIE, Series 79, and Series 63 licenses.",PROVIDER,Construction & Real Estate,Financial Services,industry_v1,2026-10-01T22:18:53,13.79,Descriptive,Implied,none,stated
bcg.com__about_people_experts_ishang-jawa.md,qwen3-vl:32b,Former Managing Director & Partner specialising in industrial goods and sales strategy,"Over 12 years of experience in industrial goods, sales strategy, and digital transformation. Former investment banker at JP Morgan, covering consumer, health care, and retail sectors. Advised clients in building materials, power and renewables, and metals and mining across India, Southeast Asia, and Canada. Expertise in large-scale turnarounds, sales acceleration, and manufacturing excellence. Focused on delivering measurable growth and operational improvements for industrial manufacturers.",Sales Strategy and Digital Transformation Advisory for Industrial Goods Manufacturers,"Practical advisory for industrial goods manufacturers and building materials businesses looking to accelerate sales, digitise operations, and improve manufacturing performance. Services include sales channel strategy development, digital transformation roadmapping, and large-scale operational turnaround planning. Familiar with building materials, power and renewables, and metals and mining sectors across Southeast Asia and India. Particular experience with digitising manufacturing processes and improving supply chain efficiency.","12 years in industrial goods and sales strategy, including managing director and partner at a global strategy consultancy. Advised clients in building materials, power and renewables, and metals and mining across India, Southeast Asia, and Canada. Delivered large-scale operational turnarounds, accelerated sales growth, and improved manufacturing performance. Digitised manufacturing processes and enhanced supply chain efficiency for multiple clients.",PROVIDER,Manufacturing,Energy & Resources,industry_v1,2026-10-01T22:18:55,17.55,Authority,Implied,none,none
opml.co.uk__people_saima-anwer.md,qwen3.6:35b,Senior Education Policy Advisor and Programme Specialist,"I bring over two decades of experience in education policy, governance, and inclusive education, working with Singapore-based NGOs, international development partners, and government ministries. Having served as a Senior Education Advisor to a UK foreign aid agency, I provided technical and operational support across complex education portfolios. My background includes leading strategy and programme design for global development NGOs. With a Master's in International Educational Development, I specialise in curriculum improvement, assessment systems, and large-scale learning initiatives for public and non-profit sectors.",Education Systems Strengthening and Policy Advisory,"Strategic advisory for Singapore NGOs, charities, and education consultancies designing inclusive learning programmes or policy interventions. Services include education policy formulation, governance framework design, curriculum and assessment improvement, and programme evaluation for large-scale learning initiatives. Particular experience with evidence-based policymaking, donor-funded portfolio management, and cross-sector partnerships for systemic education reform.","Over 20 years in education policy, systems strengthening, and inclusive education. Led strategy and programme implementation for global development NGOs. Secured donor-funded portfolio management for large-scale learning initiatives",PROVIDER,Education,Public Sector,industry_v1,2026-10-01T22:19:06,8.06,Descriptive,Implied,omitted_trailing_period,none
bcg.com__about_people_experts_jonathan-lim.md,qwen3-vl:32b,Global Leader in Social Affairs & Health Care Strategy,"I bring over 20 years of experience in health care strategy and public sector reform, having served as a medical doctor and global leader for social affairs at a global strategy consultancy. I specialise in value-based care, health system resiliency, and social determinants of health. I have led projects across the US, Europe, Australia, and Africa, delivering measurable improvements in care delivery and social outcomes. I hold a Bachelor of Medicine, Bachelor of Surgery, and Bachelor of Medical Science, and an MBA from INSEAD/Wharton.",Health Care System and Social Policy Advisory,"Practical advisory for health care providers, public health agencies, and social service organisations on improving care delivery and social outcomes. Services include designing value-based care models, integrating health and social services, and implementing digital health strategies. Familiar with Medicaid program design, behavioural health integration, and youth mental health initiatives. Works with clients across Southeast Asia and APAC regions.","20 years in health care and public sector strategy, including as a global leader for social affairs at a global strategy consultancy. Previously served as a medical doctor at Australia’s largest trauma service. Led projects across the US, Europe, Australia, and Africa focused on health system resiliency and social determinants of health. Spearheaded the firm’s global partnership with the World Economic Forum on value-based care.",PROVIDER,Healthcare,,industry_v1,2026-10-01T22:19:00,19.45,Authority,Implied,none,none
brookesbell.com__about-us_the-team_anthony-york.md,qwen3.6:35b,"Former Naval Architect, Stability Specialist & Industry Leader","I bring decades of expertise in naval architecture and stability assessment to the maritime industry. My background includes supporting international bodies in shaping safety regulations and conducting complex casualty investigations. I specialize in deterministic and probabilistic stability standards, ensuring vessel compliance with global rules. My approach combines rigorous technical analysis with practical solutions for ship owners and operators. I help clients navigate regulatory landscapes while optimizing design and operational safety.",Maritime Stability Assessment and Regulatory Compliance Advisory,"Advisory services for ship owners and operators seeking to ensure vessel stability complies with current regulations. Services include stability rule development support, Stockholm Agreement compliance assessments, and casualty investigation simulations. Specialists also offer salvage support and refloating plan development, alongside new-building design support for stability aspects. Familiar with SOLAS standards and international maritime regulations.",I spent extensive years as a naval architecture and stability specialist focusing on rule compliance and casualty investigations. I supported the IMO and EC in developing new stability standards and assessed stability for major vessel conversions. I served as an expert witness in court and led salvage support and refloating plan development for multiple vessels.,PROVIDER,Marine & Offshore,,industry_v1,2026-10-01T22:19:14,6.85,Authority,Direct First-Person,none,none
kroll.com__en_our-experts_michael-collinson.md,qwen3-vl:32b,Managing Director in Consumer & Retail Investment Banking,"Over 25 years of experience in consumer, food, and retail investment banking, advising on M&A, capital raises, and strategic transactions. Has worked with large FMCG companies, mid-size and family-owned businesses, private equity firms, and founders across Europe, North and South America, Middle East, Africa, and Southeast Asia. Specialises in transaction origination and execution for the consumer sector.",M&A Advisory for Consumer and Retail Businesses,"Practical advisory for food manufacturers, restaurants, retailers, and family-owned consumer businesses looking to buy, sell, or raise capital. Services include sell-side and buy-side M&A advisory, deal structuring, strategic advice, and equity and debt capital raising. Familiar with global consumer markets and transaction execution across diverse geographies. Experienced in advising mid-market and family-owned businesses on growth and exit strategies.","25 years in consumer, food, and retail investment banking, including Managing Director roles at a global investment bank and a global strategy consultancy. Advised large FMCG companies, mid-size and family-owned businesses, private equity firms, and founders on M&A, capital raises, and strategic transactions across Europe, North and South America, Middle East, Africa, and Southeast Asia. Led transaction advisory engagements including the sale of MEC Mountain Equipment Company to TGI Holdings.",PROVIDER,Food & Beverage,,industry_v1,2026-10-01T22:19:02,20.96,Descriptive,Implied,none,none
deloitte.com__us_en_about_people_profiles-matt-maggiacomo-ec823b89-html.md,qwen3.6:35b,Former M&A Transaction Services Tax Principal & Strategy Leader,"I am a seasoned tax and M&A advisor with extensive experience in transaction services, formerly serving as a principal at a global strategy consultancy. I specialise in advising private equity sponsors and multinational corporations on cross-border acquisitions, divestitures, and structuring, with deep expertise in the interplay of Singapore and international tax rules. My background combines technical tax delivery with innovation, including leading the adoption of AI-enabled tools for tax due diligence and deal execution across the APAC region.",M&A Tax Structuring and Due Diligence Advisory,"Practical tax advisory for SMEs, family businesses, and mid-market firms navigating acquisitions, divestitures, or cross-border transactions. Services include tax due diligence, acquisition structuring, and navigating the interplay of Singapore and international tax regulations. Particular experience with AI-enabled tools for efficient deal execution. Provides clear guidance on merger and purchase agreements to support informed decision-making for private equity sponsors and multinational clients.","I spent years as a tax and M&A advisor, including serving as principal at a global strategy consultancy leading AI-enabled tax due diligence tools. I previously practiced law, advising companies on M&A lifecycle agreements, including merger, purchase, and partnership agreements. I advised private equity sponsors on cross-border deal structuring with deep expertise in international tax rule interplay, serving clients across technology, aerospace, and consumer sectors.",PROVIDER,Technology & Software,Professional Services,industry_v1,2026-10-01T22:19:36,9.57,Authority,Direct First-Person,none,none
bcg.com__about_people_experts_charmian-caines.md,qwen3.8:27b,Strategy consultant specialising in climate adaptation and resilience for public and private sectors,"I am a strategy consultant specialising in climate adaptation and resilience. I work with governments and institutions to integrate climate risk into long-term planning. My approach combines analytical rigour with practical execution to build robust resilience strategies. Previously, I led consumer strategy practices in the UK and Europe, advising executives on market positioning. I hold an MBA from INSEAD and a BA from Oxford University. I am passionate about delivering actionable insights that help organisations navigate complex environmental challenges effectively.",Climate Resilience and Adaptation Strategy Advisory,"Advisory for governments, large enterprises, and institutional investors seeking to integrate climate resilience into long-term planning and operations. Services include developing localized climate action plans, assessing physical and transition risks to supply chains and assets, and designing financing strategies for resilience projects. Familiar with international climate frameworks and development finance mechanisms. Does not include engineering design or insurance underwriting services.","Over 15 years in strategy consultancy. Previously led the consumer practice for the UK and Europe. Delivered urban and national resilience projects across Southeast Asia, building data-driven strategies for multilateral development institutions.",PROVIDER,Professional Services,Public Sector,industry_v1,2026-10-01T22:19:33,15.77,Descriptive,Implied,none,stated
bcg.com__about_people_experts_frank-klose.md,qwen3.6:35b,Energy Strategy and Renewables Expert with 25 Years Experience,"I am a consulting professional with 25 years in the energy sector, specialising in strategy, organisation design, and transformation. Formerly, I led regional energy practices for a global consultancy and now focus on global renewable segments. My expertise covers business model innovation, digitalisation, and AI programmes for utilities and infrastructure investors. I hold a graduate business degree with a focus on finance and accounting.",Renewables Strategy and Digital Transformation Advisory,"Practical advisory for renewable energy developers, utilities, and infrastructure investors looking to optimise business models and drive operational excellence. Services include commercial due diligence, go-to-market strategy for decentralized energy, and implementation of digital and AI initiatives. Particular experience with offshore wind cost reduction and green hydrogen infrastructure planning.","25 years in energy consulting, including senior leadership roles at a global strategy consultancy. Led groupwide productivity programs for major utilities and delivered commercial due diligence for energy infrastructure investors. Specialised in renewable energy strategy, organisation design, and digital transformation.",PROVIDER,Energy & Resources,,industry_v1,2026-10-01T22:19:44,9.1,Descriptive,Implied,none,none
deloitte.com__us_en_about_people_profiles-bill-dworsky-bdf7db98-html.md,qwen3-vl:32b,Former Senior Manager in Banking and Payments Transformation & Industry Leader,"I have over 15 years of experience advising banking and payments organisations on customer experience, go-to-market planning, omnichannel sales and service, and value realisation during transformational change. I supported clients across M&A transactions, from small FinTech acquisitions to multi-billion dollar international mergers. I work globally and have experience in insurance, investment management, and retail. I hold a CFA Charter and an MBA from Chicago Booth.",Transformation and M&A Advisory for Financial Services,"Practical advisory for financial services firms, including banks, payment providers, and FinTechs, looking to improve customer experience, implement go-to-market strategies, and realise value during mergers and acquisitions. Services include designing omnichannel sales and service models, planning transformation roadmaps, and supporting M&A integration. Familiar with global financial services trends and regulatory environments. Scope includes strategic planning, client engagement, and execution support for transformation and deal-related initiatives.","I spent 15 years in banking and payments transformation, including as a senior manager at a global strategy consultancy. I advised clients on customer experience, go-to-market planning, and omnichannel sales and service. I supported M&A transactions ranging from small FinTech acquisitions to multi-billion dollar international mergers. I am a CFA Charterholder.",PROVIDER,Financial Services,Retail & Consumer,industry_v1,2026-10-01T22:19:43,16.24,Authority,Direct First-Person,none,none
bcg.com__about_people_experts_cathy-carlisi.md,qwen3-vl:32b,Former Chief Creative Officer & Industry Leader in Organizational Purpose and Change Management,"With 26 years in organizational strategy and purpose-driven transformation, I have held senior leadership roles including managing director, president of the Americas, and chief creative officer at a global creative consultancy. I specialise in purpose articulation, brand communications, employee engagement, and change management. Recognised with the EQB Award for impact in business and leadership, I have helped grow the consultancy’s processes, products, frameworks, and staff into a premier purpose-driven advisory firm. I also taught at multiple business schools and hold a degree from The University of the South.",Organizational Purpose and Change Management Advisory,"Practical advisory for SMEs, startups, and mid-sized organisations seeking to define, activate, and embed a meaningful organisational purpose. Services include purpose articulation workshops, brand and communication strategy development, employee engagement initiatives, and change management planning. Familiar with frameworks for purpose-driven leadership and authentic organisational transformation. Not focused on financial modelling or investor relations reporting.","26 years in organizational strategy and purpose-driven transformation, including roles as managing director, president of the Americas, and chief creative officer at a global creative consultancy. Helped grow the consultancy’s processes, products, frameworks, and staff into a premier purpose-driven advisory firm. Led seminal work across industries including financial, consumer, industrial goods, and government. Recognised with the EQB Award for impact in business and leadership.",PROVIDER,Cross-industry,,industry_v1,2026-10-01T22:19:45,19.3,Authority,Implied,none,stated
bcg.com__about_people_experts_amaryllis-liampoti.md,qwen3-vl:32b,"Data-Driven Growth That Scales: AI, Marketing, and Business Transformation","I’ve spent over 15 years shaping growth for high-growth tech companies, first as CMO and Vice President of Marketing, then as Managing Director & Partner at a global strategy consultancy. I led the tech build and design unit, driving innovation through AI and data. Co-founded a travel business, scaling it with advanced marketing engines. I help brands turn insights into action with real-world results.",AI-Powered Growth Strategy and Marketing Transformation Advisory,"Practical advisory for SMEs and mid-sized consumer brands, tech startups, and digital businesses looking to scale through data-driven marketing and AI. Services include designing AI-enhanced marketing strategies, optimising customer engagement with first-party data, transforming creative production workflows, and implementing scalable growth models. Familiar with AI tools and data-driven marketing platforms. Focuses on real-world outcomes for Singapore-based businesses.","15 years in growth strategy and marketing leadership, including CMO and Vice President of Marketing roles at high-growth tech enterprises. Joined a global strategy consultancy in 2017 as Managing Director & Partner, leading the firm's tech build and design unit. Co-founded a travel company, scaling it using advanced marketing engines. Advised on AI-powered marketing transformations for global clients, focusing on customer-centric innovation and scalable growth.",PROVIDER,Retail & Consumer,Technology & Software,industry_v1,2026-10-01T22:19:49,17.5,Value Prop,Implied,none,none
bcg.com__about_people_experts_dustin-burke.md,qwen3.6:35b,Former Managing Director in Supply Chain & Operations Strategy,"With over 25 years navigating complex supply chain dynamics and operational excellence, I bring deep expertise in logistics and post-merger integration from top-tier professional services. I previously served as a senior partner and corporate finance manager, combining strategic advisory with hands-on operational execution. My focus remains on building resilient, efficient global networks that drive measurable business outcomes for clients seeking robust transformation.",Supply Chain Transformation and AI Advisory,"Practical advisory for Singapore-based manufacturers, distributors, and logistics providers looking to optimise operations. Services include end-to-end supply chain redesign, post-merger integration support, and cost optimisation strategies. Particular experience with integrating AI and GenAI agents to automate workflows and enhance real-time decision-making capabilities. Familiar with building agile supply chains that balance cost efficiency with resilience against disruptions.","25 years in supply chain management and operations advisory, including managing director and senior partner at a global professional services firm. Co-leader of the firm's manufacturing and supply chain practice across Asia. Previously led transportation and logistics work in North America. Former manager of corporate finance at a major hospitality and gaming company, and investment banking analyst at a global financial institution covering consumer and retail sectors.",PROVIDER,OTHER,,industry_v1,2026-10-01T22:19:56,10.3,Authority,Implied,none,none
alvarezandmarsal.com__our-people_hunt-holsomback.md,qwen3.6:35b,Managing Director in Real Estate Performance Improvement,"I bring 25+ years of experience in real estate operations and performance improvement for investors, lenders, and owners. As a former Big Four accounting advisor and Certified Public Accountant, I offer deep expertise in REIT compliance, purchase price allocation, and variable interest entity analysis. My work focuses on strategic planning, asset management, and process enhancement for complex portfolios. I help clients streamline operations and maximize asset value through practical, data-driven advisory services tailored to the Singapore market.",Real Estate Portfolio Optimization and Cost Reduction Advisory,"Practical performance improvement for Singapore real estate investors, REITs, and developers looking to maximize asset value and streamline operations. Services include portfolio rationalization, occupancy cost reduction strategies, operational process enhancement, and REIT compliance advisory. Particular experience with financial performance analysis, purchase price allocation, and managing large-scale real estate operating budgets.",25+ years in real estate performance improvement and corporate advisory. Previously held senior accounting and advisory roles at a global Big Four firm for 17 years. Advised executive committees of global REITs and private equity firms on asset management and cost reduction. Delivered portfolio strategies to a global outsourcer with a S$165M annual real estate budget. Certified Public Accountant (CPA).,PROVIDER,Construction & Real Estate,Financial Services,industry_v1,2026-10-01T22:20:00,7.64,Descriptive,Implied,none,none
bcg.com__about_people_experts_joerg-hildebrandt.md,qwen3-vl:32b,Senior advisor to public sector institutions on strategic transformation and sustainability,"Over 20 years advising senior leaders and boards of government entities on strategic transformations, with expertise in large-scale change, climate and environment, digitization, and organizational design. Specialises in public sector strategy, governance, and sustainability initiatives. Holds a degree in business administration and engineering from the University of Stuttgart.",Public Sector Strategy and Transformation Advisory,"Practical advisory for government agencies and public institutions on strategic transformation and sustainability. Services include designing future-ready operating models, integrating climate and environmental goals into public policy, and implementing digital and organisational change. Familiar with global sustainability frameworks and public sector governance models. Not focused on direct implementation or project management for infrastructure projects.","20 years advising public sector institutions on strategic transformation, including leading the global Public Sector practice at a global strategy consultancy. Advised senior leaders and boards on large-scale transformations, climate and environment strategy, digitization, and organizational design. Authored thought leadership on green public procurement and AI in government, including work with the World Economic Forum. Holds a degree in business administration and engineering from the University of Stuttgart.",PROVIDER,Public Sector,,industry_v1,2026-10-01T22:19:53,18.15,Descriptive,Implied,none,stated
bcg.com__about_people_experts_kaye-foster.md,qwen3.6:35b,Senior Advisor and Executive Coach in Health Care and M&A,"I specialise in guiding CEOs and senior leaders through complex transformational change, particularly in the aftermath of mergers and acquisitions. With over two decades of coaching experience, I help you align your organisation with new strategic goals. My background as a former Global SVP of HR and CHRO in major healthcare and pharmaceutical corporations provides a deep understanding of large-cap dynamics. I focus on practical leadership development, organisational redesign, and fostering inclusive cultures to ensure lasting impact during critical business pivots.",Executive Coaching for Post-M&A Transformation,"Practical coaching for Singapore-based healthcare SMEs and family businesses navigating ownership changes, succession, or major operational pivots. Services include guiding founders and executives through leadership transitions, aligning organizational structure with new strategic goals, and fostering inclusive team cultures. Particular experience with healthcare sector dynamics. Not focused on long-term talent acquisition, payroll, or employee relations administration.","Over 20 years in executive coaching and leadership development, focusing on transformational change in the healthcare sector. Formerly Global SVP of Human Resources at a multinational pharmaceutical company and CHRO at a major global healthcare corporation. Advised C-suite leaders on navigating major organisational redesigns, delivering structured restructuring frameworks for large-cap companies post-merger.",PROVIDER,Healthcare,,industry_v1,2026-10-01T22:20:05,9.16,Descriptive,Implied,none,stated
bcg.com__about_people_experts_jacopo-brunelli.md,qwen3-vl:32b,Operations and Cost Excellence Expert,"I have 14 years in operations and cost excellence, including as a senior partner at a global strategy consultancy. I specialise in industrial goods, supply chain, manufacturing, and engineering performance improvement. Appointed global leader for End-to-End Operations & Cost Excellence in 2023, I have driven performance improvements across automotive, aerospace, machinery, and rail industries. I hold a Doctor of Engineering and a mechanical engineering degree.",Operations Performance Improvement and Cost Excellence Advisory,"Practical advisory for manufacturers, industrial equipment providers, and engineering firms seeking to improve operational efficiency and reduce costs. Services include supply chain optimisation, manufacturing cost reduction, lean and digital transformation implementation, and end-to-end operations redesign. Familiar with AI-driven productivity tools and structural process redesign. Focuses on sustainable cost savings without compromising competitiveness.","14 years in operations and cost excellence, including as a senior partner at a global strategy consultancy. Led the firm’s Operations practice in Central Europe and Middle East from 2019 to 2021, growing regional business by 30%. Driven performance improvements in cost optimization, manufacturing, supply chain, and engineering across automotive, aerospace, machinery, and rail industries. Appointed global leader for End-to-End Operations & Cost Excellence in 2023. Holds a Doctor of Engineering and a mechanical engineering degree.",PROVIDER,Manufacturing,,industry_v1,2026-10-01T22:20:05,17.61,Descriptive,Implied,none,none
mathematica.org__staff_donna-levin.md,qwen3-vl:32b,Former CEO of an entrepreneurial leadership school & co-founder of a global online care marketplace,"With over 20 years in entrepreneurship, innovation leadership, and education, I’ve led organisations that scale ideas into impact. As CEO of an entrepreneurial leadership school, I built programmes that empowered founders with practical frameworks. I co-founded a global online marketplace for caregiving services, leveraging data and analytics to drive strategic growth. My experience includes executive leadership at a major US technical university and advising founders through entrepreneur-in-residence roles. I earned an MBA from MIT and have served on multiple non-profit boards, focusing on inclusive innovation and sustainable growth.",Entrepreneurial Strategy and Innovation Leadership Advisory,"Practical advisory for startups, SMEs, and innovation-focused organisations seeking to build scalable business models and high-performing teams. Services include designing entrepreneurial programmes, advising on innovation strategy, mentoring founders, and developing growth frameworks. Familiar with data-driven decision-making and digital marketplace models. Experienced in scaling ventures across multiple countries.","20 years in entrepreneurship and innovation leadership, including serving as CEO of an entrepreneurial leadership school and executive director of innovation at a major technical university. Co-founded a global online marketplace for caregiving services, scaling operations across 18 countries. Advised and mentored founders through entrepreneur-in-residence roles at leading innovation centres. Earned an MBA from MIT.",PROVIDER,Education,,industry_v1,2026-10-01T22:20:12,18.18,Authority,Implied,none,none
mathematica.org__staff_carey-appold.md,qwen3-vl:32b,Senior health policy and delivery transformation expert,"Over 25 years of experience in health care and disability program policy, including Medicaid, CHIP, and community-based long-term care initiatives. Held leadership roles at a national health policy agency and a global strategy consultancy, focusing on program design, data analytics, and outcomes-driven reform. Expertise in data-driven policy development, eligibility regulations, and delivery system transformation. Holds an M.P.H. in health policy and management.",Healthcare Program Design and Delivery Transformation Advisory,"Practical advisory for health service providers, disability support organisations, and public health agencies seeking to redesign care delivery and improve program outcomes. Services include designing community-based long-term care programs, structuring eligibility and benefit frameworks, and implementing data analytics for performance monitoring. Familiar with Medicaid, CHIP, and outcomes-driven quality improvement frameworks. Not focused on clinical operations or direct patient care.","25 years in health policy and delivery transformation, including managing the federal payors and delivery transformation division at a global strategy consultancy. Previously led policy development and program implementation at a national health policy agency, including the Ticket to Work and Money Follows the Person programs. Directed Medicaid reform efforts, developing regulations for eligibility, administration, and benefit design. Holds an M.P.H. in health policy and management.",PROVIDER,Social Services & Non-profit,Public Sector,industry_v1,2026-10-01T22:20:14,17.06,Descriptive,Implied,none,stated
bcg.com__about_people_experts_christoph-schweizer.md,qwen3.6:35b,Strategic AI and Transformation Advisor for Growth,"I bring three decades of management consulting expertise to help you navigate complex business transformations and integrate artificial intelligence strategically. Having led global strategy initiatives, I specialize in driving growth through M&A, operational efficiency, and AI capability roadmapping. My approach combines rigorous strategic frameworks with practical execution, ensuring sustainable results. Whether you are a startup, SME, or family business, I provide the clarity and direction needed to succeed in a rapidly evolving digital landscape.",AI and Business Transformation Advisory,"Practical advisory for Singaporean SMEs, family businesses, and startups looking to integrate Generative AI into operations or execute strategic growth initiatives. Services include AI capability roadmapping, operational efficiency improvements, and structured post-merger integration support. Familiar with global tech standards and business transformation frameworks. Not focused on legal drafting or financial auditing.","30 years in management consulting, including CEO and regional leadership roles at a global strategy firm. Led healthcare and private equity clients on major AI and post-merger integration programmes. Previously chaired the firm's Central and Eastern Europe and Middle East operations. Holds an MBA from the University of Texas at Austin.",PROVIDER,Cross-industry,,industry_v1,2026-10-01T22:20:47,7.34,Value Prop,Implied,none,stated
deloitte.com__us_en_about_people_profiles-mdanitz-2369e20f-html.md,qwen3-vl:32b,"Principal in Finance & Enterprise Performance specialising in finance transformation and digital solutions for the technology, media and telecommunications sectors","Over 15 years of experience in finance transformation and digital solutions for CFOs, specialising in the technology, media and telecommunications sectors. Has led finance transformation programs to deliver next-generation capabilities. Works within a global professional services firm’s finance and enterprise performance practice. No certifications or registrations mentioned in the source.",Finance Transformation and Digital Solutions Advisory,"Practical advisory for SMEs and mid-sized businesses in the technology, media and telecommunications sectors looking to modernise their finance function. Services include designing and implementing digital finance solutions, leading finance transformation programs, and advising on next-generation finance capabilities. Familiar with enterprise performance management tools and digital finance workflows. Scope: advisory support for transformation initiatives.","15 years in finance transformation and digital solutions for the technology, media and telecommunications sectors, including principal in a global professional services firm’s finance and enterprise performance practice. Has led finance transformation programs to deliver next-generation capabilities to finance teams. No specific achievements or certifications stated in the source.",PROVIDER,Technology & Software,,industry_v1,2026-10-01T22:20:39,17.53,Descriptive,Implied,none,none
bcg.com__about_people_experts_christian-gruss.md,qwen3-vl:32b,"Former Managing Director & Senior Partner in Global Strategy Consultancy, Transformation and Restructuring Specialist","I bring 16 years of experience in business transformation and restructuring, having led end-to-end programmes for clients in consumer and industrial goods sectors. As Managing Director & Senior Partner at a global strategy consultancy, I delivered large-scale operational turnarounds and corporate restructurings. I specialise in aligning change initiatives with financial outcomes, improving execution efficiency, and designing transformation frameworks. I hold an MBA from University of Mannheim/Simon Fraser University and a BBA.",Business Transformation and Restructuring Advisory,"Practical advisory for SMEs and mid-sized businesses in consumer goods, industrial products, and other sectors facing operational challenges or growth constraints. Services include designing and leading end-to-end transformation programs, restructuring distressed operations, improving execution efficiency, and aligning change initiatives with financial outcomes. Familiar with transformation frameworks and performance measurement techniques. Scope includes strategy development, process redesign, and change management support.","16 years in business transformation and restructuring, including as Managing Director & Senior Partner at a global strategy consultancy. Previously worked at a consulting firm specialising in corporate restructurings and operational turnarounds for distressed clients. Led large-scale end-to-end transformation programs across Europe and in consumer and industrial goods sectors. Reduced operational costs by 20% in a turnaround engagement and redesigned processes to improve execution efficiency. Holds an MBA from University of Mannheim/Simon Fraser University and a BBA.",PROVIDER,Professional Services,Retail & Consumer,industry_v1,2026-10-01T22:20:39,19.92,Authority,Implied,none,none
bcg.com__about_people_experts_giuseppe-bonaccorsi.md,qwen3.8:27b,Former Managing Director & Energy Strategy Consultant,"I am an energy strategy consultant specialising in digital transformation and new business development. With over a decade of experience at a global strategy consultancy, I help energy and utility companies diversify into alternative energy and digital technologies like AI and blockchain. Previously, I supported major European energy firms on complex strategy projects. I hold an MSc in management engineering and served as a core member of the firm's energy practice, advising on sustainability, circular economy, and innovation sprints for regional clients.",Energy Transition and Digital Strategy Advisory,"Advisory for energy, utilities, and industrial SMEs seeking to diversify into digital or low-carbon segments. Services include portfolio diversification strategy, digital business setup, innovation sprint facilitation, and AI/IoT integration planning. Familiar with renewable energy markets, fuel retail transformation, and circular economy models. Not focused on legal structuring or financial due diligence.","14 years in energy strategy and digital innovation, including Managing Director at a global consultancy. Set up three digital startups for a major regional energy player and launched an innovation sprint for a leading utility company.",PROVIDER,Energy & Resources,Technology & Software,industry_v1,2026-10-01T22:20:44,18.16,Authority,Implied,none,stated
deloitte.com__us_en_about_people_profiles-bradley-niedzielski-15418049-html.md,qwen3.8:27b,Audit & Assurance Partner specialising in business controls and AI-enabled tools,"I am an audit and assurance partner with over 20 years of experience serving complex financial services clients in Singapore. I specialise in modernising controls using AI-enabled tools and providing risk coverage for emerging technologies like AI, ML, and RPA. My expertise covers SOX programme design, internal controls gap analysis, M&A advisory, and business controls for system migrations. I previously led national GenAI initiatives and regional finance transformation practices. I hold a CPA in New York and am a member of the AICPA and NYSSCPA.",Business Controls and SOX Advisory,"Advisory for financial services firms and complex SMEs seeking to modernise internal controls. Services include SOX program design, internal controls gap analysis, M&A advisory, and business controls strategy for system migrations. Familiar with AI-enabled tools, risk coverage for emerging technologies like AI, ML, and RPA, and advanced analytics frameworks.",20 years in audit and assurance specialising in financial services business controls. Led national GenAI initiatives and regional finance transformation practices at a Big Four professional services firm. CPA in New York and member of the AICPA.,PROVIDER,Financial Services,,industry_v1,2026-10-01T22:20:41,31.17,Descriptive,Implied,none,none
bcg.com__about_people_experts_elizabeth-hearne.md,qwen3.6:35b,Strategy & Operations Transformation Advisor specialising in hospitality and travel sectors,"I specialise in strategy and operations transformation within hospitality, travel, and leisure. I advise airlines, hotels, and travel tech firms on loyalty strategies, customer experience, and revenue management. My background includes actuarial consulting for pension benefits, M&A, and integration advisory. My MBA and actuarial qualifications underpin data-driven strategic recommendations that drive commercial growth and operational efficiency for clients across the region.",Strategic Growth and Loyalty Advisory for SMEs,"Practical strategic advice for independent hotels, boutique travel operators, and local leisure businesses seeking to improve profitability. Services include designing effective loyalty programmes to retain customers, optimising pricing and revenue management, and streamlining operations for better efficiency. Particular experience with travel tech integration and enhancing customer experience to drive direct bookings and repeat business.","Extensive tenure as a Managing Director in strategy and operations, including leading a regional travel and infrastructure practice. Delivered significant ROI for clients in airlines, hotels, and travel technology through commercial and digital strategy engagements. Previously acted as an Actuarial Consultant providing M&A and pension benefits advisory.",PROVIDER,OTHER,,industry_v1,2026-10-01T22:21:03,9.48,Descriptive,Implied,none,none
alvarezandmarsal.com__our-people_marcos-ganut.md,qwen3.6:35b,Managing Director specialising in infrastructure and capital projects,"I am a Managing Director with over 20 years of experience in infrastructure and capital projects across multiple continents. I previously served as a partner at a Big Four firm, where I established the infrastructure practice and led a team of 120 engineers. I hold two MBAs in project management and corporate finance, alongside a bachelor's degree in mechanical engineering. My background includes serving as president of a major cost engineering association in Brazil, focusing on practical advisory services for optimising investments.",Infrastructure and Capital Projects Advisory,"Practical project management advisory for Singapore-based SMEs and mid-sized businesses looking to optimise infrastructure investments. Services include risk management, cost control, contract management, and scheduling for greenfield and brownfield projects. Particular experience with power, energy, real estate, and industrial sectors.","I spent 20 years in infrastructure and capital projects management. I created the infrastructure practice at a Big Four firm and managed 120 engineers. I led teams in controlling greenfield and brownfield projects across Africa, Europe, North America, and Latin America. I also served as president of the Association for the Advancement of Cost Engineering in Brazil.",PROVIDER,Construction & Real Estate,Energy & Resources,industry_v1,2026-10-01T22:21:04,9.97,Descriptive,Direct First-Person,none,none
bcg.com__about_people_experts_johannes-blauhuth.md,qwen3.6:35b,Expert in post-merger integration and business transformation for industrial sectors.,"As a retired Managing Director and Partner, I bring deep expertise in guiding industrial clients through complex mergers and transformations. My background spans global strategy consulting and financial services, with a focus on European manufacturing. I help mid-sized enterprises optimize performance and navigate strategic shifts. Holding a BSc from Northeastern University and serving as an LSE visiting scholar, I combine academic rigor with practical advisory experience to deliver lasting value for your business.",Post-Merger Integration and Business Transformation Advisory,"Practical advisory for mid-sized industrial manufacturers and distributors looking to execute successful post-merger integration, restructure operations, or transform commercial strategies. Services include developing corporate and business strategies, designing organizational blueprints, establishing transformation management offices, driving commercial excellence, and implementing cost reduction initiatives. Particular experience with European industrial markets and distribution networks.","I spent 15+ years in industrial goods strategy, post-merger integration, and business transformation. I led the Building Materials and Distribution teams for a global strategy consultancy across Europe, the Middle East, South America, and Africa. Previously, I served as an associate at a major financial services firm and a German management consultancy. I co-authored industry perspectives on construction market outlook and industrial distribution trends.",PROVIDER,Manufacturing,Logistics & Distribution,industry_v1,2026-10-01T22:21:04,9.81,Value Prop,Direct First-Person,none,none
bcg.com__about_people_experts_andreas-malby.md,qwen3.8:27b,Strategic Transformation for Consumer Brands: Performance & Digital Growth,"I specialise in helping retail and consumer goods companies navigate complex transformations. With deep experience in performance improvement, corporate strategy, and advanced analytics, I design programmes that drive tangible results. My background includes leading large-scale initiatives across Europe, the Middle East, Africa, and South America. I also bring a legal perspective from my time as an attorney, ensuring robust governance in your projects. I hold a Master of Laws with high honors, combining strategic insight with rigorous analytical standards. Let’s build a customer-centric future for your business.",Consumer Business Transformation Advisory,"Practical advisory for consumer goods retailers and manufacturers seeking to improve performance or pivot strategy. Services include designing large-scale transformation programmes, developing corporate and digital strategies, implementing advanced analytics solutions, and managing organisational change. Familiar with retail and fast-moving consumer goods sectors, with particular experience in brand revitalisation and customer-centric initiatives for mid-sized and global businesses.","Regional lead for the consumer practice covering Europe, the Middle East, Africa, and South America, and member of the global leadership team. Delivered a transformation programme for a global jewelry giant, reigniting brand passion and improving customer proximity. Previously served as an attorney-at-law and an external lecturer at a university legal faculty. Holds a Master of Laws with high honors.",PROVIDER,Retail & Consumer,,industry_v1,2026-10-01T22:20:57,18.21,Value Prop,Implied,none,none
bcg.com__about_people_experts_kjetil-holgeid.md,qwen3.6:35b,Former Partner & Industry Leader in Public Sector Digital Transformation,"With over 25 years in public sector digital transformation and IT governance, I have partnered with major government ministries and state-owned enterprises across diverse sectors. Holding a PhD in Computer Science from the University of Oslo and an MBA from Cambridge, I specialize in de-risking large-scale tech transformations, optimizing IT costs, and providing strategic CIO advisory. My expertise spans healthcare, defense, and infrastructure, ensuring robust governance and effective technology delivery. I bring deep academic and practical insights to help organizations navigate complex digital landscapes securely and efficiently.",IT Strategy and Transformation Advisory for Public Sector and SMEs,"Practical advisory for Singapore public agencies and mid-sized organisations looking to de-risk and deliver enterprise technology. Services include IT cost optimization, governance framework design, and turnaround strategies for stalled IT projects. Familiar with public sector digital platforms and cloud-based vendor solutions.","25+ years in public sector digital transformation and IT governance. Led the Nordic public sector practice at a global consultancy, advising government ministries and state-owned enterprises. Advised on large-scale IT transformations in health, defense, and infrastructure sectors.",PROVIDER,Healthcare,Public Sector,industry_v1,2026-10-01T22:21:05,10.61,Authority,Implied,none,none
thoughtworks.com__en-ca_profiles_service-line-leads_marcelo-desantis.md,qwen3.6:35b,Former Chief Digital Officer specialising in digital transformation and executive coaching,"I spent over two decades leading digital transformation at Fortune 500 consumer goods and manufacturing firms, serving as Chief Information Officer and Digital Officer. As an ICF-certified executive coach, I help technology leaders navigate complex organisational change and strategy adoption. My background includes board experience with international non-profits and venture capital, where I focused on scaling innovation across global markets. I now dedicate my time to mentoring leaders who seek to modernise their operations and build resilient, future-ready digital cultures.",Digital Transformation Strategy for SMEs,"Practical advisory for food manufacturers and tech startups looking to shape and advance digital transformation, innovation, and organisation transformation strategies. Services include executive coaching for technology leaders and strategy development for digital adoption. Particular experience with large-scale operational change in consumer goods and international markets.","I have led a global digital transformation practice since 2019. Previously, I served as Chief Information and Digital Officer at Fortune 500 consumer goods and manufacturing companies. Recognised as a top technology leader, I hold ICF certification in executive coaching.",PROVIDER,Food & Beverage,Manufacturing,industry_v1,2026-10-01T22:21:12,11.09,Descriptive,Direct First-Person,none,none
mathematica.org__staff_james-mabli.md,qwen3.6:35b,Senior policy specialist in federal nutrition assistance and community food security,"Over two decades in social policy research, specialising in federal nutrition assistance, household food security, and low-wage labor markets. Formerly a senior manager at a major social research institute, I directed large-scale evaluations for national health and labor departments. I previously led projects for major nonprofit food banks. I hold a Ph.D. in economics from New York University and frequently publish in peer-reviewed journals on food access, health outcomes, and employment.",Nutrition Assistance and Food Security Program Evaluation,"Practical evaluation and design advisory for Singapore-based community service agencies, food charities, and SME healthcare providers seeking to improve food assistance schemes and nutrition support for vulnerable populations. Services include needs assessment for elderly or low-income groups, impact analysis of meal delivery programs, and design of intervention pilots for food-insecure households. Familiar with PDPA for participant data, SFRS(I) for program costing, and longitudinal data analysis techniques to measure health and social outcomes.","Over 20 years in social policy research and program evaluation, with extensive experience in federal nutrition assistance and food security. Directed a large 10-state randomized trial on employment and food security. Evaluated congregate meal programs for older adults. Advised the Greater Chicago Food Depository on meal access models for seniors. Holds a Ph.D. in economics.",PROVIDER,Social Services & Non-profit,Public Sector,industry_v1,2026-10-01T22:21:15,10.36,Descriptive,Implied,none,none
mathematica.org__staff_maria-cancian.md,qwen3.8:27b,Former Dean of Public Policy & Senior Government Advisor,"I am a retired public policy specialist with over two decades of experience in academic research and government advisory. I served as a former dean of a university public policy school and an associate dean for social sciences. My advisory work included roles as a senior advisor to a national health ministry and a deputy assistant secretary for policy in a federal agency. My research focuses on policies and programmes affecting family well-being, particularly for underserved populations. I hold a Ph.D. in economics and bring deep expertise to current consulting engagements for Singapore-based organisations seeking rigorous evaluation of their social service initiatives and strategic design of family-focused interventions.",Family Policy Research and Program Evaluation Advisory,"For social service non-profits, family-focused SMEs, and public sector teams in Singapore seeking to design or improve programs for underserved families. Services include evaluating existing family welfare programmes, designing culturally responsive engagement strategies, and analysing policy impacts on household well-being. Familiar with evidence-based solution design and methodological rigour. Not focused on general business management or HR administration.","20 years in public policy and economics research, including roles as a university dean and senior government advisor. Advised a national health ministry and served as deputy assistant secretary for policy. Earned a Ph.D. in economics from a major North American university.",PROVIDER,Education,Social Services & Non-profit,industry_v1,2026-10-01T22:21:14,15.75,Authority,Implied,missing_preposition,stated
brookesbell.com__about-us_the-team_ben-marray.md,qwen3.8:27b,Rigorous Materials Testing for Reliable Manufacturing,"I specialise in precise sample preparation and technical microscopy to ensure your materials meet exacting standards. Providing onsite portable testing, I assist with non-destructive testing projects, including CMAP scanning and weld inspections. My approach combines professional certifications in Magnetic Particle and Visual Inspection with deep technical qualifications in advanced manufacturing and quality control. I deliver dependable technical support in both laboratory and industrial settings, helping clients secure product integrity and operational safety through rigorous, detail-oriented analysis.",Materials Testing and NDT Support,"Technical support for SMEs and industrial clients requiring materials analysis and weld inspection. Services include professional metallurgical specimen preparation, technical microscopy suite support, and onsite portable testing. Assists with non-destructive testing projects such as CMAP scanning and visual weld inspections. Familiar with PCN Level II standards for Magnetic Particle and Visual Inspection, ensuring reliable quality control for manufacturing and construction sectors.",Materials Laboratory Engineer in the Materials department at a scientific testing firm. Supported NDT projects including CMAP scanning and weld inspections. Holds PCN Level II certifications in Magnetic Particle Inspection and Visual Inspection.,PROVIDER,Marine & Offshore,,industry_v1,2026-10-01T22:21:16,18.35,Value Prop,Implied,none,none
bcg.com__about_people_experts_christian-kirschniak.md,qwen3.8:27b,"Independent Consultant specialising in digital, AI, and data transformation strategy","I bring over two decades of experience in digital technology, artificial intelligence, and data transformation. Previously, I led data and analytics operations in Europe and managed a major professional services practice. My focus is designing large-scale digital programmes and enabling data-driven business models. I help mid-sized enterprises modernise operations through strategic roadmaps and AI integration planning. I have worked extensively across healthcare, consumer, and telecommunications sectors, guiding organisations through complex transformation journeys. I combine human capabilities with data technology to build resilient, future-ready enterprises that thrive in competitive markets.",Digital Transformation and AI Strategy Advisory,"Strategic advisory for mid-sized enterprises and SMEs in healthcare, retail, and technology seeking to modernise operations. Services include digital roadmap development, AI integration planning, data architecture assessment, and transformation programme leadership. Familiar with bionic enterprise concepts that combine human capabilities with data technology. Does not include software development or IT infrastructure management.","I spent over 20 years in digital consulting, serving as Partner and Head of Data & Analytics at a Big Four firm and Managing Partner for a global technology provider's European analytics business. I led large-scale digital and AI programmes for clients in healthcare and consumer sectors, delivering data-driven business model innovations.",PROVIDER,Professional Services,Technology & Software,industry_v1,2026-10-01T22:21:42,16.41,Descriptive,Direct First-Person,none,stated
deloitte.com__us_en_about_people_profiles-michael-luk-204866c2-html.md,qwen3.6:35b,Managing Director and Chief Technology Officer specialising in AI and Data Science,"I am a Managing Director and Chief Technology Officer with over a decade of experience in Artificial Intelligence and Data Science. I serve as dean of a global AI Academy, reskilling workforces in machine learning and deep learning. I have extensive expertise in building large-scale enterprise AI models and frameworks that deliver demonstrable returns on investment. I hold a Ph.D. in particle physics from Brown University and a Master of Advanced Study in applied mathematics from the University of Cambridge.",Enterprise AI Strategy and Large-Scale Model Implementation,"Practical AI advisory for Singapore SMEs and mid-sized enterprises seeking to implement machine learning or large-scale enterprise models. Services include assessing ROI potential for AI adoption, designing integration frameworks for existing data systems, and establishing reskilling programmes for internal technical teams. Familiar with global AI standards and immersive training methodologies. Not focused on hardware procurement or generic IT infrastructure support.","I spent over a decade in Artificial Intelligence and Data Science, serving as Managing Director at a global professional services firm and Chief Technology Officer of a data science subsidiary. I led the firm's global AI Academy to reskill workforces and built large-scale enterprise AI frameworks delivering demonstrable returns on investment. I hold a Ph.D. in particle physics from Brown University.",PROVIDER,Technology & Software,Education,industry_v1,2026-10-01T22:21:44,17.86,Authority,Direct First-Person,none,stated
deloitte.com__us_en_about_people_profiles-brian-cassidy-5796f082-html.md,qwen3-vl:32b,Former Partner in Audit & Assurance & Industry Leader in Financial Services and AI Assurance,"Over 20 years in audit and advisory services, including as a partner at a Big Four professional services firm. Specialises in financial services sector clients such as banks, investment companies, and alternative funds. Led AI assurance initiatives and delivered audit, accounting, and advisory services to public and private companies. Holds membership in The American Institute of Certified Public Accountants and other CPA organisations.","Audit, Assurance and AI Risk Advisory for Financial Services Firms","Practical advisory for financial services businesses, including banks, investment firms, and alternative funds. Services include audit and assurance support, risk management for AI and algorithmic systems, compliance advisory for financial reporting standards, and strategic advice on emerging technologies. Familiar with US GAAP, PCAOB standards, and AI governance frameworks. Focuses on improving operational controls and regulatory readiness.","20 years in audit and assurance, specialising in financial services. Partner at a Big Four professional services firm, advising public and private clients including banks, investment companies, and alternative funds. Led the firm’s AI assurance efforts, providing guidance on trustworthy AI and algorithmic risk. Holds membership in The American Institute of Certified Public Accountants and other CPA organisations.",PROVIDER,Financial Services,Technology & Software,industry_v1,2026-10-01T22:21:44,19.59,Authority,Implied,none,none
bcg.com__about_people_experts_andy-levine.md,qwen3.6:35b,"Strategic Advisor for Hospitality, Leisure, and Aviation","As a senior strategy consultant with expertise in the travel and tourism sector, I specialise in airline operations, commercial strategy, and digital transformation. Holding an MBA from Harvard Business School, I help hospitality and leisure businesses optimise revenue management, customer experience, and operational efficiency. I leverage advanced analytics and innovative technology solutions to drive tangible commercial improvements, ensuring your organisation stays ahead in a competitive market.",Aviation and Hospitality Strategy Advisory,"Practical strategy advisory for Singaporean airlines, hotels, travel agencies, and F&B operators looking to optimise commercial performance. Services include pricing and revenue management strategy, customer experience enhancement, operational efficiency improvements, and digital innovation roadmaps. Familiar with AI-driven workflow redesign and advanced analytics for commercial functions.",Led global airline strategy and commercial advisory within a top-tier strategy consultancy's travel and infrastructure practice. Developed AI and analytics tools deployed in clients' commercial operations. Previously held roles at a major gaming and entertainment corporation and an economic research firm.,PROVIDER,Retail & Consumer,,industry_v1,2026-10-01T22:21:59,7.86,Value Prop,Implied,none,none
bcg.com__about_people_experts_ilshat-haris.md,qwen3-vl:32b,Senior Partner in Low-Carbon Solutions and Corporate Strategy,"Over 14 years in corporate strategy and energy transition, including leadership in low-carbon solutions, bioenergy, and global business development. Advised energy and industrial clients on sustainable business ventures, climate investment funds, and commercial transformation. Holds a PhD from Lomonosov Moscow State University.",Low-Carbon Business Strategy and Commercial Transformation Advisory,"Practical advisory for energy and industrial businesses seeking to transition to low-carbon operations or launch sustainable ventures. Services include developing low-carbon business strategies, building climate investment funds, designing commercial transformation roadmaps, and establishing new global trading operations. Familiar with renewable energy markets and bioenergy feedstock economics. Not focused on regulatory compliance or environmental impact assessments.","14 years in corporate strategy and energy transition, including senior partner at a global strategy consultancy. Led development of sustainable business ventures and climate investment funds for energy and industrial clients. Crafted low-carbon solutions strategies and drove large-scale commercial transformations. Co-led social impact initiatives in Houston, collaborating with local non-profits on diversity, equity, and inclusion programmes. Holds a PhD from Lomonosov Moscow State University.",PROVIDER,Energy & Resources,,industry_v1,2026-10-01T22:21:50,18.28,Descriptive,Implied,none,stated
bcg.com__about_people_experts_lars-littig.md,qwen3.6:35b,Managing Director & Industry Leader in Digital Government and AI Strategy,"I am an experienced strategist with a PhD in Computer Science and a robust background in data mining, advanced analytics, and startup leadership. I specialise in large-scale digital and IT transformations across the public sector, defence, and technology industries. As a core member of digital government practices, I drive change management and digital accelerator programmes. My expertise helps national governments harness AI to improve citizen experience and operational maturity.",Digital Government and AI Strategy Advisory,"Practical strategic advisory for Singapore statutory boards, ministries, and government-linked enterprises looking to modernise citizen services and adopt artificial intelligence. Services include conducting digital maturity assessments, designing AI implementation roadmaps, and leading change management for large-scale technology transformations. Particular experience with public sector digital government frameworks and defence agency modernisation. Not focused on software development, infrastructure engineering, or IT project management.","Managing Director at a global strategy consultancy, leading digital government and technology advantage practices for public sector and defence clients across the Middle East. Led the design and implementation of one of the world’s largest digital transformation programmes for a government entity. Previously founded an internet search technology startup and conducted research in data mining and advanced analytics. Holds a PhD in Computer Science.",PROVIDER,Public Sector,,industry_v1,2026-10-01T22:22:02,9.16,Authority,Implied,none,stated
bcg.com__about_people_experts_constantin-probst.md,qwen3-vl:32b,Former Managing Director & Partner in Corporate Finance and Strategy,"Over 10 years of experience in corporate finance, strategy, and cost transformation, with a focus on zero-based budgeting (ZBB), commercial excellence, and business planning. Led multi-year transformations across consumer products, financial institutions, and health care sectors. Core member of the ZBB leadership team and contributor to the development of the firm’s ZBB methodology. Holds an MSc in strategic management and a BSc in international management.",Zero-Based Budgeting and Cost Transformation Advisory,"Practical advisory for SMEs and mid-sized businesses in consumer products, financial services, and health care seeking to restructure costs and improve efficiency. Services include zero-based budgeting implementation, cost transformation planning, business planning, trade terms optimization, and commercial excellence initiatives. Familiar with ZBB methodology and its application in corporate strategy. Not focused on legal compliance or financial reporting standards.","10 years in corporate finance and strategy, specialising in zero-based budgeting and cost transformation. Led multi-year transformations across consumer products, financial institutions, and health care sectors. Core member of the ZBB leadership team and contributed to developing the firm’s ZBB methodology. Holds an MSc in strategic management and a BSc in international management.",PROVIDER,Cross-industry,,industry_v1,2026-10-01T22:21:57,17.57,Authority,Implied,none,stated
alvarezandmarsal.com__our-people_maya-whiteley.md,qwen3.6:35b,Senior Management Consultant specialising in real estate and hospitality strategy,"With over 23 years in real estate and hospitality, I combine strategic vision with commercial delivery. Previously, I led practice areas at a Big 4 firm for 14 years and held developer-side roles in Southeast Asia. My expertise spans asset and fund management, tourism strategy, and complex mixed-use development, primarily across the Middle East.",Destination Strategy and Mixed-Use Development Advisory,"Practical strategic advisory for Singapore-based developers, hospitality groups, and property investors looking to launch or expand mixed-use and tourism projects. Services include concept development, financial feasibility, tourism growth strategy, and brand positioning. Particular experience with large-scale destination masterplans and regulatory navigation for integrated leisure assets.",23+ years in real estate and hospitality strategy. Led landmark destination projects in the Middle East. Advised sovereign entities on tourism investment. Previously led project development and fund management for luxury assets in Southeast Asia.,PROVIDER,Construction & Real Estate,,industry_v1,2026-10-01T22:22:08,9.14,Descriptive,Implied,none,none
bcg.com__about_people_experts_martin-gilbert.md,qwen3.6:35b,"Health Care Strategy, M&A Due Diligence, and Executive Coaching","I bring over 40 years of health care experience, spanning clinical practice and senior operations leadership at a major integrated care provider. I specialise in mergers and acquisitions, value-based care, and sustainability strategy. I combine clinical insight with business acumen to guide leadership teams through complex organisational change and support new CEOs in building high-performing teams.",Health Care M&A Due Diligence and Leadership Advisory,"Practical advisory for clinics, health groups, and care providers looking to navigate mergers, acquisitions, or complex internal restructuring. Services include operational due diligence for M&A transactions, clinical value-based care design, and executive coaching for new leaders building teams. Familiar with healthcare integration, big data applications, and PDPA-related data governance in care delivery. Not focused on legal deal drafting, regulatory compliance filings, or financial auditing.","I spent over 40 years in health care, including senior clinical and leadership roles at a major integrated care provider. I advised global health systems on sustainable integrated care delivery and co-developed a leadership programme for senior executives at a top-tier business school. I served as an Executive Advisor for strategic planning in a large-scale medical care program.",PROVIDER,Healthcare,,industry_v1,2026-10-01T22:22:11,9.83,Descriptive,Direct First-Person,none,stated
bcg.com__about_people_experts_gaby-barrios.md,qwen3-vl:32b,Former Partner at Global Strategy Consultancy & Demand-Centric Growth Strategist,"I spent 19 years in consumer insights and demand-centric growth, working as a partner at a global strategy consultancy and previously as a manager at a strategy advisory firm. I specialise in consumer research, brand strategy, and market growth for consumer products, retail, and hospitality sectors. I have led insight projects for global clients, integrating research into strategic recommendations to drive growth. No professional registrations or certifications stated.",Consumer Insights and Market Growth Advisory,"Practical advisory for consumer goods, retail, and hospitality businesses seeking to grow demand through better consumer understanding. Services include designing and executing consumer insight research, interpreting data for strategic decisions, integrating insights into brand and marketing plans, and developing new research methodologies. Familiar with global consumer behaviour trends and digital touchpoints including AI and GenAI in purchasing decisions.","I spent 19 years in consumer insights and demand-centric growth, including as a partner at a global strategy consultancy and previously as a manager at a strategy advisory firm. I led consumer insight research for clients in retail, consumer packaged goods, restaurant, hospitality and financial services, integrating findings into strategic recommendations. I designed and executed research projects, contributed to new research methodologies, and trained consulting staff. No professional registrations or certifications stated.",PROVIDER,OTHER,,industry_v1,2026-10-01T22:22:07,21.14,Authority,Direct First-Person,none,none
axiomlaw.com__industries_food-beverage.md,qwen3-vl:32b,Food & Beverage Industry Lawyer,"Over 18 years of experience in food and beverage industry legal matters, including compliance, corporate transactions, and dispute resolution. Specialises in regulatory frameworks such as FDA, intellectual property, employment law, and data privacy. Has supported global food retailers, manufacturers, and restaurant chains with legal strategy and compliance. Drafted commercial contracts, conducted workplace investigations, and advised on marketing and advertising regulations.",Food & Beverage Legal Advisory,"Practical advisory for food manufacturers, beverage producers, and restaurant chains on legal compliance and operational risks. Services include drafting and reviewing commercial contracts, advising on FDA and food safety regulations, managing workplace complaints, and supporting intellectual property protection. Familiar with data privacy frameworks including GDPR and CCPA, and experienced in employment law and collective bargaining. Supports SMEs and mid-sized businesses with scalable, on-demand legal support.","18 years in food and beverage industry legal advisory, including roles at a global alternative legal services provider. Advised a global food and beverage retailer on completing a backlog of 200+ workplace complaint cases. Drafted commercial contracts for procurement, tech licensing, and marketing. Conducted investigations and updated HR policies for clients. Supported clients with regulatory compliance including FDA, alcohol licensing, and environmental regulations.",PROVIDER,Food & Beverage,,industry_v1,2026-10-01T22:22:14,16.26,Descriptive,Implied,none,none
bcg.com__about_people_experts_julien-bert.md,qwen3-vl:32b,Driving the Future of Mobility with Proven Strategy and Innovation,"With over 20 years in industrial goods and mobility strategy, I help automotive OEMs, suppliers, and mobility service providers navigate digital transformation and innovation. I’ve led the Center for Urban Mobility Innovation at a global strategy consultancy, advising clients on EV adoption, autonomous vehicles, and digital business models. My work spans strategy, operations, organisational design, and sales and marketing, with a focus on sustainable and scalable mobility solutions. I hold an MBA from Harvard Business School and a Master’s in Management from WHU.",Mobility and Automotive Strategy Advisory,"Practical advisory for automotive manufacturers, mobility service providers, and urban transport operators on digital transformation, innovation strategy, and sustainable mobility solutions. Services include developing future mobility roadmaps, designing digital business models, advising on EV and autonomous vehicle strategies, and optimising sales and marketing operations. Familiar with global trends in urban mobility and digital innovation; experienced in advising clients on AI-driven customer experiences and direct-sales models. Works across regional markets including Southeast Asia and APAC.","20 years in industrial goods and mobility strategy, including as a Managing Director & Senior Partner at a global strategy consultancy. Led the firm’s Center for Urban Mobility Innovation, advising automotive companies, public transport operators, and cities on next-generation mobility solutions. Advised on EV adoption strategies, autonomous vehicle deployment, and digital transformation in mobility services. Holds an MBA from Harvard Business School.",PROVIDER,Manufacturing,,industry_v1,2026-10-01T22:22:08,24.14,Value Prop,Implied,none,none
mathematica.org__staff_jeff-bernson.md,qwen3.8:27b,Global Health Strategy and Data Analytics Specialist,"I bring extensive experience in global health and development, focusing on strategic leadership and advanced data analytics. My background includes designing evidence-based solutions for health and development clients across Southeast Asia. I specialise in program design, data visualization, and partnership development. I hold an MPH and MPA from the University of Washington. My approach combines rigorous analytical methods with practical insights to drive impactful outcomes for healthcare organisations and NGOs in Singapore and the wider region.",Global Health Program Strategy and Data Analytics Advisory,"Strategic advisory for healthcare organisations, NGOs, and development agencies in Singapore and the region. Services include program design and evaluation, data analytics and visualization setup, behavior change communication strategies, and partnership development. Familiar with global health standards, HIV/AIDS initiatives, and capacity building frameworks for international development projects.",15 years in global health and development. Previously General Manager at a Singapore-based international development consultancy and Chief Programs and Innovation Officer at a global health non-profit. Led teams of data engineers and researchers. Earned MPH and MPA from the University of Washington.,PROVIDER,Social Services & Non-profit,Healthcare,industry_v1,2026-10-01T22:22:21,14.76,Descriptive,Implied,none,none
brookesbell.com__about-us_the-team_bryan-ward.md,qwen3.8:27b,Former Senior Scientist in Marine Cargo Chemistry & Industry Expert,"Senior scientist with a PhD in Computational Chemistry and over seven years of experience in marine consultancy and post-doctoral research. I specialise in investigating contamination and damage in bulk and liquid cargoes, including bunker fuels. My expertise covers ship-board inspections and laboratory analysis using FT-IR and GC-MS. I have provided expert opinions for numerous cargo disputes, helping clients navigate complex technical issues. I am a member of the Royal Society of Chemistry and an Associate Member of the Energy Institute, maintaining rigorous standards in scientific analysis. My work focuses on delivering clear, evidence-based insights for maritime claims and fuel non-compliance cases across Singapore and international waters.",Marine Cargo Contamination and Fuel Dispute Advisory,"Expert investigation for shippers, receivers, and insurers managing bulk cargo or liquid fuel claims. Services include ship-board sampling, laboratory analysis of contaminants, and expert reports on cargo damage or fuel non-compliance. Familiar with ISO 8217 standards and IMDG regulations. Particular experience with grain, liquid chemical, and bunker fuel disputes. Does not include legal representation in courts or arbitration tribunals.","7 years in marine scientific consultancy and research, including a Senior Scientist role at a maritime consultancy firm. Conducted laboratory analyses for bunker fuel disputes and investigated contamination in grain and chemical cargoes. Completed a PhD in Computational Chemistry from a major UK research university.",PROVIDER,Marine & Offshore,,industry_v1,2026-10-01T22:22:24,13.33,Authority,Implied,none,stated
bcg.com__about_people_experts_jan-philipp-bender.md,qwen3.6:35b,Senior Consultant in Industrial Strategy and Sustainability,"I offer 17 years of expertise in industrial strategy, specialising in materials, mining, and process industries. My background includes academic roles as a teaching and research assistant at the University of Munich, alongside a PhD in Economics from the same institution, complemented by visiting and MPhil degrees from Oxford and Cambridge. I focus on delivering practical, high-impact strategies for sustainable operational models. My approach combines deep academic rigour with extensive consultancy experience, ensuring that every recommendation is grounded in robust economic theory and proven industry practices. I am committed to driving tangible decarbonisation and circular economy outcomes for complex industrial clients across Singapore and beyond.",Industrial Decarbonisation and Circular Economy Strategy,"Practical advisory for manufacturers and extractive businesses seeking to adopt sustainable operational models. Services include redesigning processes for circular economy benefits, evaluating blockchain for supply traceability, and developing clean energy strategies for industrial sites. Particular experience with metals, mining, and chemicals sectors.","I spent 17 years in industrial strategy, serving as a global practice leader at a top-tier consultancy. I helped companies reengineer business processes using state-of-the-art technologies and identify sustainable business models. I hold a PhD in Economics from the University of Munich.",PROVIDER,Energy & Resources,Manufacturing,industry_v1,2026-10-01T22:22:53,8.01,Descriptive,Direct First-Person,none,none
bcg.com__about_people_experts_cornelius-pieper.md,qwen3.6:35b,Climate & Sustainability Strategy Leader in Industrial Goods,"With over 22 years of experience as a strategy consultant at a global professional services firm, I specialise in climate change, sustainability, and decarbonisation for industrial clients. My background spans green growth strategy, new technology deployment, and support for the First Movers Coalition. Holding a PhD and MS from Bonn University, I focus on helping companies transition to a low-carbon economy through practical sustainability planning. I bring deep expertise in navigating complex regulatory landscapes and implementing actionable decarbonisation roadmaps for organisations seeking genuine environmental impact.",Industrial Decarbonisation and Sustainability Strategy,"Practical advisory for food manufacturers, F&B operators, and industrial SMEs looking to reduce emissions and adopt green technologies. Services include sustainability strategy development, decarbonisation roadmaps, and implementation of new green industrial technologies. Particular experience with circular economy principles and low-carbon transition planning for hard-to-abate sectors.",I spent 22 years as a climate and sustainability strategy specialist in industrial goods. I served as global topic leader for climate and sustainability within a global professional services firm's industrial practice. I led corporate support for the First Movers Coalition to drive deep decarbonisation in hard-to-abate industries.,PROVIDER,Cross-industry,Energy & Resources,industry_v1,2026-10-01T22:22:54,9.23,Authority,Direct First-Person,none,none
deloitte.com__us_en_about_people_profiles-santosh-anoo-8e67aa15-html.md,qwen3.8:27b,Former Regional Telecom Strategy Leader & Transformation Expert,"I am a senior consultant with over two decades of experience shaping the future of communication service providers across the US and Asia Pacific. I specialise in technology strategy, business model transformation, and operational excellence. My expertise covers strategy development, operating model redesign, cloud transformation, digital distribution, and international market entry. I am recognised for combining strategic vision with operational rigour. I have driven strategic change for global clients in highly competitive markets, ensuring sustainable growth and efficiency. My approach is practical, data-driven, and focused on delivering measurable outcomes for stakeholders. I help organisations navigate complex transitions with confidence.",Telecom Strategy and Business Transformation Advisory,"Strategic advisory for communication service providers and technology firms seeking to modernise operations or enter new markets. Services include business model transformation, operating model redesign, cloud transformation planning, and digital distribution strategy. Familiar with complex telecom industry dynamics, competitive market positioning, and operational excellence frameworks. Ideal for organisations aiming to unlock value through strategic change.",20+ years in telecom consulting and industry operations across the US and Asia Pacific. Served as regional leader for communication service providers at a global professional services firm. Delivered strategy and transformation initiatives for global clients. Led engagements focused on cloud transformation and digital distribution.,PROVIDER,Technology & Software,Financial Services,industry_v1,2026-10-01T22:22:47,16.82,Authority,Implied,none,none
bcg.com__about_people_experts_cristian-rodriguez-chiffelle.md,qwen3-vl:32b,Global Trade and Investment Strategy Expert,"Over 20 years of experience in international trade, foreign direct investment, and economic development. Held senior roles at a global strategy consultancy, a national investment promotion agency, and international organisations including the Inter-American Development Bank and the World Economic Forum. Specialises in sustainable FDI, trade policy, climate change and corporate governance. Holds an LLM from Harvard Law School and an MPA from a top global policy institute.",Global Trade and Investment Strategy Advisory,"Practical advisory for SMEs, startups and mid-sized businesses expanding internationally or managing cross-border trade risks. Services include: assessing foreign investment opportunities in emerging markets, navigating geopolitical risks in trade, designing sustainable FDI strategies, and advising on digital trade and service sector regulations. Familiar with international trade agreements, investment promotion frameworks, and climate-related corporate governance standards. Particular experience with renewable energy investments and global value chain reconfiguration.","20 years in global trade and foreign direct investment, including as a partner at a global strategy consultancy and CEO of a national investment promotion agency. Advised governments and firms on sustainable FDI strategies, trade agreement negotiations, and investment promotion across regions. Served as lead negotiator on a major regional trade deal and contributed to policy development at the World Economic Forum. Holds an LLM from Harvard Law School and an MPA from a top global policy institute.",PROVIDER,Professional Services,Public Sector,industry_v1,2026-10-01T22:22:45,21.03,Descriptive,Implied,none,none
deloitte.com__us_en_about_people_profiles-bryant-huber-836e0186-html.md,qwen3-vl:32b,Former Partner in Private Equity Advisory & Industry Leader,"With over 25 years advising private equity firms and portfolio companies, I specialise in complex transactions. I led multinational teams across the M&A lifecycle, including transaction structuring, financial modelling, due diligence, and exit planning. Holding a CPA certification and advanced degrees in accounting and finance, I bring deep technical expertise. Based in the firm’s New York office, I delivered advisory services to global clients.",Private Equity Transaction Advisory,"Practical advisory for private equity firms and mid-sized portfolio companies seeking to execute M&A transactions. Services include transaction structuring, financial modelling, accounting and financial due diligence, purchase and financing agreement advisory, and exit planning. Familiar with global M&A practices and financial reporting standards. Not focused on post-transaction operational management or HR integration.","25 years advising private equity firms and portfolio companies, specialising in complex transactions. Partner at a Big Four professional services firm, leading multinational teams across the M&A lifecycle. Advised on transaction structuring, financial modelling, due diligence, and exit planning for clients. Certified Public Accountant (CPA).",PROVIDER,Financial Services,,industry_v1,2026-10-01T22:22:50,18.73,Authority,Implied,none,stated
bcg.com__about_people_experts_justin-rodriguez.md,qwen3.6:35b,Operations and M&A Specialist,"I am a Specialist with over 15 years in operations management and strategic advisory. Experience includes leading engagements at a Big Four professional services firm and roles as a construction engineer in Singapore. Expertise spans supply chain scaling, GenAI transformation, and capital allocation strategy for major programs. Holds an MBA and a Bachelor of Engineering.",Operations Strategy and Digital Transformation Advisory,"Practical advisory for Singapore-based industrial SMEs and contractors looking to optimise operations. Services include designing resilient supply chains, deploying GenAI tools to automate field service workflows, and restructuring end-to-end business processes. Particular experience with AI-driven efficiency in manufacturing and logistics sectors.",15 years in operations and strategy advisory. Led a S$5M transformation for a major shipbuilder and redesigned business processes with GenAI for steel manufacturers. Prior experience as a construction engineer on major infrastructure projects in Singapore. Focuses on scaling supply chains and capital allocation for large programmes.,PROVIDER,Manufacturing,,industry_v1,2026-10-01T22:23:06,8.83,Authority,Implied,none,none
bcg.com__about_people_experts_louis-watt.md,qwen3-vl:32b,Managing Director & Partner in Public Sector Strategy and Transformation,"Over 20 years of experience in public sector strategy, transformation, and organizational redesign. Specialises in socioeconomic development, defense and security, and change management. Has led global initiatives in sustainable growth and capability building. Previously served as a policy advisor to a senior UK government official. Holds an MA from the University of Cambridge.",Public Sector Transformation and Strategy Advisory,"Practical advisory for government agencies, statutory boards, and public institutions in Singapore seeking to drive organizational change and sustainable growth. Services include strategy development, complex change management, organizational redesign, and capability building. Familiar with public sector reform frameworks and inclusive economic development models. Not focused on direct policy implementation or legislative drafting.","20 years in public sector strategy and transformation, including managing director and partner at a global strategy consultancy. Has led socioeconomic development initiatives at national and regional levels, co-led defense and security projects, and sponsored a centre for sustainable growth. Previously served as a policy advisor to a senior UK government official. Holds an MA from the University of Cambridge.",PROVIDER,Public Sector,,industry_v1,2026-10-01T22:23:01,16.69,Descriptive,Implied,double_connecting_word,stated
bcg.com__about_people_experts_ib-lofgren.md,qwen3.8:27b,Transformation and Post-Merger Integration Specialist,"With over 17 years in business transformation and post-merger integration, I specialise in large-scale operating model redesign and organisational restructuring for industrial and private equity clients. My background includes M&A turnarounds and holistic transformation programmes across Southeast Asia. I hold an MSc in Finance and bring deep expertise in managing complex operational changes. I approach each engagement with a focus on delivering tangible value and ensuring sustainable performance improvements for Singapore-based firms.",Post-Merger Integration and Business Transformation Advisory,"Advisory for Singapore-based industrial firms, private equity investors, and growing SMEs executing mergers or major operational changes. Services include designing post-merger integration strategies, restructuring operating models, managing organisational change, and improving operational performance. Familiar with rigorous programme management frameworks and M&A turnaround methodologies. Particular experience with industrial segments and value creation through integration.","17 years in business transformation and M&A, including senior partner roles at a global strategy consultancy. Delivered numerous holistic large-scale transformations and post-merger integration programmes for industrial and private equity clients. Redesigned operating models and organisational structures that significantly improved bottom-line performance. Previously served as a regional system lead within the Transform practice.",PROVIDER,OTHER,,industry_v1,2026-10-01T22:23:04,16.72,Descriptive,Implied,none,none
alvarezandmarsal.com__our-people_rohit-dhawan.md,qwen3-vl:32b,Strategic Growth for Real Estate & Hospitality Projects,"With 20 years advising sovereign wealth funds, governments, and top developers, I help shape tourism, hospitality, and mixed-use projects that deliver long-term value. I specialise in destination strategy, investment planning, and hospitality platform development. Previously a Partner at a Big Four advisory firm in the Middle East and senior leader in a US-based white-label hospitality firm, I bring deep experience in large-scale development. I hold an MBA in Finance from the University of Nottingham Business School.",Real Estate and Hospitality Strategy Advisory,"Practical advisory for developers, investors, and public agencies in the real estate and hospitality sectors on large-scale projects and destination development. Services include designing future-state strategies for developers, leading concept development for growth corridors, creating business plans for mixed-use and resort developments, and developing activation strategies for tourism authorities. Familiar with sovereign-backed development mandates and international hospitality standards. Scope: one-off advisory engagements for strategic planning, feasibility, and business development.","20 years in real estate and hospitality strategy, including Managing Director at a global strategy consultancy and Partner at a Big Four advisory firm. Advised sovereign wealth funds and governments on multibillion-dollar developments, including a 320 sq km growth corridor in Riyadh and mixed-use projects in Saudi Arabia and Dubai. Developed business plans for luxury resorts, special economic zone-linked developments, and Expo 2020 legacy assets. Held a senior role in a US-based white-label hospitality firm supporting operations and revenue management for franchised hotel assets.",PROVIDER,Construction & Real Estate,Retail & Consumer,industry_v1,2026-10-01T22:23:05,19.46,Value Prop,Implied,none,none
bcg.com__about_people_experts_mathieu-lamiaux.md,qwen3.8:27b,Independent Consultant specialising in health care commercial strategy and market access for Singapore clients,"I bring over 28 years of expertise in the health care sector, focusing on commercial strategy, market access, and corporate development. My background spans a Singapore-based global strategy consultancy and a French development finance institution. As a core member of marketing and global advantage teams, I have advised international health organisations on global initiatives. I hold an MA from a prestigious business school and remain dedicated to delivering practical, high-impact advisory for health care providers, pharma companies, and public health agencies.",Health Care Strategy and Market Access Advisory,"Practical advisory for health care providers, pharma companies, and public health agencies looking to optimise market entry and commercial strategy. Services include commercial strategy development, market access planning, corporate development advisory, and go-to-market strategy for emerging markets. Familiar with value-based health care models and public-private partnerships. Does not include clinical operations management or regulatory filing.","28 years in health care consulting and development finance. Led the health care practice at a global strategy consultancy, advising on commercial and market access topics. Previously worked at a development finance institution in Africa. Core member of the firm's marketing and global advantage practices. Holds an MA from HEC Paris.",PROVIDER,Healthcare,Public Sector,industry_v1,2026-10-01T22:23:09,16.26,Descriptive,Implied,none,stated
mathematica.org__staff_timothy-novak.md,qwen3.6:35b,Senior Project Management & PMO Specialist in Education and Human Services,"With over 30 years in business operations, I specialize in data acquisition and analysis for education and human services. I previously directed a team of 80 and established enterprise-wide PMO best practices. My expertise covers systematic evidence reviews for government programs. I hold an M.S. in education policy and an M.B.A. in economics, bringing deep strategic insight to complex project frameworks.",Project Management Office Setup & Data Analysis,"Practical advisory for mid-sized government agencies and education providers looking to establish or improve their project delivery frameworks. Services include designing Enterprise Project Management Office (EPMO) structures, overseeing data acquisition and processing workflows, and conducting systematic evidence reviews for social programmes. Particular experience with education policy evaluations and human services data analysis. Not focused on software engineering or clinical medical research.","30 years in business operations and project management, including EPMO leadership at a major professional services firm and directing systems technology for a human services division with a staff of 80. Led data collection for national education evaluations and systematic evidence reviews in adolescent literacy and teacher development. Holds an M.S. in education policy and an M.B.A. in economics.",PROVIDER,Social Services & Non-profit,Education,industry_v1,2026-10-01T22:23:17,8.63,Descriptive,Implied,none,stated
brookesbell.com__about-us_the-team_caspar-lavall.md,qwen3.8:27b,Former Head of Fleet Operations & Maritime Industry Leader,"With over 25 years in international maritime operations, I have navigated complex challenges across sailing, ship operations, and commercial management. I previously led fleet performance and cost control for major tanker operators, securing operational excellence across diverse routes. Most recently, I guided regulatory compliance strategies for a leading maritime software provider, representing stakeholders at international committees. My expertise combines hands-on deck experience with strategic commercial insight. I hold a Master in Maritime Management and STCW certifications for chemical, gas, and oil tankers. I remain active in professional bodies including DGAC and Intertanko, ensuring my knowledge aligns with current industry standards and safety best practices.",Chemical Tanker Operations and Regulatory Advisory,"Advisory for ship owners, charterers, and shipping SMEs managing product or chemical tanker fleets. Services include stowage planning and tank utilization optimization, regulatory compliance support for IMO and local standards, performance and expense control reviews, and safety procedure development. Familiar with chemical tanker operations, bunker planning, and international maritime safety regulations.","25 years in international maritime operations and commercial shipping, specialising in chemical and product tankers. Previously served as Head of Operations for a 20-vessel tanker fleet and Senior Ship Operator for US-ARA trade routes. Led fire protection upgrades and safety audits for a port operator. Certified in STCW training for Chemical, Gas, and Oil Tankers.",PROVIDER,Marine & Offshore,Energy & Resources,industry_v1,2026-10-01T22:23:21,18.06,Authority,Implied,none,none
deloitte.com__us_en_about_people_profiles-cmacfarlane-ffbb7d6b-html.md,qwen3.6:35b,Insurance Data Engineering and AI Strategy Adviser,"I have spent 24 years in the property-casualty and group life and health insurance sectors. Previously, I led the insurance AI and data engineering practice at a global strategy consultancy, directing data modernization efforts. My expertise covers establishing robust data governance, master data management, and cloud-based analytics programmes. I specialize in advising insurers on executing complex data DevOps and AI implementations to drive operational efficiency and strategic transformation.",Insurance Data Modernization Advisory,"Practical data strategy advisory for Singapore-based insurers and financial institutions seeking to modernize legacy systems. Services include designing cloud-based data architectures, implementing master data governance, and integrating AI-driven analytics. Particular experience with regulatory data requirements under MAS guidelines and establishing robust data DevOps pipelines. Helps organizations streamline data operations to support compliant and agile insurance products","24 years in insurance and data engineering, including managing director at a global strategy consultancy. Led insurance AI and data operations practices. Advised insurers on cloud, AI, and governance implementations. Delivered strategic roadmaps for data governance and analytics integration.",PROVIDER,Financial Services,,industry_v1,2026-10-01T22:23:40,9.29,Descriptive,Implied,omitted_trailing_period,none
bcg.com__about_people_experts_dan-belz.md,qwen3.8:27b,Former Corporate Development & Procurement Specialist with M&A Legal Background,"I bring over 15 years of expertise in corporate development, procurement, and supply chain management. My career began in 2009 at a top-tier professional services firm, where I served as a core member of the corporate development, operations, and procurement practices. I specialise in programmatic procurement, post-merger integration, and supply chain optimisation. Before transitioning to operations, I practised corporate law, focusing on M&A and venture capital. I hold an MBA from a leading business school and a law degree, combining legal precision with operational strategy to deliver tangible business outcomes.",Procurement Transformation and PMI Advisory,"Practical advisory for mid-sized businesses and SMEs undergoing growth or merger activities. Services include developing procurement category strategies, managing post-merger integration of operations, and optimizing supply chains for cost efficiency. Familiar with risk management, commodities strategy, and automation initiatives to enhance supplier diversity and operational resilience.","15 years in operations and corporate development, beginning at a major professional services firm in 2009. Previously practised as a corporate lawyer, specialising in international M&A and venture capital investments. Delivered strategic solutions across programmatic procurement transformations and post-merger integrations for multiple clients.",PROVIDER,Professional Services,,industry_v1,2026-10-01T22:23:37,19.06,Authority,Implied,none,none
bcg.com__about_people_experts_akash-bhatia.md,qwen3-vl:32b,Former Managing Director & Senior Partner in Enterprise Software & Growth Technology,"Over 20 years in enterprise software, specialising in product strategy, M&A due diligence, net revenue retention, and partner ecosystems. Led growth tech initiatives for a global professional services firm, scaling smaller software companies through strategic advisory. Was an early employee at a VC-funded enterprise software startup (now part of IBM) and contributed to early web technologies at NASA. Regularly publishes on AI, SaaS, and go-to-market strategies, shaping tech thought leadership.",Growth Strategy & Product Ecosystem Advisory for SaaS Companies,"Practical advisory for SMEs and mid-market SaaS businesses looking to scale, improve product-market fit, and optimise revenue retention. Services include go-to-market strategy redesign, partner ecosystem development, M&A due diligence support, and product portfolio optimisation. Familiar with GenAI, AI-first SaaS models, and verticalisation trends. Not focused on technical implementation or software development.","20 years in enterprise software and growth technology, including as Managing Director & Senior Partner at a global professional services firm. Led the firm’s growth tech business, expanding its presence in the mid-market software space over five years. Advised software clients on product strategy, net revenue retention, and partner ecosystems. Previously an early employee at a VC-funded enterprise software startup (now part of IBM) and worked at NASA on early web technologies.",PROVIDER,Technology & Software,,industry_v1,2026-10-01T22:23:39,20.98,Authority,Implied,none,stated
bcg.com__about_people_experts_daniel-friedman.md,qwen3.8:27b,M&A and Post-Merger Integration Specialist,"I bring over 30 years of expertise in mergers, acquisitions, and business transformation. I specialise in complex integrations, operating-model redesign, and organisational culture alignment. My work supports clients in retail, consumer goods, technology, healthcare, and industrial sectors through critical change phases. I hold an MBA and a BA in economics and political science. I focus on delivering clear, actionable strategies that ensure successful deal outcomes and sustainable organisational performance.",M&A and Integration Advisory,"Advisory for SMEs and mid-sized companies planning acquisitions or major corporate restructuring. Services include pre-deal due diligence on integration risks, post-merger integration roadmapping, operating model design, and organisational culture alignment. Experienced in retail, consumer goods, technology, and industrial sectors, with a focus on capturing value synergies and managing change effectively to ensure successful deal outcomes.","30 years in strategy consulting, specialising in M&A and post-merger integration. Served as Global Leader of the M&A and Integrations practice at a leading professional services firm, advising clients in retail, technology, and healthcare on growth and restructuring. Prior experience as a director of finance and relationship manager in the financial sector.",PROVIDER,Cross-industry,,industry_v1,2026-10-01T22:23:45,15.88,Descriptive,Implied,none,none
bcg.com__about_people_experts_jens-burchardt.md,qwen3-vl:32b,Global expert on climate impact and sustainability strategy,"Over 20 years in corporate finance, strategy, and sustainability, including as a Managing Director & Partner at a global strategy consultancy. Advised private and public sector clients on decarbonisation, low-carbon technologies, and sustainability transformations. Co-founded the firm’s Center for Climate and Sustainability. Authored landmark publications cited in national and international media. Regular speaker at global forums including TED and COP26. Holds a Dr. rer. pol. in corporate finance, an MBA, and a Dipl.-Kfm.",Sustainability Strategy and Climate Transition Advisory,"Practical advisory for mid-sized and large enterprises in energy, manufacturing, and industrial sectors looking to decarbonise operations and enter low-carbon markets. Services include developing net-zero roadmaps, setting up carbon pricing mechanisms, identifying low-carbon investment opportunities, and designing sustainability transformation programmes. Familiar with international climate frameworks and best practices in corporate sustainability reporting. Works with clients across Southeast Asia and the APAC region.","20 years in corporate finance and sustainability strategy, including as Managing Director & Partner at a global strategy consultancy. Advised clients on decarbonisation projects with total investment volume of several billion euros across oil and gas, power, steel, cement, chemicals, automotive, shipping, aviation, and consumer goods. Co-founded the firm’s Center for Climate and Sustainability and authored landmark publications cited in national and international media. Holds a Dr. rer. pol. in corporate finance, an MBA, and a Dipl.-Kfm.",PROVIDER,Energy & Resources,Manufacturing,industry_v1,2026-10-01T22:23:42,19.83,Descriptive,Implied,none,none
bcg.com__about_people_experts_ben-eppler.md,qwen3-vl:32b,Consumer Strategy and Growth Advisor,"I have 17 years in consumer strategy and growth, including as a Managing Director & Partner at a global strategy consultancy. I specialise in demand-centric growth, pricing, omnichannel sales, and sustainability in retail. I work with clients in restaurant, retail, and travel and tourism sectors. I hold an MBA from Harvard Business School and a BA from Stanford University.",Consumer Growth Strategy Advisory,"Practical advisory for restaurants, retailers, and travel businesses seeking to grow sustainably. Services include demand-centric growth planning, pricing strategy development, omnichannel sales optimisation, and sustainability integration in retail. Familiar with consumer insights, long-term strategic planning, and operational efficiency improvements. Particular experience with digital transformation in hospitality and retail.","17 years in consumer strategy and growth, including as a Managing Director & Partner at a global strategy consultancy. Advised clients in restaurant, retail, and travel and tourism sectors on demand-centric growth, pricing, and omnichannel sales. Led the firm's sustainability efforts in retail. Delivered growth strategies for clients across multiple regions, including in the APAC market.",PROVIDER,Retail & Consumer,,industry_v1,2026-10-01T22:23:55,15.99,Descriptive,Implied,none,none
bcg.com__about_people_experts_marc-giesener.md,qwen3.8:27b,"Former Managing Director & Industry Leader in Aerospace, Defense, and Industrial Strategy","I bring over 14 years of experience advising aerospace, defense, and industrial goods leaders. My focus spans strategy, due diligence, operations, and transformation within the public sector and industrial goods practices. I have deep regional expertise in Southeast Asia and Europe, having joined the firm in 2012. I served as a co-author for the annual defense innovation report, which assesses global ministry progress. My background includes organic chemistry research under a Nobel Laureate, alongside an MBA from a leading business school and a BA in science and mathematics.",Defense and Industrial Strategy Advisory,"Practical advisory for defense contractors, industrial manufacturers, and government agencies seeking to modernise operations. Services include strategic due diligence for acquisitions, operational efficiency reviews, procurement strategy, and innovation readiness assessments. Familiar with defense innovation frameworks, open systems architecture, and large-scale transformation programmes in complex regulatory environments.","14 years in strategy consulting specialising in aerospace, defense, and industrial goods. Served as Managing Director at a global professional services firm, leading M&A due diligence and operational transformation. Co-authored the annual defense innovation report examining global defense ministries.",PROVIDER,Public Sector,,industry_v1,2026-10-01T22:23:56,17.32,Authority,Implied,none,none
bcg.com__about_people_experts_jerome-rein.md,qwen3-vl:32b,Former Managing Director & Senior Partner in Industrial Strategy and Aerospace,"I spent over 12 years in industrial strategy and operations consulting, including as a partner at a global strategy consultancy before joining a global professional services firm in 2014. I specialise in aerospace and defense, with expertise in growth strategies, performance improvement, post-merger integration, and large-scale transformation. I hold an MBA from ESSEC Business School and a Master’s in industrial management and economics.",Industrial Strategy and Aerospace Transformation Advisory,"Practical advisory for industrial manufacturers and aerospace suppliers looking to improve performance, streamline operations, and execute growth or recovery strategies. Services include performance improvement programmes, post-merger integration, supply chain optimization, engineering efficiency initiatives, and cost reduction projects. Particular experience with aerospace and defense sector challenges and transformation needs.","I spent 12 years in industrial strategy and operations consulting, including as a partner at a global strategy consultancy before joining a global professional services firm in 2014. I led engagements on industrial performance, program management, recovery, post-merger integration, and large-scale transformation. I have deep experience in aerospace and defense, advising aircraft manufacturers and suppliers on growth strategies and company-wide transformation programs. I hold an MBA from ESSEC Business School and a Master’s in industrial management and economics.",PROVIDER,OTHER,,industry_v1,2026-10-01T22:24:01,16.36,Authority,Direct First-Person,none,none
alvarezandmarsal.com__our-people_saqib-saeed.md,qwen3-vl:32b,Former Managing Director & Industry Leader in Real Estate Strategy and M&A,"With 19+ years of global experience in real estate transactions, strategy, joint ventures, and capital formation, I have advised senior executives on multi-billion-dollar portfolios and transactions across public and private sectors. Former Managing Director at a global restructuring and advisory firm, I previously held leadership roles at a Singapore-based real estate investment group and a Big Four advisory firm’s strategy practice. Certified by the Australian Property Institute, I bring deep expertise in real estate strategy and transaction execution.",Real Estate Strategy and Transaction Advisory,"Practical advisory for real estate developers, investors, and property groups on strategic asset allocation, joint ventures, M&A, and portfolio management. Services include formulating growth strategies for land banks, structuring joint ventures, leading land commercialization, and advising on masterplan activations. Familiar with real estate transaction frameworks and investment strategy across regional markets. Scope: one-off advisory engagements for SMEs, developers, and institutional investors.","19+ years in real estate strategy and transactions, including Managing Director at a global advisory firm’s real estate practice. Led strategic activation of six large-scale masterplans in Dubai, including projects with 130–350 million sq ft GFA, through joint ventures and land sales. Formulated land bank strategy and strategic asset allocation for a major Singapore-based real estate investment group. Served as Director/Chairman on 11 portfolio companies, supporting M&A and value creation. Certified by the Australian Property Institute.",PROVIDER,Construction & Real Estate,,industry_v1,2026-10-01T22:24:02,15.9,Authority,Implied,none,none
bcg.com__about_people_experts_karthik-valluru.md,qwen3.8:27b,M&A and Process Industry Transformation Consultant for Industrial Clients,"I specialise in mergers, acquisitions, and business transformation for industrial and process industries. My work centres on spin-offs, carve-outs, strategy, and procurement operations. As a Chartered Accountant with an MBA in finance, I bring rigorous financial discipline to complex transactions. I have led global materials and process industries practices, focusing on preserving value during high-stakes corporate changes. My approach combines deep operational insight with strategic clarity, ensuring that clients navigate their transformations efficiently. I aim to deliver tangible outcomes that enhance long-term business health and operational resilience in competitive markets.",M&A Due Diligence and Carve-Out Advisory,"Strategic advisory for mid-sized industrial manufacturers and process companies planning mergers, acquisitions, or business separations. Services include pre-transaction due diligence, carve-out planning, operational integration support, and post-merger integration strategy. Experienced in materials, metals, mining, and healthcare sectors. Focuses on preserving value during complex transactions. Does not provide legal contract drafting or regulatory filings.","Extensive experience in industrial goods and process industries, including prior roles as Financial Controller at multinational consumer and telecom companies. Led large-scale transformation efforts and spin-offs at a global strategy consultancy. Qualified as a Chartered Accountant from the Institute of Chartered Accountants of India.",PROVIDER,Manufacturing,,industry_v1,2026-10-01T22:24:02,19.14,Descriptive,Implied,none,stated
bcg.com__about_people_experts_alex-koster.md,qwen3.6:35b,Automotive Technology Strategy & Digital Transformation Specialist,"I advise automotive manufacturers, suppliers, and tech-enabled industrial firms on navigating the shift to software-defined vehicles and digital ecosystems. With deep expertise in semiconductor strategies and large-scale software organisation models, I help clients structure tech-industry joint ventures and alliances. My approach blends strategic foresight with practical advisory, covering agentic AI dynamics and geopolitical compliance. I focus on high-level strategy rather than software development or implementation engineering.",Automotive Software & Digital Ecosystem Strategy,"Practical strategy advisory for automotive manufacturers, suppliers, and tech-enabled industrial firms looking to navigate the shift to software-defined vehicles and digital platforms. Services include defining operating models for large-scale software organisations, developing semiconductor and IoT strategies, and structuring tech-industry joint ventures and alliances. Familiar with agentic AI dynamics and geopolitical compliance in tech. Not focused on software development or implementation engineering.","20 years in automotive technology strategy and digital transformation. Led global strategy practices for major professional services firms, advising OEMs and PE investors on software-defined vehicles and semiconductors. Developed semiconductor strategies for consumer electronics and defined operating models for large-scale software organisations. Previously Managing Director at a global professional services firm and Partner at Strategy&. Holds an MBA from INSEAD and an MSc in electrical engineering.",PROVIDER,Technology & Software,,industry_v1,2026-10-01T22:24:36,8.08,Descriptive,Implied,none,stated
bcg.com__about_people_experts_david-martin.md,qwen3-vl:32b,Senior People & Organization Strategist,"Over 20 years in organizational strategy, talent management, culture, and change management, including leadership roles at a global strategy consultancy. Specialises in aligning people strategies with business transformation, particularly in technology, media, and telecommunications. Has driven AI integration in HR and organizational change, scaling GenAI offerings to over 400 clients globally. Holds an MBA and BA from Duke University.",Organizational Transformation and Change Management Advisory,"Practical advisory for SMEs, startups, and mid-sized businesses in technology, media, and telecommunications looking to implement organizational change, improve culture, and integrate AI into people strategies. Services include designing organizational structures, leading change management initiatives, developing leadership development programmes, and embedding AI in HR processes. Familiar with GenAI implementation frameworks and human-centric transformation principles.","20 years in organizational strategy and change management, including as Managing Director & Senior Partner at a global strategy consultancy. Led the firm’s People & Organization practice, focusing on organizational design, talent management, culture, and change management. Played a pivotal role in scaling the firm’s GenAI offerings to over 400 clients globally. Prior to this, worked as a software engineer and product manager at a financial services startup and at a major global financial institution.",PROVIDER,Professional Services,Cross-industry,industry_v1,2026-10-01T22:24:35,15.36,Descriptive,Implied,none,none
deloitte.com__us_en_about_people_profiles-cpuglia-1b5f6dc7-html.md,qwen3.8:27b,Navigate Complex M&A Tax: Secure Strategy for Growth,"With over 25 years in mergers and acquisitions and cross-border tax strategy, I help multinational leaders align tax with business growth. I previously served as East Region Tax Managing Partner and Chief Products Officer at a Big Four firm, overseeing a large team supporting complex clients. I now lead AI strategy initiatives, advising executives at banks, asset managers, insurers, and real estate organisations. My MBA in Finance and Corporate Finance grounds my approach in practical, modern operating models. I design solutions that cut through regulatory complexity, ensuring your tax structure supports long-term value creation in dynamic environments.",Tax Transformation and M&A Advisory,"Executive advisory for mid-market and large enterprises in financial services, insurance, and real estate. Services include cross-border tax strategy development, M&A due diligence support, and enterprise tax operating model design. Familiar with modernizing tax functions through technology-driven processes and AI strategy. Experienced in navigating dynamic tax policy environments for complex organizational structures.","25 years in tax strategy and leadership, including roles as East Region Tax Managing Partner and Chief Products Officer at a Big Four firm. Oversaw a team of over 6,000 tax professionals supporting Fortune 500 clients. Advised executive teams at leading banks and insurers on tax policy and transformation. Holds an MBA from a top business school.",PROVIDER,Financial Services,Construction & Real Estate,industry_v1,2026-10-01T22:24:38,15.61,Value Prop,Implied,none,none
bcg.com__about_people_experts_juliana-abreu.md,qwen3.8:27b,Former Managing Director of Transformation & Global Strategy Leader,"I am a senior strategy consultant with over two decades of experience in business transformation, change management, and organizational design. Specialising in process industries, chemicals, and metals and mining sectors, I previously led transformation work for regional clients in Iberia and South America. I hold an MBA from a prestigious US business school and a BA in International Relations. My expertise lies in governance design and navigating complex organizational shifts during market uncertainty or integration. I bring a proven track record of delivering high-impact strategic outcomes for industrial clients across global markets.",Business Transformation & Change Management Advisory,"Strategic advisory for mid-sized to large industrial companies undergoing restructuring, merger integration, or operational pivots. Services include designing organizational structures, leading change management initiatives, improving board engagement for transformation oversight, and aligning people strategy with business goals. Particular experience with process industries, chemicals, and metals and mining sectors in emerging markets. Not focused on legal due diligence or financial audit services.","Over 20 years in management consulting and transformation, including 5 years in the telecommunications sector. Coordinated operations at a national telecommunications provider before joining a global strategy consultancy. Led the transformation practice for a multi-country region, advising industrial clients on governance and organizational design.",PROVIDER,Energy & Resources,Manufacturing,industry_v1,2026-10-01T22:24:40,14.8,Authority,Implied,none,stated
bcg.com__about_people_experts_deborah-lovich.md,qwen3.8:27b,Former Global Partner & Leader in Organisational Culture & Change Management,"I am a former managing director with over 30 years of consulting experience, specialising in the human side of organisational transformation. For the last 15 years, I have worked across industries and countries to change cultures and leader behaviours from the C-suite to the front line. As an MBA graduate, I led global initiatives on the future of work, focusing on radical employee centricity and GenAI adoption to enable sustained value creation. I am known for bridging the gap between strategic intent and daily employee experience, ensuring that transformation efforts resonate with every team member.",Future of Work and Culture Transformation Advisory,"Advisory for SMEs and mid-sized organisations navigating cultural shifts or adopting new technologies like GenAI. Services include diagnosing workforce sentiment, designing employee-centric change management programmes, and coaching leaders on behavioural change. Focuses on making work viable for all employees, particularly deskless workers, to improve retention and productivity. Familiar with Singapore’s evolving digital workforce landscape. Does not include technical system implementation or legal compliance auditing.","30+ years in consulting, with the last 15 focused on organisational culture and change management. Served as a senior partner at a global professional services firm. Led the firm’s global predictability, teaming, and open communication (PTO) program to improve internal culture and work-life balance.",PROVIDER,Cross-industry,,industry_v1,2026-10-01T22:24:45,14.73,Authority,Implied,none,stated
alvarezandmarsal.com__our-people_trevor-phillips.md,qwen3.6:35b,Expert Valuation for Property Damage Claims,"With over 25 years in real estate valuation, I provide precise assessments of property value diminution from environmental impacts. Former senior roles at Deloitte and PwC underpin my expertise in loss quantification for litigation and insurance. I deliver robust financial reporting and due diligence, helping clients navigate complex claims with clarity and accuracy. My work ensures fair outcomes based on rigorous professional standards.",Property Damage and Environmental Value Assessment Advisory,"Practical advisory for property owners and businesses seeking to quantify financial losses from environmental contamination, structural defects, or physical damage. Services include loss of use and enjoyment claims, property diminution valuation, expert report review, and appraisal process management for litigation and insurance. Particular experience with Uniform Standards of Professional Appraisal Practice.","25+ years in real estate valuation and damage claims. Led senior engagements at Deloitte, PwC, and Navigant Consulting. Quantified property value diminution from environmental impacts for all major property types. Managed appraisal quality and compliance for bankruptcy and due diligence clients.",PROVIDER,Construction & Real Estate,,industry_v1,2026-10-01T22:24:59,9.45,Value Prop,Implied,none,none
bcg.com__about_people_experts_mario-gonsalves.md,qwen3.8:27b,Operational Excellence and Public Sector Strategy Consultant specialising in infrastructure and LEAN operations.,"I am an independent consultant specialising in operational excellence and public sector strategy. With over 15 years of experience, I deliver large-scale transformation, growth strategy, and infrastructure development solutions. I focus on LEAN operations, go-to-market strategies, and project financing for public and private entities. My background includes executing turnkey power distribution projects and leading transportation work across Asia Pacific. I hold an MBA from a top Indian business school and an electrical engineering degree, bringing a practical approach to complex regulatory environments in Singapore and the broader APAC region.",Operational Excellence and Infrastructure Strategy Advisory,"Practical advisory for infrastructure developers, public sector agencies, and industrial businesses seeking to optimise operations or execute large-scale projects. Services include LEAN operations implementation, growth strategy formulation, infrastructure financing structuring, and go-to-market planning. Familiar with regulatory frameworks for transport and public sector development in Singapore and the broader APAC region. Experienced in applying design-led and digitally powered strategies to enhance manufacturing and service delivery efficiency.","15 years in operational excellence and public sector advisory, including time as Managing Director at a global strategy consultancy. Led major projects in transport infrastructure and defence across Asia Pacific. Previously executed turnkey power distribution projects at a global industrial conglomerate. Holds an MBA from a premier Indian business school.",PROVIDER,Public Sector,,industry_v1,2026-10-01T22:24:53,15.83,Descriptive,Implied,none,none
bcg.com__about_people_experts_carol-liao.md,qwen3.8:27b,Decisive Strategy and M&A Guidance for Ambitious Asian Growth,"I help consumer businesses navigate complex mergers and high-stakes market entries with precision. My approach combines deep regional insight with rigorous analytical frameworks to secure tangible commercial outcomes. I specialise in due diligence, post-merger integration, and pricing strategies that drive revenue. Whether you are expanding into emerging markets or optimising operations through AI, I provide the strategic clarity required to execute confidently and achieve sustainable growth in competitive landscapes.","M&A, Go-to-Market and Digital Transformation Advisory","Advisory for SMEs, family businesses, and startups in consumer products, retail, and emerging market entry. Services include M&A due diligence and post-merger integration, go-to-market strategy for Asian markets, pricing and revenue management optimisation, and AI-driven operational improvement. Familiar with consumer sector dynamics and digital transformation frameworks. Not focused on legal drafting, regulatory compliance, or court representation.","30 years as a strategy consultant, including 25 years at a global management consultancy serving as regional chairman and global executive committee member. Led marketing strategy for a multinational consumer goods company. Co-authored influential books on business family management, digital transformation, and market entry strategies in Asia.",PROVIDER,Retail & Consumer,,industry_v1,2026-10-01T22:24:51,21.9,Value Prop,Implied,none,stated
bcg.com__about_people_experts_jiyeon-song.md,qwen3-vl:32b,Consumer Products Strategy & Digital Transformation Expert,"Over 10 years of experience in consumer products strategy, digital transformation, and go-to-market planning. Has led strategy, e-commerce, and operations projects for domestic and global clients in retail, consumer goods, and logistics. Specialises in marketing, sales, pricing, and logistics. Holds a BA in Business Administration/English Literature from Yonsei University.",Consumer Products Strategy and Digital Growth Advisory,"Practical advisory for consumer goods brands, retailers, and logistics providers in Singapore and Southeast Asia looking to expand into new markets or grow digitally. Services include go-to-market strategy for emerging markets, digital transformation planning, e-commerce platform optimisation, pricing strategy development, and logistics and supply chain execution improvement. Familiar with digital marketing tools and e-commerce platforms. Works with SMEs and mid-sized businesses to scale operations and enter new regions.","10 years in consumer products strategy and digital transformation, including managing director and partner at a global strategy consultancy. Has led numerous strategy, digital, e-commerce, and operations projects for retail, consumer goods, and logistics clients. Specialised in go-to-market strategy for emerging markets, marketing, sales, pricing, and logistics. Advised clients across Southeast Asia on digital growth and execution capabilities.",PROVIDER,OTHER,,industry_v1,2026-10-01T22:24:55,19.84,Descriptive,Implied,none,none
bcg.com__about_people_experts_kristian-kuhlmann.md,qwen3-vl:32b,Expert in manufacturing strategy and production optimization,"I have over 20 years in industrial operations and manufacturing strategy, including as Chief Engineer at a leading European university research lab and as a Managing Director in a global strategy consultancy. I specialise in production network optimization, Industry 4.0 integration, and future production setups. I hold a PhD and MBA in mechanical engineering and have authored multiple publications on advanced manufacturing and supply chain transformation.",Manufacturing Strategy and Production Optimization Advisory,"Practical advisory for manufacturers and industrial businesses seeking to modernise operations and improve efficiency. Services include production network redesign, implementation of Industry 4.0 technologies, factory layout optimisation, and supply chain resilience planning. Familiar with digital transformation frameworks and advanced robotics in manufacturing. Focuses on scalable, outcome-driven solutions for SMEs and mid-sized industrial firms.","I spent 20 years in manufacturing strategy and industrial operations, including as Chief Engineer at a university laboratory for machine tools and production engineering. I led production network optimization projects for automotive and chemicals clients across Europe, Middle East, and Africa. I advised on Industry 4.0 integration and future factory designs, including flexible-cell manufacturing and digital twin applications. I hold a PhD and MBA in mechanical engineering.",PROVIDER,Manufacturing,Technology & Software,industry_v1,2026-10-01T22:25:04,17.5,Descriptive,Direct First-Person,none,none
bcg.com__about_people_experts_michelle-russell.md,qwen3-vl:32b,Former Managing Director & Industry Leader in Health Care Organisation Strategy and Change Management,"I spent 25 years in health care strategy and organisation consulting, including as Managing Director at a global strategy consultancy. I specialise in change management, culture transformation, and leadership development for academic medical centres, hospital systems, and payers. Previously, I was a researcher at a leading university and hold a PhD in organic chemistry.",Health Care Organisation Strategy and Change Management Advisory,"Practical advisory for health care providers, including hospital systems and academic medical centres, looking to transform organisational culture and leadership. Services include designing change management programmes, developing leadership development frameworks, and advising on culture transformation strategies. Familiar with industry best practices in health care organisation strategy and change management.","I spent 25 years in health care organisation strategy and change management, including as Managing Director at a global strategy consultancy. I led the firm’s health care practice for North America and Canada, and served as regional practice leader for people and organisation strategy. I advised academic medical centres and hospital systems on culture and change management initiatives. I hold a PhD in organic chemistry.",PROVIDER,Healthcare,,industry_v1,2026-10-01T22:25:07,15.05,Authority,Direct First-Person,none,none
brookesbell.com__about-us_the-team_chukwudera-egemonye.md,qwen3.8:27b,Inspection Engineer Specialising in Non-Destructive Testing,"I am an Inspection Engineer with a Master’s degree in Mechanical Engineering, specialising in advanced Non-Destructive Testing. My expertise covers Pulsed Eddy Current Array testing, corrosion mapping, and material state evaluation for ship structures and offshore assets. I hold PCN Level 2 certifications in Ultrasonic Testing, Eddy Current Testing, and Magnetic Particle Inspection. My focus is on delivering third-party assessments and producing expert reports to resolve technical disputes in complex engineering projects across Southeast Asia, ensuring structural integrity and compliance.",Non-Destructive Testing and Structural Integrity Advisory,"Practical NDT advisory for shipyards, offshore operators, and asset owners in Singapore. Services include Ultrasonic and Eddy Current weld inspection, PECA testing of ferromagnetic materials, corrosion mapping, and expert reporting for dispute resolution. Familiar with advanced tools like Eddyfi LYFT and Sonatest Veo3. Does not include legal representation in court.","10+ years in non-destructive testing and structural integrity. Previously served as an Inspection Engineer, conducting third-party assessments and corrosion mapping for ship and offshore assets in Southeast Asia. Produced an expert report on welding defects that resolved a stakeholder dispute. Holds PCN Level 2 certifications in UT, ET, and MPI.",PROVIDER,Marine & Offshore,,industry_v1,2026-10-01T22:25:13,13.74,Descriptive,Implied,none,stated
bcg.com__about_people_experts_anant-shivraj.md,qwen3.6:35b,"Managing Director in Technology Strategy, M&A and Digital Transformation","Experienced technology executive with over two decades of leadership in digital transformation, mergers and acquisitions, and corporate strategy across Southeast Asia. Currently leads regional technology and media practices for a global professional services firm, focusing on revenue expansion and digital ecosystem scaling. Previously managed major software launches at Dell and began career in intellectual property. Holds an MBA from Tuck School of Business and degrees in Computer Engineering and Applied Economics.",Digital Strategy and M&A Advisory for Technology SMEs,"Practical strategic advisory for Singapore-based technology SMEs, F&B operators, and startups looking to scale digital ventures or navigate growth transitions. Services include digital business model design, merger and acquisition due diligence, post-merger integration planning, and corporate portfolio restructuring. Particular experience with telecommunications and payment platforms. Familiar with Southeast Asian market dynamics and regional regulatory environments.","More than 20 years in technology strategy and corporate development, including managing director at a global professional services firm. Led company-wide digital transformation programs focusing on revenue expansion for regional telecommunications and technology clients. Previously managed major software launches at Dell for global clients like Microsoft and Adobe. Holds an MBA from Tuck School of Business.",PROVIDER,Technology & Software,Financial Services,industry_v1,2026-10-01T22:25:31,9.76,Authority,Implied,none,none
deloitte.com__us_en_about_people_profiles-crystal-andersen-50b62fae-html.md,qwen3.6:35b,Finance Transformation Partner for Investment Management,"With over 20 years in financial services advisory and external audit, I specialise in finance function transformation for investment management clients. My expertise covers accounting, reporting, internal controls, and M&A integration for complex structures, including hedge funds and private equity. I am a Certified Public Accountant qualified in New York, Illinois, and Iowa, and a member of the AICPA.",Finance Function Transformation for Investment Managers,"Practical advisory for Singapore-based investment managers, private equity funds, and hedge funds seeking to modernise their finance operations. Services include designing target operating models, automating financial reporting workflows, strengthening internal controls, and executing M&A due diligence and integration. Particular experience with PDPA-aligned data alignment for global financial reporting and restructuring complex fund structures.","Over 20 years in financial services advisory, including partner leading finance transformation for investment management clients. Advised executives on modernizing finance functions, aligning data for global reporting, and managing lifecycle transactions such as IPOs and fund liquidations. Certified Public Accountant qualified in New York, Illinois, and Iowa.",PROVIDER,Financial Services,,industry_v1,2026-10-01T22:25:31,13.25,Descriptive,Implied,none,none
bcg.com__about_people_experts_fanny-potier.md,qwen3.8:27b,People Strategy Consultant specialising in leadership development and post-merger integration,"I am a people strategy consultant with over 20 years of experience developing senior leaders. I specialise in leadership development and post-merger integration for large corporations. My background includes advising over 200 large-scale transformations, helping organisations navigate complex change. I hold an MBA and engineering degree, complementing my certified ICF Coach (ACC/PCC) and IDEO Design Thinking credentials. As a Non-Executive Board Member certified by ESSEC, I bring diverse perspectives to board discussions. I focus on building high-performing teams and designing effective organisational change programmes.",Leadership Coaching & Post-Merger Integration Advisory,"Advisory for SMEs, family businesses, and mid-sized organisations navigating change or growth. Services include executive coaching for senior leaders, leadership development programmes, post-merger integration strategy, and change management facilitation. Familiar with stakeholder management, high-performing team building, and design thinking methodologies for organisational transformation.",Over 20 years in leadership development and post-merger integration. Advised many large enterprises as a Partner and Director at a global professional services firm. Contributed to over 200 large-scale transformations. Certified ICF Coach (ACC/PCC) and Non-Executive Board Member certified by ESSEC.,PROVIDER,Professional Services,,industry_v1,2026-10-01T22:25:29,15.55,Descriptive,Implied,none,none
bcg.com__about_people_experts_justin-dean.md,qwen3.6:35b,"Senior Management Consultant specialising in energy strategy, M&A, and operational excellence for power and utilities clients","I am a seasoned senior leader with 30 years of experience in the power and utilities sector, specialising in energy strategy, M&A, and operational excellence. My career includes senior leadership roles at a major US utility and a global management consultancy. I hold an MBA from Kellogg, a Masters of Engineering Management, and a BS in mechanical engineering. As a member of the Executive Leadership Council and various advisory boards, I bring deep strategic insight to complex industry challenges.",Energy Transition and Utility Digital Strategy,"Advisory services for Singapore-based utility companies and energy infrastructure operators navigating the transition to renewable energy and digital transformation. Services include strategy development for distributed energy resources, efficiency improvements in field operations, and digital product management frameworks. Familiar with global best practices in power grid modernisation and ESG integration. Does not include physical engineering design or regulatory licensing applications.","30 years in the power and utilities sector, including senior leadership at a major US utility and a global management consultancy. Advised on large-scale renewables projects and digital transformation for electric and gas utilities. Holds an MBA and engineering degrees; member of the Executive Leadership Council.",PROVIDER,Energy & Resources,,industry_v1,2026-10-01T22:25:34,12.36,Descriptive,Implied,none,stated
bcg.com__about_people_experts_dolly-meese.md,qwen3.6:35b,Strategic Transformation Leader,"I am a strategic leader with over 17 years in organisational transformation and culture change. I held senior roles at a global creative consultancy and a B2B advisory firm. I hold an MBA from Emory University and a mechanical engineering degree. I specialize in purpose-driven transformations for clients in financial services, healthcare, technology, and consumer goods. I have served on executive boards and led global offerings across multiple sectors.",Purpose-Led Organizational Transformation,"Strategic advisory for Singapore SMEs and family businesses seeking authentic cultural change to drive growth and employee engagement. Services include conducting stakeholder workshops to define core purpose, designing change management programmes to embed new values, and creating communication strategies that align team behaviour with business goals. Particular experience with purpose-driven transformations in financial services and consumer sectors.","I spent 17 years in strategic transformation and culture change. I served as managing director and head of global offerings at a global creative consultancy, and as executive vice president at the same firm. I previously held brand strategy roles at a B2B advisory firm and multinational corporations. I led purpose-driven organizational transformations.",PROVIDER,Cross-industry,,industry_v1,2026-10-01T22:25:38,10.24,Descriptive,Direct First-Person,none,none
bcg.com__about_people_experts_miguel-carrasco.md,qwen3.6:35b,Senior Government Digital Strategy and AI Advisor,"I specialise in guiding public sector organisations through complex digital transformations and AI adoption. My approach focuses on de-risking large-scale technology programmes while building sustainable internal capabilities. I help ministries modernise citizen services and establish robust trust frameworks. With extensive experience in legacy modernization and strategic planning, I deliver practical, scalable solutions tailored to the unique regulatory and operational environments of government clients. I prioritise efficient delivery and long-term organisational resilience.",Government Digital Strategy & AI Advisory,"Practical advisory for ministries and public agencies looking to modernise citizen services and adopt artificial intelligence responsibly. Services include designing digital service strategies, de-risking technology programs, and implementing AI governance frameworks. Particular experience with public sector trust imperatives and capability building. Focus on efficient, scalable delivery of high-quality digital government services.",Over 20 years in public sector digital strategy and technology advisory. Led global digital government centres and served as managing director. Recognized as one of Australia’s top five most powerful consultants in 2022. Co-authored the 'Trust Imperative' report and global digital government benchmarking series.,PROVIDER,Public Sector,,industry_v1,2026-10-01T22:25:44,10.02,Descriptive,Implied,none,none
bcg.com__about_people_experts_michael-mcadoo.md,qwen3.6:35b,Navigate Global Markets with Confidence and Clarity,"I bring over 25 years of expertise at the intersection of corporate strategy, public policy, and international geopolitics to your business challenges. With experience serving on the senior staff of a G7 prime minister and leading strategy as a C-suite executive at a global aerospace manufacturer, I specialize in resolving trade disputes and market access barriers. My background includes navigating complex regulatory landscapes across the US, EU, China, and Brazil. I hold an M.I.A. in international affairs and an M.Sc. in journalism from Columbia University. Fluent in French and Spanish, I help you turn trade complexities into strategic advantages.",International Market Entry and Trade Strategy Advisory,"Practical trade strategy advisory for Singapore-based exporters and SMEs facing complex global tariffs and shifting trade rules. Services include navigating new trade agreements, assessing market access barriers in key export destinations like the US, EU, and China, and developing resilient supply chain strategies. Particular experience with industrial and manufacturing sectors adapting to fragmented multilateralism.","I spent 25+ years in international business and public policy, serving on the senior staff of a G7 prime minister and holding C-suite strategy roles at a global aerospace and defense manufacturer. I resolved trade disputes and market access barriers in the US, EU, Russia, China, and Brazil. I also ran a Mexican manufacturing site with 225 unionized employees.",PROVIDER,Manufacturing,,industry_v1,2026-10-01T22:25:50,10.07,Value Prop,Direct First-Person,none,none
bcg.com__about_people_experts_chris-biggs.md,qwen3-vl:32b,Senior Retail Strategy and Digital Transformation Advisor,"I have 25 years of experience in retail strategy and operations, including as a Managing Director at a global strategy consultancy. I specialise in digital retail, grocery e-commerce, and operational excellence across consumer sectors. I advised clients in the UK, Europe, and the US on strategy, store performance, and digital transformation. I hold a BA in economics and management from Oxford University.",Retail Strategy and Digital Transformation Advisory,"Practical advisory for retail and consumer goods businesses, including grocery chains, department stores, and specialty retailers, looking to improve store performance, adopt digital tools, and adapt to changing consumer behaviour. Services include developing store portfolio management strategies, designing digital retail roadmaps, optimising promotions and pricing, and implementing AI-driven operational resilience. Familiar with AI applications in retail, customer-centric promotion design, and e-commerce growth strategies.","I spent 25 years in retail strategy and operations, including as a Managing Director at a global strategy consultancy. I led the firm's digital retail work and was a topic expert for grocery e-commerce. I advised clients across the UK, Europe, and the US on operational excellence and digital transformation. I authored multiple publications on AI in retail, store portfolio management, and demand-centric growth strategies.",PROVIDER,Retail & Consumer,,industry_v1,2026-10-01T22:25:40,20.04,Descriptive,Direct First-Person,none,none
bcg.com__about_people_experts_joakim-kalvenes.md,qwen3.8:27b,Former CTO & AI Operations Leader for Natural Resource Industries,"I am a specialist in artificial intelligence and operational efficiency for metals, mining, forest products, and agribusiness. As a former CTO and regional head of AI operations at a global professional services firm, I led the development of AI operating systems for these sectors. My background includes a PhD in information systems and four granted patents. I have held executive roles in travel technology, media intelligence, and consumer research, alongside academic positions. I focus on translating complex AI concepts into actionable efficiency improvements for SMEs and mid-sized operators, ensuring measurable operational gains through strategic adoption.",AI Strategy and Operational Efficiency Advisory,"Advisory for industrial businesses, particularly in metals, mining, and manufacturing, looking to adopt AI for operational gains. Services include AI readiness assessment, process mapping for automation, data analytics implementation, and change management. Familiar with industrial supply chains and operational technology standards. Focus on translating complex AI concepts into actionable efficiency improvements for SMEs and mid-sized operators.","15+ years in AI and operations research, including CTO of Natural Resource Ops at a global professional services firm. Secured four patents for AI-driven operational tools. Previously served as Executive Principal at a travel technology company and COO at a consumer research firm. Holds a PhD in information systems from a US university.",PROVIDER,OTHER,,industry_v1,2026-10-01T22:25:46,15.7,Authority,Implied,none,none
bcg.com__about_people_experts_monica-schwarm.md,qwen3.6:35b,Health Care M&A and Transformation Strategy Specialist,"Specialising in mergers, acquisitions, and transformational change for health care providers, payers, and medtech firms. With over 15 years of experience, I focus on operating model redesign, cost optimisation, and large-scale organisational change. Previously served as General Counsel for a county-level emergency management department, overseeing contract negotiation and regulatory compliance. I advise clients across the health care value chain to navigate complex strategic shifts and ensure operational resilience. Leveraged extensive background in public sector compliance to enhance private sector integration efforts.",Health Care M&A Due Diligence and Integration Advisory,"Practical advisory for health care service providers, clinics, and medtech SMEs seeking to evaluate acquisition targets or streamline post-merger integration. Services include assessing strategic fit, identifying operational synergies, and redesigning operating models to reduce costs and improve care delivery. Particular experience with patient data interoperability challenges and regulatory compliance frameworks relevant to the industry.","15+ years in health care management consulting, including serving as Managing Director and Partner at a global professional services firm. Co-authored industry research on bridging data collection gaps for remote patient monitoring. Previously worked as General Counsel for a public sector emergency management agency, managing multi-variable planning and statutory compliance. Advised on payer-provider M&A and cost optimisation projects.",PROVIDER,Healthcare,Technology & Software,industry_v1,2026-10-01T22:25:54,9.06,Descriptive,Implied,missing_preposition,none
alvarezandmarsal.com__our-people_yousef-wahbeh.md,qwen3.8:27b,Former Managing Director & Global Hospitality Industry Leader,"I have spent over two decades guiding capital programmes across real estate, hospitality, and infrastructure. Previously, I served as Global Hospitality Leader at a major advisory firm, where I specialised in feasibility studies, valuation, and M&A execution for institutional investors across Southeast Asia. My focus remains on delivering strategic transformations for large-scale mixed-use and giga-projects. I help developers and sovereign wealth funds navigate complex asset repositioning and secure robust funding structures for their most ambitious ventures.",Real Estate & Hospitality Investment Advisory,"Strategic advisory for developers, investors, and fund managers on complex real estate and hospitality transactions. Services include feasibility studies, valuation and due diligence, funding strategy, asset repositioning, and M&A execution. Familiar with SFRS(I) reporting standards, commercial lease analysis, and large-scale development economics. Provides end-to-end support from initial concept to transaction closing and post-acquisition integration.","25 years in real estate and hospitality advisory, including tenure as Global Hospitality Leader at a Big Four firm. Led due diligence and valuation for hotel portfolios exceeding 1,000 assets globally. Directed strategic acquisitions and funding strategies for multiple giga-projects in the region. Closed major merger due diligence mandates involving large real estate portfolios",PROVIDER,Construction & Real Estate,,industry_v1,2026-10-01T22:25:48,16.77,Authority,Implied,omitted_trailing_period,none
brookesbell.com__about-us_the-team_conan-odriscoll.md,qwen3-vl:32b,Former Ship Technical Superintendent & Industry Leader in Marine Engineering,"I spent 17 years as a marine engineer, specialising in vessel technical management and maritime surveys, including offshore and seagoing roles. I held positions as Ship Technical Superintendent and Senior Marine Engineer at a global maritime consultancy. I am certified as a Chief Engineer and ISM/ISPS auditor, with experience in hull and machinery surveys, casualty investigations, and compliance with MARPOL, SOLAS, and ISPS. I am a member of the Institute of Marine Engineering, Science and Technology.",Marine Engineering Consultancy and Vessel Survey Services,"Practical advisory for shipping companies, offshore operators, and vessel owners on technical vessel management and marine surveys. Services include hull and machinery surveys, casualty investigations (collisions, groundings, fires), engine failure analysis, on/off-hire condition surveys, and compliance with MARPOL, SOLAS, and ISPS. Familiar with DP systems, propulsion failures, and new build disputes. Experienced with major engine brands including Wärtsilá, MAN B&W, and Caterpillar.","17 years as a marine engineer specialising in vessel technical management and maritime surveys, including 9 years on offshore DP2 vessels. Managed four geared bulker vessels as Ship Technical Superintendent, overseeing drydock preparation, technical inspections, and system upgrades. Conducted surveys for Underwriters and P&I Associations on various vessel types, including collision damage and engine failures. Certified as a Chief Engineer and ISM/ISPS auditor, with experience in compliance and casualty investigations. Member of the Institute of Marine Engineering, Science and Technology.",PROVIDER,Marine & Offshore,,industry_v1,2026-10-01T22:26:00,22.1,Authority,Implied,none,none
deloitte.com__us_en_about_people_profiles-daniel-soo-50ed6794-html.md,qwen3.6:35b,Cyber Risk and Operational Risk Advisory,"I specialise in cyber risk and operational risk management for the financial services sector, helping institutions strengthen their technology resilience. With a background in computer engineering, I provide technical assessments of complex strategies and integrate risk controls into daily operations. I focus on implementing robust regulatory reporting frameworks aligned with MAS guidelines, ensuring your organisation meets compliance standards while maintaining operational excellence.",Cyber Risk and Operational Risk Advisory for Financial Services,"Practical advisory for Singapore-based banks, insurance companies, and licensed financial institutions looking to strengthen their technology and operational resilience. Services include assessing cyber risk postures, integrating risk controls into daily operations, and implementing compliant reporting and oversight frameworks. Familiar with MAS guidelines on technology risk management and outsourcing. Not focused on external penetration testing or legal compliance investigations.","I spent 18 years as a Principal in Cyber Risk Services for Financial Services, leading strategic transformation engagements for major financial institutions. I have helped clients integrate risk and control elements into operations and implement robust regulatory reporting and oversight efforts. I hold a Bachelor of Applied Science in Computer Engineering from the University of Waterloo.",PROVIDER,Financial Services,,industry_v1,2026-10-01T22:26:22,7.3,Descriptive,Direct First-Person,none,stated
bcg.com__about_people_experts_dominik-degen.md,qwen3.6:35b,Former Global M&A and Post-Merger Integration Leader,"I specialise in guiding complex transactions through the critical integration phase, ensuring value is preserved and realised. With over 15 years in corporate finance and strategy, I have led global teams for major professional services firms and Munich-based advisory practices. My expertise spans mergers, acquisitions, divestitures, and IPOs. I bring a Certified Valuation Analyst’s precision to financial modeling and strategic restructuring, helping clients navigate structural changes with confidence and clarity in the Singapore market.",M&A Strategy and Post-Merger Integration Advisory,"Practical advisory for Singapore-based SMEs and family businesses navigating acquisitions, divestitures, or structural changes. Services include buy-side strategy and target screening, sell-side preparation for IPOs or spin-offs, and operational post-merger integration to preserve enterprise value. Particular experience with financial modeling, business valuation, and ESG due diligence to support informed dealmaking.","15+ years in corporate finance, M&A, and post-merger integration. Led global transaction strategies as Vice President at a Munich-based financial advisory firm. Previously served as an investment banking analyst at a global valuation practice.",PROVIDER,Cross-industry,,industry_v1,2026-10-01T22:26:24,8.73,Authority,Implied,none,none
bcg.com__about_people_experts_hiroaki-sugita.md,qwen3.6:35b,Senior Advisor specialising in business transformation and strategy for Singapore enterprises,"I am a senior advisor with over 30 years of experience driving business transformation, innovation strategy, and organizational change. My background spans consumer products, TMT, and logistics sectors, blending deep practical consulting expertise with academic leadership from my role at Waseda University. I hold an MBA from Keio University and a BSE in social engineering from the Tokyo Institute of Technology. I specialise in helping Singaporean businesses navigate complex strategic shifts and digital adoption.",Business Transformation and Strategy Advisory,"Practical advisory for Singaporean SMEs and mid-market businesses looking to navigate digital transformation and strategic change. Services include designing organization strategy, developing innovation roadmaps, and implementing change management frameworks. Particular experience with consumer goods, technology, and logistics sectors, applying global best practices to local operational challenges.","I spent over 30 years in business transformation and strategy consulting. Since 1994, I served as a senior member in global professional services firms’ Consumer, TMT, and Organization Strategy practices. I advised clients across consumer goods, media, telecommunications, automotive, and industrial goods on digitization and new business development. I currently serve as a professor at Waseda University Business School.",PROVIDER,Professional Services,,industry_v1,2026-10-01T22:26:19,16.2,Descriptive,Direct First-Person,none,none
bcg.com__about_people_experts_konark-singh.md,qwen3-vl:32b,Senior Partner in Energy and Digital Transformation,"I have over 19 years of experience in energy, digital transformation, and M&A advisory, including roles as Managing Director and Senior Partner at a global strategy consultancy. I specialise in smart grid implementation, digital customer offerings, and post-merger integration. Previously, I worked as a field engineer and operations manager in oilfield services. I hold an MBA from Harvard Business School and a BTech in electrical engineering.",Energy and Digital Transformation Advisory,"Practical advisory for energy utilities, infrastructure providers, and mid-sized businesses seeking to modernise operations and adopt digital technologies. Services include smart grid implementation, digital customer experience design, post-merger synergy assessments, and private equity due diligence. Familiar with AI @ Scale applications, digital consumer platforms, and utility operations transformation. Not focused on legal compliance or regulatory filings.","19 years in energy and digital transformation, including Managing Director and Senior Partner at a global strategy consultancy. Led smart-grid implementation efforts and deployed end-to-end digital customer offerings for retail energy clients. Advised on M&A transactions and private equity due diligence, including post-merger synergy assessments. Previously served as a field engineer and operations manager in oilfield services.",PROVIDER,Energy & Resources,Technology & Software,industry_v1,2026-10-01T22:26:23,17.34,Descriptive,Implied,none,stated
aesg.com__key-people_aza-elnimah.md,qwen3.6:35b,Sustainability consultant specialising in green building certification and design.,"With over 8 years of experience in sustainability consulting, I provide technical expertise across sustainable design, construction, and policy. Previously, I led regional sustainability projects for a global engineering consultancy, advising clients on high-performance buildings and carbon reduction strategies. Holding an architecture degree and ISO 14001:2015 certification, I focus on translating complex environmental standards into practical building strategies that deliver measurable results.",Green Building Certification and Sustainability Advisory,"Practical advisory for Singapore property developers and facility managers aiming to achieve green building status or improve energy efficiency. Services include LEED and Green Mark certification guidance, sustainability management plan creation, and carbon reduction planning for new developments. Particularly experienced with ISO 14001:2015 standards and technical consultation for large-scale commercial and residential projects.","8 years in sustainability consulting, including associate director at a global engineering firm. Led regional sustainability initiatives and secured 'Best Residential Green Building' recognition for a residential tower. Created sustainability management plans for two major sporting venues and achieved the first regional CEEQUAL assessment for a civil engineering project.",PROVIDER,Construction & Real Estate,,industry_v1,2026-10-01T22:26:40,5.99,Descriptive,Implied,none,none
bcg.com__about_people_experts_christine-barton.md,qwen3.8:27b,"CEO Advisory Specialist specialising in consumer, retail, and fashion growth strategies","I am a senior consultant with 28 years of experience in consumer, retail, fashion, and consumer health sectors. I previously served as a global Chief Marketing Officer and regional leader within a global strategy consultancy, where I focused on transforming consumer practices. My current work centres on CEO advisory, corporate finance, and designing profitable growth strategies. I hold an MSt from a prestigious global university and a BA from a US public institution. I am also recognised for my extensive publications on CEO leadership, board dynamics, and capital allocation.",CEO Leadership and Growth Advisory,"Executive coaching and strategic guidance for CEOs of consumer, retail, and fashion businesses navigating growth or leadership transitions. Services include developing personal action plans, crafting brand and regional strategies, and enhancing board partnerships. Familiar with consumer behaviour trends and organisational restructuring. Does not include financial audit, legal compliance, or full-scale corporate finance execution.",I spent 28 years in consumer and retail strategy. I previously served as global CMO and regional leader at a global strategy consultancy. I led consumer practice transformation and advised on profitable growth and organisational restructuring for global clients.,PROVIDER,Retail & Consumer,Financial Services,industry_v1,2026-10-01T22:26:32,16.05,Descriptive,Direct First-Person,none,stated
bcg.com__about_people_experts_johannes-distler.md,qwen3.6:35b,"Strategy Consultant specialising in M&A and Post-Merger Integration for Transportation, Logistics, and Postal Services","I am a former strategy executive with deep experience in M&A, post-merger integration, and large-scale transformation within transportation, logistics, and postal sectors. Having served as Chief Strategy Officer at a major Middle East logistics group and as a Partner leading transport advisory for a global consultancy, I offer distinct insights into complex market dynamics. I hold a PhD in International Management and multiple Master's degrees in banking and business administration. My focus remains on driving strategic performance and integrating complex operational models across regional markets to deliver lasting value.",Logistics M&A and Post-Merger Integration Advisory,"Practical M&A and post-merger integration advisory for Southeast Asian logistics providers, freight forwarders, and transport operators looking to scale or restructure. Services include target due diligence, integration planning for postal and parcel networks, and operational performance improvement. Particular experience with AI-driven workflow redesigns and port efficiency enhancements. Not focused on routine payroll administration or employment law.","Senior executive tenure in logistics strategy and M&A, including roles at a leading Middle Eastern logistics firm and a global strategy consultancy. Led cross-border acquisition strategies and secured post-merger integration projects. Published insights on AI ROI and digital transformation in Southeast Asian logistics.",PROVIDER,OTHER,,industry_v1,2026-10-01T22:26:39,9.25,Descriptive,Implied,none,stated
bcg.com__about_people_experts_migaku-takizawa.md,qwen3.8:27b,Former Partner & M&A Strategy Leader,"Singapore-based M&A and strategy specialist with over 15 years of experience. Previously led the Industrial Goods practice as Partner at a global consultancy. Core expertise spans marketing, sales, pricing, and global advantage strategies. Delivered extensive advisory for automotive and high-tech clients, focusing on business restructuring, digital transformation, and governance. Holds a BA in Law from a national university in Japan. Now providing independent, results-driven guidance to industrial SMEs seeking to optimise performance and prepare for strategic transactions.",M&A Due Diligence and Business Strategy Advisory,"Practical advisory for manufacturing and industrial SMEs seeking to optimize pricing, sales, or prepare for transactions. Services include M&A due diligence, business strategy formulation, revenue management and pricing optimization, business restructuring, and digital transformation planning. Familiar with industrial goods, automotive supply chains, and high-tech sectors. Provides governance structure design to support growth and operational efficiency for mid-sized businesses in Singapore and the region.","15 years in strategy consulting and M&A, including former Partner role at a global consultancy leading the Industrial Goods practice. Advised automotive and high-tech clients on business restructuring and digital transformation. Developed Marketing, Sales & Pricing methodologies within the Global Advantage practice.",PROVIDER,Manufacturing,Logistics & Distribution,industry_v1,2026-10-01T22:26:40,14.56,Authority,Implied,none,none
bcg.com__about_people_experts_nurlin-salleh.md,qwen3-vl:32b,"Former Managing Director & Partner, Global Strategy Consultancy | Public Sector and Business Transformation Advisor","I spent 15 years shaping public sector strategy and business transformation, including as Managing Director & Partner at a global strategy consultancy. I specialise in economic policy, foreign direct investment, and digital strategy for governments and large organisations across Southeast Asia. Co-led the firm’s Public Sector practice for Malaysia, advising on FDI, sovereign wealth funds, and national economic visions. Hold MA and MEng in manufacturing engineering from Cambridge University.",Public Sector Strategy and Economic Policy Advisory,"Practical advisory for governments, statutory boards, and public institutions in Southeast Asia seeking to design and implement economic strategies. Services include developing national economic visions, advising on foreign direct investment policies, shaping digital transformation roadmaps, and designing sustainability frameworks for public funds. Familiar with regional economic development models and digital economy policy. Supports public sector clients in aligning long-term goals with investment and innovation priorities.","15 years in public sector strategy and business transformation, including as Managing Director & Partner at a global strategy consultancy. Co-led the firm’s Public Sector practice for Malaysia, advising multiple governments on economic policies, FDI, sovereign wealth funds, and digital strategy. Helped develop the 2050 vision for Malaysia and supported the design of a new economic policy for a ministry in Southeast Asia. Advised on sustainability of a national higher education fund and contributed to COVID-19 budgeting and social progress assessments for government clients.",PROVIDER,Public Sector,,industry_v1,2026-10-01T22:26:32,23.04,Authority,Implied,none,none
bcg.com__about_people_experts_nate-holobinko.md,qwen3.6:35b,Former North America Leader for Health Care Services & Industry Leader,"Healthcare strategy professional with over 20 years of experience helping health care companies develop new strategies and transform their business models. Previous roles include North America leader for Health Care Services at a global management consulting firm and principal at Booz & Company. Expertise spans national payers, major academic medical centers, integrated health systems, Blue Cross Blue Shield plans, and private equity investors, focusing on cost reduction, operational stabilization, and digital enablement. BS in business administration.",Healthcare Strategy and Transformation Advisory,"Strategic advisory for healthcare providers and payers, including Singapore-based clinics and specialist groups, seeking to improve economics and operational efficiency. Services include cost-out and cost optimization at scale, operational stabilization, digital transformation strategies, and mergers and acquisitions advisory. Particular experience with navigating complex regulatory environments and optimizing business models amid rapid changes in therapeutics and analytics. ","20 years in healthcare strategy and business transformation, including as North America leader for Health Care Services at a global management consultancy and principal at Booz & Company. Helped leading health institutions achieve cost-out at scale, operational stabilization, and digital enablement while navigating significant industry transformations and mergers. BS in business administration.",PROVIDER,Healthcare,,industry_v1,2026-10-01T22:26:46,11.19,Authority,Implied,none,none
brookesbell.com__about-us_the-team_connor-browne.md,qwen3-vl:32b,Former Graduate Inspection Engineer & Maritime Technical Support Specialist,"I am a graduate inspection engineer with one year of hands-on experience in maritime and scientific operations. I specialise in inspection and engineering support, delivering technical evaluations and site assessments for marine organisations. My work focuses on ensuring compliance with maritime safety and operational standards. I provide practical, on-the-ground support for small to mid-sized operators, contributing to project readiness and operational integrity.",Inspection and Engineering Support Services,"Practical inspection and engineering support for maritime and scientific organisations, including small to mid-sized operators in the marine sector. Services include site inspections, technical evaluations, and engineering assessments. Familiar with maritime safety and operational standards. Scope: one-off or ongoing support for specific inspection needs.","1 year as a graduate inspection engineer, supporting maritime and scientific operations. Provided inspection and technical evaluation services within a maritime and scientific services organisation. Conducted site assessments and engineering evaluations to support project delivery and compliance with operational standards. Delivered technical input for small to mid-sized marine operators, contributing to operational readiness.",PROVIDER,Marine & Offshore,,industry_v1,2026-10-01T22:26:48,15.04,Authority,Implied,none,none
bcg.com__about_people_experts_jade-leet.md,qwen3.6:35b,"Strategy and Transformation Advisor specialising in purpose, finance, and healthcare","I am an independent strategy and transformation advisor with over 23 years of experience. My background includes eight years as a Managing Director at a global strategy consultancy and thirteen years in corporate strategy for major brands across the US and Mexico. I specialise in organisational purpose, corporate finance, and healthcare industry strategy. I help insurance and healthcare organisations embed purpose, transform culture, and accelerate growth through expert guidance and proven methodologies.",Purpose-Led Business Transformation and Strategy Advisory,"Practical strategy advisory for Singapore-based insurance firms, healthcare providers, and mid-market enterprises looking to redefine their organisational purpose and drive sustainable growth. Services include embedding purpose into corporate culture and brand identity, developing long-term business transformation roadmaps, and integrating ESG principles into core business strategy. Familiar with Singapore’s financial and healthcare regulatory frameworks, leveraging global best practices to enhance brand meaning and operational agility.","23 years in corporate strategy and business transformation, including Managing Director at a global strategy consultancy. Led over 20 insurance and health care client projects focusing on purpose, strategy, and ESG. Previously held senior strategy roles at major global consumer brands in the US and Mexico.",PROVIDER,Professional Services,,industry_v1,2026-10-01T22:27:08,11.91,Descriptive,Implied,none,none
deloitte.com__us_en_about_people_profiles-deron-weston-caf32d3d-html.md,qwen3.8:27b,Financial Services Strategy Advisor Specialising in Sales Performance and Operational Models,"I bring over two decades of experience in financial services consulting, with a focus on sales strategy and operational efficiency. My background includes leading regional industry teams and serving as a vice chair at a global professional services firm. I specialise in channel strategy, operating model design, and M&A integration for banking clients. Holding a B.A. in Economics and an M.B.A., I combine deep sector knowledge with practical advisory skills. I work to help financial institutions optimise their sales performance and streamline operations. My approach is grounded in a thorough understanding of the Singapore financial regulatory framework and best practices for mid-to-large institutions seeking sustainable growth and compliance.",Financial Services Strategy and Sales Excellence Advisory,"Practical advisory for banks and financial institutions seeking to optimise sales performance and operational efficiency. Services include channel strategy development, operating model design, and M&A integration planning. Also offers guidance on credit underwriting processes and regulatory compliance remediation. Familiar with Singapore’s financial regulatory framework and best practices for mid-to-large financial institutions.","20 years in financial services consulting. Previously served as US Financial Services Industry Leader and Vice Chair at a global professional services firm. Led strategic initiatives for domestic and international banking clients, delivering channel strategy and operating model design outcomes. Advised on M&A operational integration and loan origination systems.",PROVIDER,Financial Services,,industry_v1,2026-10-01T22:27:11,15.98,Descriptive,Implied,none,none
bcg.com__about_people_experts_dutch-macdonald.md,qwen3.6:35b,Managing Director & Partner leading CX/EX transformation,"With over 17 years in architecture and design, I have served as CEO of a digital design lab and global design lead at a major professional services firm. I hold two US patents and have received over a dozen architecture awards. I specialize in accelerating digital transformation and optimizing end-to-end customer and employee experiences across consumer products, healthcare, and industrial sectors. I focus on translating human-centered design into tangible business value for diverse clients.",Human-Centered CX/EX Transformation,"Practical advisory for consumer, healthcare, and industrial businesses seeking to modernize customer journeys and brand experiences through human-centered design. Services include designing equitable product interfaces, integrating AI-powered agents for efficient customer service, and assessing organizational design maturity during strategic reviews. Particular experience with omnichannel experience architecture and behavioral design principles to improve customer satisfaction and operational efficiency.","17+ years in architecture and design, including CEO of a digital design lab and global lead for design at a professional services firm. Secured two US patents and numerous architecture awards. Translated human-centered design into tangible business value for consumer and industrial clients.",PROVIDER,Cross-industry,Technology & Software,industry_v1,2026-10-01T22:27:18,10.57,Descriptive,Implied,none,none
bcg.com__about_people_experts_anna-green.md,qwen3-vl:32b,"Managing Director & Senior Partner in Technology, Media & Telecommunications","26 years of experience in strategy and business transformation, specialising in technology, media, and telecommunications. Advised senior executives on digital transformation, e-commerce, and growth strategies. Led the firm's Sydney office and Asia-Pacific Women@the firm initiative. Works across Australia and the Asia-Pacific region, with a focus on media, telecoms, and consumer goods. No professional certifications stated.",Digital Transformation and Growth Strategy Advisory,"Practical advisory for SMEs and mid-sized businesses in media, telecommunications, and consumer products seeking digital growth and transformation. Services include strategy design, digital transformation implementation, e-commerce development, pricing and revenue management, and business model innovation. Familiar with digital media, pay television, content production, and subscription-based models. Works across Southeast Asia and Australia.","26 years in strategy and business transformation, specialising in technology, media, and telecommunications. Led the firm's Sydney office and Asia-Pacific Women@the firm initiative, advising senior executives on digital transformation, e-commerce, and growth strategies. Spent 18 months on secondment with a major media and entertainment company assisting with its digital-transformation agenda. Advised clients across Australia and the Asia-Pacific region on large-scale business transformations.",PROVIDER,Technology & Software,,industry_v1,2026-10-01T22:27:09,19.88,Descriptive,Implied,none,none
bcg.com__about_people_experts_cinthia-chen.md,qwen3.6:35b,Driving Consumer Strategy and Growth Across Asia Pacific,"I help brands expand market share and improve operations with practical, data-driven advice. My expertise spans consumer products, digital transformation, and post-merger integration across Southeast Asia and Greater China. I partner with you to sharpen brand positioning, optimise supply chains, and build customer-centric strategies that deliver measurable results. Let’s transform your business with proven insights from my years of leading regional practices.",Consumer Strategy and Growth Advisory,"Practical strategic advisory for SMEs, distributors, and consumer brands looking to expand market share or improve operations. Services include developing digital-first growth strategies, optimising supply chains and distribution networks, and strengthening brand positioning. Particular experience with data-driven customer insights, digital marketing funnels, and transformation in the fast-moving consumer goods sector.",Extensive experience in consumer products strategy and global operations. Led the Asia Pacific consumer practice at a major global strategy consultancy as Managing Director and Partner. Advised multinational enterprises on strategy formulation and post-merger integration. Built regional centres for customer insights to drive data-led transformation.,PROVIDER,Retail & Consumer,,industry_v1,2026-10-01T22:27:21,9.28,Value Prop,Implied,none,none
bcg.com__about_people_experts_laura-villani.md,qwen3-vl:32b,Senior Partner in Energy Strategy and Post-Merger Integration,"12 years in energy sector strategy and operations, including roles as Managing Director at a global strategy consultancy and prior experience at a top-tier management consultancy. Specialises in energy transition, renewables, and post-merger integration for utilities and network operators. Expertise spans business development, operational excellence, and restructuring. Holds an MBA from London Business School.",Energy Transition and Post-Merger Integration Advisory,"Practical advisory for energy utilities, network operators, and renewable energy businesses undergoing restructuring or expansion. Services include post-merger integration planning, operational excellence programs, renewable energy business development, and energy efficiency strategy. Familiar with EU and US energy markets, with experience benchmarking wind energy costs and performance. Not focused on regulatory compliance or permitting for new energy projects.","12 years in energy sector strategy and operations, including Managing Director at a global strategy consultancy. Advised multiple gas and power network operators on reorganizations, lean programs, and new growth opportunities. Led benchmarking of wind energy sector across EU and US, and supported major company restructurings post-merger. Prior experience at a top-tier management consultancy for ten years.",PROVIDER,Energy & Resources,,industry_v1,2026-10-01T22:27:17,15.7,Descriptive,Implied,none,stated
bcg.com__about_people_experts_peter-geluk.md,qwen3.6:35b,Former Public Sector Practice Leader & Senior Partner,"Former senior partner with 21 years of experience in public sector strategy and operations, specialising in efficiency reviews, master planning, and stakeholder management for semi-public organisations. Expert in process redesign, feasibility studies, and innovation strategy. Certified in public administration with extensive advisory work across the Netherlands and Southeast Asia.",Public Sector Efficiency & Transformation Advisory,"Practical transformation advisory for Singaporean government statutory boards, local councils, and semi-public agencies seeking to modernise operations and improve service delivery. Services include conducting comprehensive efficiency reviews, developing master plans and business cases for major infrastructure or systemic changes, and leading operational excellence initiatives through process redesign and agility adoption. Familiar with public sector agility frameworks and innovation strategy.","21 years in public sector strategy and operations. Led efficiency reviews for national broadcasting networks, developed master plans for justice system transformation, and advised on feasibility studies for major urban infrastructure projects including a new technology institute.",PROVIDER,Public Sector,,industry_v1,2026-10-01T22:27:27,8.0,Authority,Implied,none,none
bcg.com__about_people_experts_kaelin-goulet.md,qwen3.6:35b,Strategy Consultant specialising in consumer products and private equity,"I have spent 19 years advising clients on strategy, due diligence, and post-merger integration across food, beverage, personal care, and fitness sectors. My work focuses on driving portfolio growth and turnaround initiatives for private equity firms. I bring an MBA with high distinction from Harvard Business School to every engagement, ensuring rigorous analysis and actionable insights for complex business challenges.",Consumer Products Due Diligence and Growth Strategy,"Practical advisory for Singaporean consumer brands, F&B operators and SMEs preparing for sale, private equity investment or strategic expansion. Services include market and consumer spending trend analysis, post-acquisition integration planning, and identification of growth opportunities in online and physical channels. Particular experience with fast-moving consumer goods supply chains and retail dynamics.",19 years in management consulting specialising in consumer products and private equity strategy. Led portfolio growth and turnaround initiatives for private equity clients. Advised public sector and corporate clients on post-pandemic consumer spending shifts.,PROVIDER,OTHER,,industry_v1,2026-10-01T22:27:29,7.74,Descriptive,Implied,none,none
aesg.com__key-people_hani-abdel-razeq.md,qwen3.8:27b,Former Sustainability Director & National Green Building Standards Leader,"Civil engineer with over 15 years of experience in sustainable design and construction, specialising in green building rating systems, sustainable city master planning, and corporate sustainability strategy. Led the development of national green building standards and provided advisory support to developers across the region. Experienced in formulating sustainability guidelines, policies, and implementing corporate sustainability strategies for diverse clients. Now available to leverage deep technical and strategic expertise to guide organisations towards robust, certified sustainable outcomes.",Sustainability Strategy and Green Building Advisory,"Advisory for real estate developers, construction firms, and property owners in Singapore seeking to implement sustainable practices. Services include developing corporate sustainability strategies, drafting site-specific sustainability guidelines and policies, providing green building certification guidance, and offering master planning advice for sustainable developments. Familiar with regional green building rating systems and international environmental standards like ISO 14001.","15 years in sustainable design and construction as a civil engineer. Led the development of a national green building rating system, securing its operational rollout. Delivered strategy consultancy to various developers, formulating sustainability guidelines and corporate strategies for sustainable cities and master planning.",UNCERTAIN,Construction & Real Estate,,industry_v1,2026-10-01T22:27:29,16.77,Authority,Implied,none,none
bcg.com__about_people_experts_mouhcine-berrada.md,qwen3-vl:32b,Former Head of Operations & Supply Chain AI Specialist,"I spent 12 years transforming operations and supply chains, serving as supply chain manager and plant director at a global industrial goods manufacturer. Since 2014, I’ve led AI-driven engagements for a global strategy consultancy, focusing on AI control towers, inventory optimization, and advanced process control. I specialise in industrial goods and consumer sectors, with deep expertise in digital platform integration and operational excellence. My work bridges industrial operations with cutting-edge AI to deliver measurable improvements in efficiency and responsiveness.",AI-Driven Supply Chain and Manufacturing Optimization,"Practical advisory for manufacturers and industrial goods businesses looking to modernize operations with AI. Services include designing AI control towers, optimizing inventory with machine learning, implementing advanced process control, and integrating digital platforms into existing operations. Familiar with AI applications in supply chain and manufacturing, including batch tracking and process automation.","12 years in operations and supply chain transformation, including supply chain manager at a global industrial goods manufacturer and plant director in the UK. Since 2014, led multiple AI engagements for a global strategy consultancy, focusing on supply chain AI (control tower, inventory optimization) and manufacturing AI (advanced process control, batch tracking). Specialises in industrial goods and consumer sectors, with expertise in digital platform integration and operational excellence.",PROVIDER,Manufacturing,,industry_v1,2026-10-01T22:27:31,19.33,Authority,Implied,none,none
bcg.com__about_people_experts_neveen-awad.md,qwen3-vl:32b,Expert in digital and technology-enabled transformations,"Over 15 years of experience in digital and technology-enabled business transformations, with a focus on health care, public sector, and industrial goods. Served as Managing Director & Senior Partner at a global strategy consultancy, leading large-scale change programs with technology components. Prior to that, was an Assistant Professor of Information Systems. Expertise includes digital product development, operations transformation, and enterprise technology programs. Holds a PhD from the University of Michigan Business School and a BSc in Computer Science from Yale University.",Digital Transformation Advisory,"Practical advisory for SMEs and mid-sized organisations in health care, public services, and industrial sectors looking to implement digital and technology-enabled transformations. Services include digital product and program development, operations transformation, and large-scale technology program strategy. Familiar with AI-driven change initiatives, customer-centric digital service redesign, and enterprise platform modernisation. Particular experience with agentic AI, digital health care innovations, and cybersecurity in public sector environments.","15 years in digital and technology-enabled business transformations, including Managing Director & Senior Partner at a global strategy consultancy. Led large-scale change programs incorporating technology in health care, public sector, and industrial goods. Prior to that, served as Assistant Professor of Information Systems at a major university. Expertise includes digital product development, operations transformation, and enterprise technology programs.",PROVIDER,Healthcare,Public Sector,industry_v1,2026-10-01T22:27:33,18.73,Descriptive,Implied,none,none
brookesbell.com__about-us_the-team_daniel-millett.md,qwen3.8:27b,Former Master Mariner & Director of Nautical Affairs,"I bring fourteen years of command experience across deep-sea container and bulk operations, with specific expertise in dynamic positioning and complex cargo stowage. Transitioning from shipboard command to consultancy, I directed nautical operations and analysed ECDIS, VDR, and AIS data for collisions and groundings. My background includes providing expert opinions for Singapore courts and arbitrations on unsafe port disputes. I hold a Master Unlimited II/2 certificate and am a Fellow of the Nautical Institute, offering rigorous technical insights into digital bridge systems and integrated navigation solutions for maritime stakeholders.",Marine Casualty Investigation and Expert Witness Services,"Expert advisory for shipping companies, insurers, and legal teams managing cargo claims, vessel damage, or navigational disputes. Services include ECDIS and VDR data analysis, cargo stowage and securing assessments, hatch cover integrity inspections, and unsafe port dispute support. Provides technical reports and expert testimony for arbitration or litigation. Familiar with IMO codes, P&I club standards, and digital navigation systems.","14 years as a Master Mariner, including command of deep-sea container vessels and offshore support ships. Directed nautical consultancy operations since 2024. Delivered expert opinions for multiple arbitration and court proceedings regarding collisions and cargo loss. Certified SDT Ultrasound Hatch Cover Operator.",PROVIDER,Marine & Offshore,,industry_v1,2026-10-01T22:27:38,23.41,Authority,Implied,none,none
bcg.com__about_people_experts_basir-mustaghni.md,qwen3.6:35b,Digital Sales Strategy and Go-to-Market Expert,"Former MBB partner and senior advisor with over 15 years in digital sales. Specialising in go-to-market, omni-channel strategy, and eEnabled sales transformations for B2B and consumer goods companies. Combines a PhD in Finance from TU Dortmund with Harvard Business School training to help firms optimise sales tech stacks, leverage AI, and drive commercial excellence. Expert in navigating complex industry landscapes including healthcare, technology, and industrial goods.",Digital Sales Strategy and Go-to-Market Advisory,"Practical advisory for Singaporean B2B and consumer SMEs seeking to modernise their sales operations and expand into new markets. Services include designing omni-channel customer journeys, integrating CRM and AI-driven sales tools, and developing data-led go-to-market strategies for emerging economies. Particular experience with commercial excellence in machinery, automation, and medical technology sectors. Not focused on legal drafting or regulatory compliance.","17 years in strategy consulting and digital sales transformation, including Managing Director at a global professional services firm and roles at IBM and a Silicon Valley startup. Advised international clients in healthcare, technology, and consumer goods on eEnabled sales and digital marketing. Published extensively on GenAI in B2B sales and commercial excellence. Holds a PhD in Finance and training from Harvard Business School.",PROVIDER,Technology & Software,,industry_v1,2026-10-01T22:27:56,10.89,Descriptive,Implied,none,stated
deloitte.com__us_en_about_people_profiles-dhajmera-bcf5086c-html.md,qwen3.6:35b,Audit & Assurance Partner with 20+ Years in Financial Services,"Partner in Audit & Assurance with over 20 years of experience in accounting and assurance for financial services clients across Singapore, Australia and APAC. Expert in US GAAP, IFRS, M&A due diligence, lease accounting and Sarbanes-Oxley compliance. Certified Public Accountant (CPA) and Chartered Accountant (CA).",Financial Services Audit and Regulatory Reporting Advisory,"Practical audit and compliance support for banks, insurers and wealth managers in Singapore and Australia looking to strengthen financial reporting and regulatory adherence. Services include annual financial statement audits, M&A due diligence, lease accounting implementation and Sarbanes-Oxley compliance testing. Familiar with IFRS, US GAAP and PDPA requirements.","20+ years in financial services audit and assurance, including partner at a Big Four firm. Led audits of large financial institutions and delivered M&A due diligence and Sarbanes-Oxley compliance projects across APAC. Certified Public Accountant (CPA) and Chartered Accountant (CA).",PROVIDER,Financial Services,,industry_v1,2026-10-01T22:28:01,11.15,Descriptive,Implied,none,none
bcg.com__about_people_experts_dylan-bolden.md,qwen3.6:35b,Senior Management Consultant specialising in AI strategy and restaurant sector transformation,"I am a retired management consultant with over 20 years of experience in strategy and functional practices. My expertise lies in applied artificial intelligence and driving corporate performance. Previously, I led digital operations for a global professional services firm, helping organisations achieve operational excellence and revenue growth through AI adoption. I hold an MBA from Columbia Business School and a BS in chemical engineering, combining technical and strategic insights to guide complex business transformations across various industries.",Restaurant AI Strategy and Digital Transformation,"Practical advisory for food operators and F&B businesses looking to integrate artificial intelligence into their daily workflows to boost revenue and improve customer loyalty. Services include designing data-driven pricing strategies, personalising the dining experience through GenAI, and optimising operational efficiency across sales channels. Particular experience with consumer trends in the restaurant and hospitality sector. Not focused on physical restaurant design or front-of-house staff hiring.","20+ years in strategy consulting, including leading digital and functional practices at a global professional services firm. Secured enterprise growth frameworks for corporate performance. Delivered AI implementations for leading restaurant companies to improve operational efficiency and shareholder value. Holds an MBA from Columbia Business School.",PROVIDER,Cross-industry,Retail & Consumer,industry_v1,2026-10-01T22:28:05,9.92,Descriptive,Implied,none,stated
bcg.com__about_people_experts_jared-feiger.md,qwen3-vl:32b,Managing Director & Partner in Corporate Finance and M&A,"I have over 25 years of experience in corporate finance, M&A, and business transformations, including roles as COO, CTO, and integration lead for major transactions. I worked with global firms across technology, consumer goods, automotive, and financial services. I previously founded a strategy advisory firm, managed businesses in automotive and tech sectors, and served as CEO of a professional services firm. I hold a law degree from New York University School of Law and a BA from University of Pennsylvania.",M&A Integration and Value Creation Advisory,"Practical advisory for SMEs, family businesses, and mid-sized enterprises undergoing mergers, acquisitions, or divestitures. Services include integration planning, carve-out strategy, post-merger management, value creation roadmap development, and leadership transition support. Familiar with APAC market dynamics and corporate governance standards. Experienced in guiding transformations for technology, consumer, and financial services firms.","I spent 25 years in corporate finance and M&A, specialising in integrations, carve-outs, and value creation. I served as COO, CTO, and integration lead for multiple transactions involving Fortune 50 and Fortune 100 firms across technology, consumer, automotive, and financial services. I previously founded a strategy advisory firm and managed businesses in automotive and tech sectors. I held leadership roles at a global professional services firm and a Singapore-based strategy consultancy.",PROVIDER,Professional Services,,industry_v1,2026-10-01T22:27:56,19.77,Descriptive,Direct First-Person,none,none
bcg.com__about_people_experts_lucas-chaumontet.md,qwen3.8:27b,Former Global Energy Transition Leader & Sustainability Strategist,"I have dedicated over 16 years to advising energy, natural resources, and process industries on their journey toward net-zero. As a former senior partner, I led our African operations and served as the global leader for Climate & Sustainability in Energy. My work focuses on capital project development, corporate transformation, and scaling low-carbon businesses across Europe, Asia, and Africa. With an MSc in engineering, I combine technical rigour with strategic insight to deliver tangible outcomes. I help organisations navigate complex regulatory landscapes and secure sustainable infrastructure investments while maintaining operational efficiency and financial viability.",Energy Transition and Sustainability Advisory,"Advisory for energy, infrastructure, and manufacturing firms navigating net-zero targets. Services include capital project development, low-carbon business incubation, and corporate transformation strategy. Familiar with decarbonisation pathways for power, transport, and heavy industry. Not focused on general corporate finance or legal structuring.","16 years in energy and sustainability consulting, including leadership of a global professional services firm’s African operations. Delivered national energy transition initiatives and large-scale decarbonisation projects as global leader for Climate & Sustainability in Energy. Holds an MSc in engineering.",PROVIDER,Energy & Resources,Construction & Real Estate,industry_v1,2026-10-01T22:28:05,13.85,Authority,Implied,none,stated
bcg.com__about_people_experts_dan-wald.md,qwen3.6:35b,Global Consumer Products and M&A Strategy Advisor,"I bring nearly two decades of strategy consulting experience, including tenure as a global sector leader and senior partner at a major professional services firm since 2005. I specialise in consumer products, fast-moving consumer goods, and sports businesses. With an MBA from the University of Chicago and a BA in economics, I drive commercial growth, innovation, and M&A for global enterprises. I help Singapore-based food and beverage manufacturers accelerate growth through targeted strategy.",Consumer Brand Growth and M&A Strategy Advisory,"Practical strategy advisory for Singapore-based food and beverage manufacturers, retailers, and lifestyle brands looking to accelerate growth. Services include commercial performance reviews, innovation pipeline assessments, mergers and acquisitions due diligence, and go-to-market planning. Familiar with CPG industry dynamics and customer journey optimisation. Not focused on supply chain logistics implementation or operational execution.","20 years in strategy consulting, including leading a global consumer products sector at a major professional services firm since 2005. Advised global consumer companies on commercial growth, M&A, and innovation strategy in difficult market environments. Authored industry publications on demand-centric growth and digital strategy for consumer goods. Holds an MBA with high honors and a BA in economics.",PROVIDER,Retail & Consumer,,industry_v1,2026-10-01T22:28:08,11.38,Descriptive,Implied,none,stated
bcg.com__about_people_experts_raoul-ruparel.md,qwen3.8:27b,"Senior Economic Policy Specialist specialising in trade, investment, and political strategy.","I am an economic policy specialist with extensive experience across public and private sectors. My focus is on assessing the macroeconomic impacts of regulatory changes, trade agreements, and market shifts. I previously served as a director in a Big Four firm and as a special adviser to senior government officials. My work involves navigating complex trade and investment landscapes, specifically helping organisations understand their exposure to policy changes. I hold MA degrees in public policy and social sciences, and a BA in economics and politics from leading international universities.",Economic Policy and Trade Strategy Advisory,"Advisory for SMEs and mid-sized businesses navigating complex trade, investment, and regulatory landscapes in Singapore and the region. Services include risk assessment for policy changes, trade agreement impact analysis, government relations strategy, and market entry planning. Familiar with Singapore's business environment and regional trade dynamics. Helps firms position themselves to mitigate regulatory risks and leverage growth opportunities.","Senior director in economic growth and trade strategy. Served as Director of Trade and Investment at a Big Four firm, advising clients on trade policy and investment. Acted as special adviser to a national financial regulator and senior government minister on exit negotiations and international strategy. Member of a major chamber of commerce economic advisory group, contributing to national policy discourse on trade and investment.",PROVIDER,Public Sector,,industry_v1,2026-10-01T22:28:12,15.01,Descriptive,Implied,none,none
bcg.com__about_people_experts_nicole-voigt.md,qwen3.6:35b,Former Global Strategy Leader in Industrial Sustainability & Decarbonisation,"I bring over two decades of expertise in sustainability strategy for industrial clients, underpinned by an MBA and civil engineering foundation. My career has focused on guiding metals and mining companies through complex decarbonisation journeys and circular economy transitions. Recognised as a Top 100 influential businesswoman and AIST award winner, I specialise in building resilient supply chains. I now offer strategic advisory to help heavy industry navigate regulatory pressures and achieve net-zero goals effectively.",Metals Industry Decarbonisation Strategy,"Practical advisory for heavy industrial and metals manufacturers looking to reduce their carbon footprint and comply with regulations like the EU ETS and CBAM. Services include designing net-zero production pathways, implementing circular economy solutions for scrap management, and optimising supply chains for critical materials like steel and battery metals. Particular experience with regulatory impacts on process industries and leveraging data to drive operational efficiency.","20+ years in industrial goods consulting. Advised clients on large-scale industrial transformations, including CO2 footprint optimisation, circular economy strategies, and supply chain redesign. Co-authored industry thought leadership on trade policies and decarbonisation.",PROVIDER,Manufacturing,,industry_v1,2026-10-01T22:28:19,10.24,Authority,Implied,none,none
bcg.com__about_people_experts_karin-von-funck.md,qwen3.8:27b,Strategic Consulting for Zero-Based Transformation and Revenue Growth,"I help businesses unlock sustainable growth through zero-based transformation and strategic revenue management. With over 25 years of experience in corporate finance and consumer products, I specialise in go-to-market strategies, pricing, and operational cost optimisation. My approach combines deep economic insight with practical advisory to drive margin improvement without eroding long-term value. I hold a PhD in business economics and an MBA, providing rigorous analysis tailored to your market context. Let us build a resilient financial foundation for your future success.",Zero-Based Transformation and Revenue Growth Advisory,"Practical advisory for SMEs, family businesses, and mid-sized consumer or industrial firms seeking to optimise costs and revenue. Services include designing zero-based budgeting frameworks, developing pricing and revenue management strategies, executing go-to-market plans, and implementing digital transformation for operational efficiency. Familiar with AI-enabled cost redesign and spend transparency tools to ensure sustainable margin improvement without eroding long-term growth capabilities or team morale.","I spent 25 years in strategy and consulting, including a role as managing director at a global professional services firm. I led the global zero-based transformation initiative and built a proprietary zero-based budgeting toolbox to enhance spend transparency. I developed go-to-market and pricing strategies for clients in consumer goods, industrial, and financial sectors across Europe, the Middle East, and Africa.",PROVIDER,OTHER,,industry_v1,2026-10-01T22:28:16,16.79,Value Prop,Direct First-Person,none,none
bcg.com__about_people_experts_priya-chandran.md,qwen3-vl:32b,Former Head of Global Biopharmaceuticals Strategy & Industry Leader,"I spent 21 years shaping health care and biopharmaceuticals strategy, leading a global biopharma practice and public sector health initiatives. I advised major biopharma companies and US government health agencies on innovation, M&A, R&D productivity, and value-based care. I hold an MBA with honours from the University of Chicago and an MS in biological chemistry from the University of Michigan.",Biopharmaceutical Strategy and Transformation Advisory,"Practical advisory for biopharmaceutical companies and health care organisations on innovation, R&D efficiency, M&A, and market access. Services include strategic planning for drug development and commercialisation, talent retention strategies for acquisitions, and implementation of AI and data science in R&D. Familiar with US FDA, NIH, CMS frameworks and biopharma industry trends. Particular experience with small molecules, biologics, vaccines, and CGTs.","I spent 21 years in health care and biopharmaceuticals strategy, including leadership of a global biopharma practice and public sector health initiatives. I have advised major biopharma companies and US government health agencies on innovation, M&A, R&D productivity, and value-based care. I led programmes on pandemic preparedness, healthcare quality, and data analytics. I hold an MBA with honours from the University of Chicago.",PROVIDER,Healthcare,,industry_v1,2026-10-01T22:28:19,17.53,Authority,Direct First-Person,none,none
aesg.com__key-people_james-kelland.md,qwen3-vl:32b,Principal Consultant Engineer in Fire and Life Safety,"Over 15 years of experience in fire safety and fire protection engineering, with a focus on integrated design across international projects. Has led multidisciplinary teams on developments including high-rise towers, mixed-use buildings, airports, and masterplans in Asia, Europe, North America, and the Middle East. Specialises in delivering high-quality, client-tailored solutions on time. Certified in ISO 27001:2022, ISO 9001:2015, ISO 14001:2015, and ISO 45001:2018.",Fire Safety and Life Safety Engineering Advisory,"Practical advisory for developers, property owners, and facility managers in Singapore and across Southeast Asia looking to ensure compliance and safety in building design and operation. Services include fire safety design consultancy, life safety system integration, risk assessment for mixed-use developments, and compliance review for high-rise and masterplan projects. Familiar with international fire safety standards and local regulatory requirements in the region.","15 years in fire safety and fire protection engineering, including as associate director at a global engineering consultancy. Has led projects across Asia, Europe, North America, and the Middle East, including high-rise towers, mixed-use developments, airports, and masterplans. Delivered client-tailored, high-quality solutions on time. Certified in ISO 27001:2022, ISO 9001:2015, ISO 14001:2015, and ISO 45001:2018.",PROVIDER,Construction & Real Estate,,industry_v1,2026-10-01T22:28:19,19.91,Descriptive,Implied,none,none
brookesbell.com__about-us_the-team_david-edwards.md,qwen3.8:27b,Chemist specialising in petroleum and marine contamination analysis for maritime regulatory and legal disputes.,"I bring over 35 years of experience in analytical chemistry, focusing on petroleum, petrochemical, and LPG analysis. My work centres on diagnosing contamination and pollution incidents in marine transportation, particularly regarding petroleum fuel quality. I hold a BSc (Hons) and PhD, and I have served as an expert witness in legal proceedings both in the UK and internationally. I apply this technical depth to support complex disputes and regulatory inquiries, helping clients navigate the specifics of environmental compliance and fuel integrity within the maritime sector.",Petroleum Fuel Contamination and Marine Pollution Expertise,"Technical advisory for shipping companies, fuel traders, and insurers dealing with petroleum product disputes. Services include forensic analysis of fuel contamination, assessment of petrochemical spills, and expert witness testimony in legal proceedings. Familiar with marine transportation regulations and international standards for fuel quality and environmental compliance.","Over 35 years in analytical chemistry, specialising in petroleum, petrochemical, and LPG analysis. Acted as an expert witness in legal proceedings involving marine transportation and fuel contamination in the UK and abroad. Diagnosed petroleum fuel contamination and pollution incidents related to maritime operations to support regulatory and technical disputes.",PROVIDER,Marine & Offshore,,industry_v1,2026-10-01T22:28:29,13.13,Descriptive,Implied,none,none
bcg.com__about_people_experts_becky-frederick.md,qwen3.8:27b,Former Managing Director & Industry Leader in AI and Digital Transformation,"I bring over 12 years of expertise in leading large-scale AI and digital transformations across Singapore and globally. My background spans modernising legacy technology landscapes and activating human-AI collaboration for clients in telecommunications, health care, and technology. Prior to joining the consulting sector in 2013, I conducted academic research in biochemistry and science policy. I focus on helping enterprises build modern digital capabilities, unlock value through advanced analytics, and implement generative AI strategies that drive tangible business outcomes.",AI Strategy and Digital Transformation Advisory,"Strategic advisory for mid-sized and large enterprises in technology, media, and telecommunications seeking to integrate AI and modernise operations. Services include assessing AI readiness, designing human-AI collaboration frameworks, modernising legacy IT architectures, and developing GenAI adoption roadmaps. Familiar with balancing growth with cost control in digital investments, with particular experience in redefining business processes for the future.","13 years in technology consulting and digital strategy, including tenure as Managing Director at a global strategy consultancy since 2013. Led large-scale AI transformations for telecommunications and health care clients. Modernised legacy landscapes and scaled generative AI tools to optimise operational performance.",PROVIDER,Technology & Software,,industry_v1,2026-10-01T22:28:46,11.77,Authority,Implied,none,none
deloitte.com__us_en_about_people_profiles-drosshirt-43561ebe-html.md,qwen3.8:27b,Strategic Operating Model Expertise for Retirement Services,"I bring over 25 years of experience developing robust business and product strategies for leading retirement services providers. My expertise centres on operating model review and design, with a specific focus on competitive benchmarking of fees, costs, and service structures. I specialise in driving transformative initiatives that enhance cost transparency and refine management reporting frameworks. By optimising the customer experience journey, I help financial services firms achieve greater operational efficiency. My approach combines deep industry insight with practical strategic execution, ensuring that your organisation not only meets current standards but also positions itself for future growth in the competitive Singapore market.",Operating Model and Strategy Advisory,"Strategic advisory for financial services firms and retirement providers looking to optimise their operating models. Services include competitive benchmarking of fees and costs, redesigning management reporting structures, enhancing cost transparency frameworks, and improving customer experience journeys. Familiar with retirement services industry standards and operational best practices for mid-to-large size financial institutions.","25+ years in retirement services business and product strategy, including principal roles at a professional services firm. Led operating model reviews and competitive benchmarking for major industry players, focusing on fee structures and cost efficiency.",PROVIDER,Financial Services,,industry_v1,2026-10-01T22:28:48,11.68,Value Prop,Implied,none,none
bcg.com__about_people_experts_jens-jahn.md,qwen3-vl:32b,Transformation and Change Management Specialist,"With 20 years in organizational transformation, I advise senior leaders across industrial goods, automotive, consumer goods, financial institutions, and energy sectors. I work with organizations from global conglomerates to SMEs, focusing on people-centric change, HR operations, and business-focused transformation. My expertise includes culture change, organizational design, and agile transformation methods. No certifications or registrations are held.",Transformation and Change Management Advisory,"Practical advisory for SMEs and mid-sized businesses in industrial goods, automotive, consumer goods, and financial services undergoing transformation, M&A, or reorganization. Services include designing change management frameworks, aligning HR operations with transformation goals, and implementing people-focused strategies using agile and data-driven approaches. Familiar with organizational design, culture change, and post-merger integration. Uses AI-powered analytics tools for workforce trend monitoring and early signal detection.","20 years in organizational transformation and change management, including roles as People Chair of a global professional services firm’s People & Organization practice and leadership team member of the Industrial Goods practice. Advised CEOs and senior executives across industrial, automotive, consumer goods, financial, and energy sectors on transformation, organizational design, and HR change implementation. Focused on people-centric change management, post-merger integrations, and restructurings using agile and data-driven methods.",PROVIDER,Professional Services,,industry_v1,2026-10-01T22:28:42,18.94,Descriptive,Implied,none,none
bcg.com__about_people_experts_daniel-gott.md,qwen3.8:27b,Former Global Retail Strategy Leader & North American Practice Head,"With over 29 years in retail, consumer, and pricing strategy, I delivered high-impact solutions for major US retailers and global consultancies. I led North American sales initiatives and headed the Chicago office, driving revenue growth through effective sales force design and category strategy. Previously, I managed private brands finance and sales effectiveness for large retail chains. I now bring this deep expertise to Singapore-based SMEs and consumer brands, helping you optimise pricing, structure go-to-market plans, and strengthen operational resilience in competitive markets.",Retail Strategy and Revenue Optimisation Advisory,"Practical advisory for Singapore SMEs, retailers, and consumer brands seeking rapid performance gains. Services include sales force effectiveness design, category strategy, pricing and revenue management, and go-to-market planning for emerging markets. Familiar with large-scale organisational transformations, supply chain management, and business restructuring to strengthen operational resilience and market positioning.","29 years in retail strategy and consulting, including roles at large US retailers and a global management consultancy. Led North American sales practices and managed private brands finance at major retailers. Holds an MBA from a top US business school.",PROVIDER,Retail & Consumer,,industry_v1,2026-10-01T22:28:59,11.65,Authority,Implied,none,none
bcg.com__about_people_experts_edmond-rhys-jones.md,qwen3-vl:32b,Guiding Organisations Through Climate Transition with Policy-Ready Strategy,"I bring over 13 years of experience in climate policy and sustainability, having advised public, private, and social sector clients on low-carbon and nature-positive transitions. I co-lead the firm’s Center for Climate & Sustainability Policy & Regulation and have supported UN Climate Action since 2019, advising COP Presidencies and High-Level Champions. I hold a Master of Laws from Harvard Law School and a BA in Law & History from University College, London.",Climate Transition Strategy and Policy Advisory,"Practical advisory for SMEs, family businesses, and public sector organisations navigating climate policy and sustainability transitions. Services include developing climate transition plans, interpreting national and international climate regulations, and advising on policy alignment for low-carbon operations. Familiar with frameworks such as the UK’s Transition Plan Taskforce Disclosure Framework and global climate policy developments. Not focused on direct carbon trading or emissions measurement consulting.","I spent 13 years in climate policy and sustainability, including as a partner at a global strategy consultancy. I co-lead the firm’s Center for Climate & Sustainability Policy & Regulation and have supported UN Climate Action since 2019, advising successive COP Presidencies and High-Level Champions. Previously, I served in the British Diplomatic Service, with postings in Washington and Islamabad. I hold a Master of Laws from Harvard Law School.",PROVIDER,Cross-industry,,industry_v1,2026-10-01T22:28:57,20.15,Value Prop,Direct First-Person,none,stated
bcg.com__about_people_experts_saibal-chakraborty.md,qwen3-vl:32b,Digital Transformation and Technology Strategy Leader,"I have 25 years of international experience in technology and digital strategy, including leadership roles in a global strategy consultancy and prior work at major technology firms. I specialise in digital public infrastructure, enterprise digital transformation, and technology sourcing. I have led national-level digital initiatives in South Asia and advised clients in financial services, utilities, transport, and healthcare. I hold an MBA from Indian Institute of Management and a Master’s in Materials Engineering from Drexel University.",Digital Transformation and Technology Strategy Advisory,"Practical advisory for SMEs and mid-sized organisations in utilities, financial services, transport, and healthcare looking to modernise legacy systems, build cloud-native architectures, and implement enterprise data platforms. Services include digital platform design and build, technology sourcing for complex procurements, and post-merger integration planning. Familiar with digital public infrastructure (DPI) frameworks and national digital strategies. Not focused on day-to-day IT operations or cybersecurity implementation.","25 years in technology and digital strategy, including leading the firm’s Tech & Digital Advantage practice in South Asia. Advised national governments on digital public infrastructure, including India AI Mission and Government e-Marketplace (GeM), and led national smart grid and ICT masterplan projects in Bangladesh. Designed and built enterprise-wide data platforms and cloud-native architectures for clients in financial services, utilities, and healthcare. Prior experience as a technology architect at major global technology firms.",PROVIDER,Public Sector,,industry_v1,2026-10-01T22:29:00,19.48,Descriptive,Implied,none,stated
bcg.com__about_people_experts_philipp-jostarndt.md,qwen3.6:35b,Managing Director & Industry Leader in Industrial M&A,"I am a senior advisor with extensive experience in mergers and acquisitions, focusing on corporate divestitures, buy-side M&A, and strategy for industrial clients. Expert in portfolio transformation and investor strategy within metals, mining, and machinery sectors. Brings deep academic grounding in financial economics and business administration from leading European institutions.",Industrial M&A and Portfolio Restructuring Advisory,"Practical M&A advisory for mid-market industrial businesses, including steel, machinery, and mining operators, looking to execute divestitures or acquire growth assets. Services include strategic portfolio assessment, preparation for auction sales, and structuring buy-side transactions with private equity sponsors. Familiar with shareholder engagement dynamics and international consolidation trends.","Over 18 years of experience in investment banking, specializing in industrial M&A and corporate strategy since 2007. I led strategic assessments and divestitures for major steel and machinery clients across Europe and NAFTA regions.",PROVIDER,Manufacturing,,industry_v1,2026-10-01T22:29:11,10.13,Authority,Direct First-Person,none,none
bcg.com__about_people_experts_lacy-ketzner.md,qwen3-vl:32b,Senior advisor in aerospace and defense strategy and digital transformation,"Over 20 years of experience in aerospace and defense strategy, digital transformation, and business operations. Has led supply chain and program management initiatives for defense primes, MRO providers, and public sector clients. Expertise in leveraging big data, AI, and digital tools for operational efficiency and growth. Holds an MBA from Wharton School and a BS in chemistry from Yale University.",Aerospace and Defense Digital Transformation Advisory,"Practical advisory for aerospace and defense businesses, including SMEs and mid-sized firms, looking to modernise operations and improve readiness. Services include supply chain strategy using control towers and big data diagnostics, digital transformation planning, AI integration for maintenance and sustainment, and program management optimisation. Familiar with digital tools and data analytics platforms used in defence and industrial sectors.","20 years in aerospace and defense strategy and digital transformation, including managing director and senior partner at a global strategy consultancy. Led supply chain strategy projects for large aerospace and defense companies, leveraging supply chain control towers and big data to reduce risk and improve returns. Advised public sector clients on digital and operational transformations. Has authored multiple publications on AI and digital transformation in the defense industry.",PROVIDER,OTHER,,industry_v1,2026-10-01T22:29:07,16.99,Descriptive,Implied,none,none
aesg.com__key-people_nilesh-deshpande.md,qwen3-vl:32b,"Sustainability Specialist with 18 years’ experience in energy, carbon, and net-zero design","I spent 18 years as a sustainability specialist, specialising in energy and carbon management, decarbonisation, net-zero design, and ESG reporting. I led sustainability projects for retail, residential, commercial, educational, and hospitality developments, including large-scale masterplans in the Middle East and India. I am accredited as a Certified Energy Manager (CEM) by the Association of Energy Engineers and a LEED Accredited Professional by USGBC. I am skilled in energy modelling tools including IESVE, Visual DOE, Energy Plus, and One Click LCA.",Sustainability Strategy and Net-Zero Design Advisory,"Practical advisory for commercial, residential, and hospitality businesses in Singapore and the region seeking to reduce carbon emissions and achieve net-zero goals. Services include energy and carbon management planning, decarbonisation strategy development, net-zero design and construction advisory, ESG reporting support, and sustainability certification project management. Familiar with ISO 14064-1 and -2 greenhouse gas accounting standards and tools such as IESVE, Visual DOE, Energy Plus, and One Click LCA.","I spent 18 years as a sustainability specialist, specialising in energy and carbon management, decarbonisation, net-zero design, and ESG reporting. I led sustainability projects for retail, residential, commercial, educational, and hospitality developments, including large-scale masterplans in the Middle East and India. I delivered technical training on IES energy modelling software across India and the Middle East. I am accredited as a Certified Energy Manager (CEM) by the Association of Energy Engineers and a LEED Accredited Professional by USGBC.",PROVIDER,Construction & Real Estate,,industry_v1,2026-10-01T22:29:08,20.61,Descriptive,Direct First-Person,none,none
brookesbell.com__about-us_the-team_david-ireland.md,qwen3.6:35b,Marine Consultant and Former Master of ULCC/VLCC Tankers,"I am a marine consultant with 28 years of tanker industry experience, including nine years as Master of ULCC and VLCC tankers. I specialise in voyage risk analysis, wreck removal, collision investigations, and expert witness testimony. I hold a membership on the Lloyd’s SCR Panel and am certified in Lloyds Register Accident Investigation. Based in Singapore and the USA, I advise P&I Clubs, hull underwriters, and shipowners on complex maritime incidents and compliance matters.",Marine Claims Advisory and Wreck Removal Consulting,"Practical maritime advisory for shipping companies, P&I Clubs, and underwriters handling vessel incidents in Singapore waters. Services include voyage risk analysis, collision investigation, and wreck removal tender preparation. Familiar with Lloyd’s SCR Panel requirements and Lloyds Register standards. Not focused on maritime law drafting or court litigation representation.","I spent 28 years in the maritime industry, including specialist marine consultancy and command of large tankers. I advised on complex wreck removal operations and served as an expert witness in UK and US courts for tanker incidents. I serve as a Member of the Lloyd’s SCR Panel.",PROVIDER,Marine & Offshore,Financial Services,industry_v1,2026-10-01T22:29:20,9.26,Descriptive,Direct First-Person,none,stated
bcg.com__about_people_experts_sanjay-saxena.md,qwen3.8:27b,Former Managing Director & Senior Partner in Health Care Strategy,"I am a retired senior leader with over two decades of experience in health care strategy and M&A. I advised boards of payers and providers on enterprise transformation and large-scale integration projects. My background spans Southeast Asia and APAC, working with venture capital and private equity firms to scale businesses. I hold an MD, MBA, and BS in biomedical engineering. I co-led a global centre for health care reform, specialising in pre- and post-merger activities. I bring deep knowledge of Singapore regulatory frameworks and value-based care models. I now share this expertise to guide strategic decisions for health care organisations seeking sustainable growth.","Health Care Strategy, Transformation & M&A Advisory","Strategic advisory for health care providers, payers, and service firms, including SMEs and mid-sized organisations. Services include enterprise and business unit strategy development, leading large-scale operational transformation and change programmes, M&A due diligence and post-merger integration, and digital transformation initiatives to accelerate value realisation. Familiar with health insurance models, value-based care structures, and regulatory frameworks relevant to the Singapore and regional markets.","Over two decades as a health care strategy and transformation executive. Served as Managing Director and Senior Partner at a global professional services firm, co-leading the firm's health care reform centre. Advised boards of leading payers and providers on M&A and digital transformation. Co-authored a scenario-planning tool for supply-demand imbalances in health systems during the pandemic.",PROVIDER,Healthcare,,industry_v1,2026-10-01T22:29:17,16.47,Authority,Implied,none,none
deloitte.com__us_en_about_people_profiles-dsimmonds-5fed877c-html.md,qwen3.6:35b,Investment and Wealth Management Technology Solutions Leader,"Principal with over 15 years of experience in technology consulting for the financial services sector. Specialises in operating model and technology solutions for asset and wealth managers. Expert in front and middle office transformation, platform selection, and data management. Certified professional with a background in business marketing. Proven track record of modernising investments, retirement operations, and core technology systems for global clients.",Wealth Management Technology and Operating Model Transformation,"Advisory for Singaporean asset managers, wealth management firms, and family offices seeking to modernise technology stacks and streamline operations. Services include front and middle office transformation, platform assessment and selection, and trading platform integration. Particular experience with data management and reporting solutions. Focuses on increasing operating value and investment sophistication.","15 years in financial services technology consulting, including principal at a global professional services firm. Led platform selection initiatives across asset classes, defining architectures for institutional clients. Implemented data management and reporting solutions, enabling streamlined operations for asset and wealth managers.",PROVIDER,Financial Services,,industry_v1,2026-10-01T22:29:41,8.11,Descriptive,Implied,none,none
bcg.com__about_people_experts_jens-kengelbach.md,qwen3.8:27b,Mergers & Acquisitions and Post-Merger Integration Specialist,"I specialise in mergers and acquisitions and post-merger integration. Holding a PhD in finance and double master’s degrees in business administration and civil engineering, I deliver global M&A strategies, target search mandates, and due diligence across industrial, pharmaceutical, and automotive sectors. My background spans both buy and sell sides, covering end-to-end divestiture support, equity deconstructions, and IPO preparations. I also bring deep experience in corporate finance strategy and marketing activities, having previously held senior leadership roles within a global professional services firm. I focus on practical, results-driven advisory for complex transactions and strategic planning.",M&A Due Diligence and Transaction Advisory,"Practical advisory for SMEs and mid-sized businesses planning acquisitions, divestitures, or restructurings. Services include strategic target search, commercial and strategic due diligence, end-to-end divestiture support (information memorandums, management presentations, bid comparisons), and post-merger integration planning. Familiar with portfolio strategy, execution roadmaps, and complex carve-outs across industrial goods, pharmaceuticals, and automotive supply sectors.","24 years in M&A and corporate finance since 2002. Served as global head of M&A, leading strategic and commercial due diligence across industrial goods, pharmaceuticals, and automotive sectors. Executed M&A strategy mandates and managed dual-track equity deconstructions, including carve-outs and IPOs.",PROVIDER,Professional Services,,industry_v1,2026-10-01T22:29:35,20.24,Descriptive,Implied,none,none
bcg.com__about_people_experts_bill-earnshaw.md,qwen3-vl:32b,Technology Strategy and R&D Transformation Expert,"I spent 15 years in technology strategy and R&D transformation, including as SVP of Engineering at a major semiconductor firm and Technology Leader of IP Strategy. I specialise in go-to-market strategy, product development, and M&A in technology and semiconductors. I hold an MBA and BS in electric engineering, summa cum laude, and have been awarded 20 US patents in advanced computing and communications technologies.",Technology Strategy and R&D Transformation Advisory,"Practical advisory for tech startups, semiconductor firms, and digital product businesses seeking to scale innovation and enter new markets. Services include technology roadmap development, go-to-market strategy, R&D value creation, product development planning, and IP strategy advisory. Familiar with digital, analog, and mixed-signal development, as well as software and firmware engineering. Experienced in M&A and international design centre management.","I spent 15 years in technology strategy and R&D transformation, including as SVP of Engineering at a major semiconductor firm and Technology Leader of IP Strategy. I advised on go-to-market strategies and product development for emerging markets, led R&D initiatives, and managed international design centres. I was awarded 20 US patents in advanced computing and communications technologies.",PROVIDER,Technology & Software,,industry_v1,2026-10-01T22:29:37,19.22,Descriptive,Direct First-Person,none,none
bcg.com__about_people_experts_madspeter-langhorn.md,qwen3-vl:32b,Corporate Strategy and Shareholder Value Expert,"Over 15 years in corporate strategy and shareholder value creation, including as a Managing Director & Partner in a global strategy consultancy. Specialises in growth agendas, portfolio reviews, and value acceleration programs, with recent focus on green energy transition projects for infrastructure investors. Prior experience in investment banking. Education includes an MSc in economics and business administration.",Corporate Strategy and Growth Advisory,"Practical advisory for SMEs, family businesses, and mid-sized enterprises in energy, infrastructure, and industrial sectors seeking to accelerate growth and unlock shareholder value. Services include portfolio reviews, growth strategy development, value acceleration programs, and green transition planning. Familiar with green energy investment frameworks and sustainability-driven business models. Scope: one-on-one advisory engagements.","15 years in corporate strategy and shareholder value creation, including as a Managing Director & Partner in a global strategy consultancy. Led shareholder value acceleration programs and portfolio reviews for infrastructure investors, focusing on green energy transition projects. Advised Nordic-based green infrastructure clients and contributed to growth strategies for industrial and transportation clients. Prior experience in investment banking.",PROVIDER,Energy & Resources,,industry_v1,2026-10-01T22:29:43,17.0,Descriptive,Implied,none,none
bcg.com__about_people_experts_edward-gore-randall.md,qwen3.8:27b,Former Managing Director & M&A Integration Specialist,"I am a seasoned advisor specialising in mergers, acquisitions, and joint ventures. With over fifteen years in a global professional services firm, I have guided corporates and investors through complex, end-to-end transactions. My expertise spans due diligence, deal negotiation, and post-merger integration across multiple regions. I also lead global topics on joint venture structures and alliance management. My scientific background, including a first-class MChem in Chemistry, provides a unique foundation for industry-specific advisory. I am now available to offer strategic guidance on partnership design and integration planning for ambitious organisations seeking to secure long-term value.",M&A and Joint Venture Advisory,"Strategic advisory for SMEs, family businesses, and mid-market companies navigating mergers, acquisitions, divestments, or forming strategic partnerships. Services include end-to-end transaction support from due diligence to integration, joint venture design, partner search, and governance structuring. Also provides post-merger integration planning, synergy capture strategies, and partnership reset or exit management. Familiar with cross-border deal structures and integration management office (IMO) best practices.","15 years in M&A and integration, including 14 years focused on transactions and joint ventures. Previously Managing Director at a global professional services firm, led global joint ventures and integration for multiple regions. Delivered over 125 joint ventures and transactions with a total transaction value in excess of S$412 billion.",PROVIDER,Cross-industry,,industry_v1,2026-10-01T22:29:44,16.43,Authority,Implied,none,none
bcg.com__about_people_experts_drew-donovan.md,qwen3-vl:32b,Senior Business Transformation Consultant specialising in go-to-market strategy and sales force effectiveness for distribution and services clients,"Over 16 years of experience in business transformation, go-to-market strategy, and sales force effectiveness. Specialises in supporting distribution and services clients, with deep expertise in pricing, revenue management, and organisational optimisation. Previously part of an engineering leadership development programme at a major aerospace manufacturer. Holds an MBA from Harvard Business School and advanced degrees in systems and aerospace engineering.",Go-to-Market Strategy and Sales Force Effectiveness Advisory,"Practical advisory for SMEs and mid-sized consumer goods and services businesses looking to improve sales performance and market entry strategies. Services include go-to-market design, sales force effectiveness optimisation, pricing strategy development, and organisational restructuring for market growth. Familiar with revenue management frameworks and consumer products industry dynamics. Not focused on digital product development or IT system implementation.","16 years in business transformation and go-to-market strategy, including senior advisory roles at a global strategy consultancy. Advised distribution and services clients on sales force effectiveness and pricing optimisation. Designed go-to-market strategies for emerging markets and led organisational redesigns to improve business performance. Previously part of an engineering leadership development programme at a major aerospace manufacturer.",PROVIDER,Retail & Consumer,,industry_v1,2026-10-01T22:29:49,16.54,Descriptive,Implied,none,stated
bcg.com__about_people_experts_sek-loong-tan.md,qwen3-vl:32b,Strategy and Digital Transformation Consultant,"I have over 19 years of experience in strategy, digital transformation, and organizational effectiveness, working with governments and private sector organizations across Australia, Asia, and Europe. I advised on economic, skills, trade, energy, and transport reforms. I co-founded Teach for Australia and served as senior advisor to the CEO of Asialink, helping establish Asialink Business. I hold a Master of Public Administration and a Master of Engineering from the University of Cambridge.",Digital and Organizational Transformation Advisory,"Practical advisory for SMEs and mid-sized organizations in sectors like technology, energy, and financial services looking to transform operations and adopt digital strategies. Services include designing digital transformation roadmaps, improving organizational effectiveness, and advising on skills development and talent retention. Familiar with agile methodologies in public and private sectors, and policy frameworks for green growth and workforce reskilling.","I spent 19 years in strategy and digital transformation, including as Managing Director & Partner at a global strategy consultancy. I advised governments and businesses on economic, energy, and transport reforms across Australia, Asia, and Europe. I co-founded Teach for Australia and served as senior advisor to the CEO of Asialink, helping establish Asialink Business. I hold a Master of Public Administration and a Master of Engineering from the University of Cambridge.",PROVIDER,Public Sector,Cross-industry,industry_v1,2026-10-01T22:29:53,21.57,Descriptive,Direct First-Person,none,none
bcg.com__about_people_experts_laura-juliano.md,qwen3-vl:32b,Former Regional Practice Area Lead for Operations & Industry Leader in Industrial and Aerospace Sectors,"Over 20 years of experience in operations, corporate strategy, and post-merger integration within industrial goods and aerospace and defense. Led engagements for defense contractors, component manufacturers, and automotive suppliers, focusing on supply chain, procurement, and complexity optimization. Member of Women in Aerospace and Women in Defense. Holds a BA in mathematics and philosophy.",Operations and Strategy Advisory for Industrial and Aerospace Businesses,"Practical advisory for industrial goods and aerospace businesses looking to optimise operations, manage supply chain risks, and execute post-merger integrations. Services include supply chain and procurement strategy, cost transformation, complexity optimisation, and market-entry planning. Familiar with operational excellence frameworks and corporate development in the aerospace and defense sector.","20 years in operations and corporate strategy, specialising in industrial goods and aerospace and defense. Served as Regional Practice Area Lead for operations in North America and led the firm’s Center for Operations in Houston. Advised defense contractors and component manufacturers on corporate strategy, life cycle management, and revenue growth. Supported automotive tier one suppliers and other industrial clients on post-merger integrations and market-entry plans.",PROVIDER,OTHER,,industry_v1,2026-10-01T22:29:57,18.51,Authority,Implied,none,none
bcg.com__about_people_experts_ravi-srivastava.md,qwen3-vl:32b,Operations and Industrial Goods Strategy Consultant,"I spent 26 years in operations and industrial goods strategy, including as Managing Director and Senior Partner at a global strategy consultancy. I specialise in operations transformation, large-project management, and sales and marketing excellence for clients in automotive, capital goods, and construction industries across Southeast Asia and the Asia-Pacific region. I was the former global leader for the Operations practice. I hold an MBA from Indian Institute of Management, Ahmedabad, and a BTech from Indian Institute of Technology Delhi.",Operations Transformation and Industrial Goods Strategy Advisory,"Practical advisory for mid-sized and large manufacturers, industrial goods suppliers, and construction firms in Southeast Asia and APAC looking to optimise operations, manage large projects, and enhance sales and marketing effectiveness. Services include operations transformation strategy, supply chain redesign, large-project management, and go-to-market strategy development. Familiar with digital enablement, advanced analytics, and end-to-end supply chain transformation. Not focused on financial modelling or mergers and acquisitions advisory.","I spent 26 years in operations and industrial goods strategy, including as Managing Director and Senior Partner at a global strategy consultancy. I was the former global leader for the Operations practice, advising clients in automotive, capital goods, and construction industries across Southeast Asia and the Asia-Pacific region. I led transformation initiatives in operations, supply chain management, and sales and marketing excellence for industrial clients. I hold an MBA from Indian Institute of Management, Ahmedabad, and a BTech from Indian Institute of Technology Delhi.",PROVIDER,Manufacturing,Construction & Real Estate,industry_v1,2026-10-01T22:30:00,20.3,Descriptive,Direct First-Person,none,stated
fticonsulting.com__experts_thomas-hofbauer.md,qwen3-vl:32b,Former Head of Construction Disputes & Industry Leader in Project Claims Advisory,"With over 25 years in construction and engineering, I specialise in delay and quantum expert services for large-scale infrastructure, rail, industrial, and power projects. I have provided expert witness services in international arbitration, including at the ICC, VIAC, and SCAI, and advised on contract and risk analysis across Europe and beyond. Recognised as a thought leader in arbitration and construction by Who’s Who Legal, I hold a Diplom-Ingenieur (FH) in Civil Engineering and am registered as a Consulting Engineer with the Bavarian Chamber of Civil Engineers.",Construction Disputes and Claims Advisory,"Practical advisory for construction and infrastructure businesses, contractors, and project owners on dispute resolution and claims management. Services include expert witness testimony in arbitration, delay and disruption analysis, quantum assessment for disputed project costs, and contract risk evaluation. Familiar with international arbitration frameworks and large-scale project contracts. Regularly delivers training on claims management and arbitration best practices.","25 years in construction and engineering, specialising in project disputes and claims management. Led expert witness services for projects exceeding €2 billion with disputed values over €500 million. Advised on contract and risk analysis for rail, infrastructure, industrial, and power projects across Europe and internationally. Has given evidence in arbitral proceedings at the ICC, VIAC, and SCAI. Registered as a Consulting Engineer with the Bavarian Chamber of Civil Engineers.",PROVIDER,Construction & Real Estate,,industry_v1,2026-10-01T22:30:00,22.57,Authority,Implied,none,none
bcg.com__about_people_experts_srikant-vaidyanathan.md,qwen3.8:27b,Healthcare Pricing and Market Access Strategist with 23 Years’ Experience,"I specialise in pricing, revenue management, and supply chain operations for the healthcare sector. With over two decades of experience, I advise on market access strategies, technical operations for small molecules and biologics, and embedding health equity into corporate governance. I have previously held senior roles in product development at a US-based materials science company. My approach combines deep technical understanding with strategic business acumen to drive sustainable growth for healthcare clients.",Healthcare Market Access & Pricing Advisory,"Strategic advisory for biopharmaceutical and medtech companies seeking to optimise market entry and revenue. Services include designing pricing strategies for complex therapies, developing market access plans, improving supply chain efficiency, and embedding health equity into business models. Particular experience with oncology, immunology, and diagnostic markets. Focus on translating operational excellence into sustained financial outcomes.","23 years in healthcare consulting and product operations, including Managing Director at a global management consultancy. Led global market access and pricing initiatives. Previously spent five years at a US materials science firm taking multiple products from concept to market. Holds more than 40 patents.",PROVIDER,Healthcare,,industry_v1,2026-10-01T22:30:06,27.21,Descriptive,Implied,none,none
brookesbell.com__about-us_the-team_david-moore.md,qwen3.8:27b,Petroleum product testing and fuels blending specialist,"I specialise in petroleum product testing, fuels blending, and laboratory management. With over three decades of experience, I bring deep expertise in ISO 17025 Quality Management Systems and analytical techniques. My background includes designing fuel testing facilities and investigating complex fuel quality incidents. Previously, I managed technical teams and led analysis operations for international oil and refinery companies. Since 2014, I have provided expert advice on bunker fuel and cargo quality disputes to maritime clients, ensuring rigorous standards and accurate technical outcomes.",Fuel Quality Dispute Investigation and Laboratory Advisory,"Technical advisory for shipping, logistics, and industrial clients managing fuel quality issues or lab upgrades. Services include investigating bunker fuel and chemical cargo disputes, arranging joint sampling and analysis on vessels, and drafting expert reports for dispute resolution. Also provides consultancy on laboratory design, build, and ISO 17025 Quality Management System implementation. Particular experience with petroleum product specifications, blending, and refining process standards.","30 years in petroleum product testing and fuels blending, including roles as Laboratory Manager and Analysis Manager at international oil and refinery companies. Developed ISO 17025 Quality Management Systems and led the design and build of new laboratory facilities. Investigated quality disputes involving bunker fuel and petroleum cargoes.",PROVIDER,Marine & Offshore,Energy & Resources,industry_v1,2026-10-01T22:30:16,21.51,Descriptive,Implied,none,none
bcg.com__about_people_experts_johann-harnoss.md,qwen3.6:35b,"Innovation Strategy, Corporate Vitality and Global Talent Specialist","I am an innovation and migration strategist specialising in corporate vitality, growth strategy, and global talent mobility. As a co-author of proprietary annual reports measuring firm growth potential, I helped lead dedicated corporate vitality teams at a major global management consultancy. My research appears in top-tier publications like the Harvard Business Review and MIT Sloan Management Review, and I have delivered widely viewed industry talks on these critical topics. I hold a PhD in economics and a Master’s in Public Administration from leading universities, grounding my practical advisory work in rigorous analytical frameworks.",Innovation Strategy and Corporate Vitality Advisory,"Practical strategic advisory for Singaporean small and mid-sized businesses seeking to embed innovation and sustain long-term growth. Services include assessment of corporate vitality to identify growth drivers, design of innovation systems to test and scale new ideas, and strategies for attracting and retaining global STEM and AI talent. Particular experience with proprietary frameworks measuring capacity for future core growth and building resilient organisational cultures.","I have served as an innovation strategy and corporate vitality specialist with a focus on global talent mobility and growth systems. I was a core member of a major global consultancy’s corporate finance practice and led a dedicated corporate vitality team. I co-authored the firm’s annual reports on vitality and growth, publishing research in the Harvard Business Review and MIT Sloan Management Review. I hold a PhD in economics and a Master’s in Public Administration from leading universities.",PROVIDER,Professional Services,,industry_v1,2026-10-01T22:30:35,10.86,Descriptive,Direct First-Person,none,none
bcg.com__about_people_experts_bora-goekbora.md,qwen3.6:35b,Former Managing Director & Industry Leader in Telecom M&A and AI Transformation,"I am a seasoned executive with deep expertise in Technology, Media & Telecommunications, focusing on M&A, private equity, and operational transformation. I have led numerous high-impact engagements across North America and globally, advising telecom operators, infrastructure investors, and public sector leaders. As a published patent holder, I specialize in deploying generative AI and decision-intelligence capabilities to drive tangible performance improvements. I hold a BS in Engineering from Drexel University.",Telecom Strategy and AI Transformation Advisory,"Strategic advisory for telecommunications operators and infrastructure investors navigating market convergence and digital transformation. Services include M&A due diligence, corporate development, and operational restructuring to drive long-term value creation. Includes deploying generative AI and frontline enablement tools to enhance productivity and customer experience. Familiar with cloud, edge computing, and emerging digital infrastructure trends.","25+ years as a managing director and partner leading technology, media & telecommunications practices. Advised telecom operators, private equity groups, and public sector leaders on strategic priorities and large-scale transformations. Published patent holder driving innovation in connectivity, cloud, and AI convergence. Serves on the board of a US-based digital infrastructure developer focused on public safety communications.",PROVIDER,Technology & Software,,industry_v1,2026-10-01T22:30:38,10.95,Authority,Implied,none,none
deloitte.com__us_en_about_people_profiles-eric-fox-1cfb4503-html.md,qwen3.6:35b,Investment Management Tax Specialist,"Specialising in complex tax advisory for the investment management sector. I provide strategic guidance and a full suite of tax services to institutional and fund clients, ensuring compliance with local, state, federal, and international regulations. My expertise helps structures navigate intricate regulatory landscapes while optimising cross-border positions. I focus on delivering clear, actionable advice that supports sustainable growth and operational efficiency for financial institutions and family offices.",Investment Management Tax Advisory,"Tax advisory for Singaporean investment funds, family offices, and financial institutions seeking to navigate complex regulatory landscapes. Services include structuring tax-efficient investment vehicles, ensuring compliance with MAS tax guidelines, optimising cross-border tax positions, and preparing technical tax opinions. Particular experience with US and international tax rules applicable to fund structures, familiar with local Singapore tax incentives for fund managers.","15 years in investment management tax advisory and strategy leadership. Led teams of professionals serving the sector and oversaw overall strategy and offerings. Delivered a full suite of tax services and guidance on navigating complex local, state, federal, and international tax rules.",PROVIDER,Financial Services,,industry_v1,2026-10-01T22:30:39,10.84,Descriptive,Implied,none,none
bcg.com__about_people_experts_elias-baltassis.md,qwen3.6:35b,Partner specialising in artificial intelligence and data strategy,"I have spent more than 20 years driving data and analytics initiatives, ranging from founding a global pure-play data firm to partnering at a major strategy consultancy. As a core member of a leading technology practice, I have led analytics and AI projects across diverse industries. My expertise centres on data strategy, governance, regulation, and responsible AI maturity. I hold an INSEAD MBA along with degrees in applied mathematics and economics, providing a robust foundation for complex strategic challenges.",Data and AI Strategy Advisory,"Practical advisory for Singaporean SMEs and mid-sized businesses looking to transform data operations. Services include defining data strategy, establishing robust data governance, and assessing responsible AI maturity. Particular experience with frameworks for building trusted data stewardship, ensuring compliance with the PDPA, and bridging the trust gap between analytics ambitions and execution.","20 years in data and analytics, including founding a global data consultancy and partnering at a top strategy firm. Helped organisations across industries scale analytics use cases and build trusted data stewardship frameworks. Advised on data governance and responsible AI maturity for global clients.",PROVIDER,Cross-industry,,industry_v1,2026-10-01T22:30:41,12.54,Descriptive,Implied,none,none
bcg.com__about_people_experts_elfrun-von-koeller.md,qwen3.6:35b,Managing Director specialising in CPG Supply Chain and Sustainability Strategy,"I am a retired executive with 19 years in management consulting, including senior partnership at a global strategy firm. My core expertise spans consumer packaged goods, supply chain transformation, and climate sustainability. I hold an MBA from Columbia Business School and an MSc in economics. I have advised major global brands on growth and efficiency, leading complex operational transformations. My approach combines rigorous data analysis with strategic foresight to deliver sustainable business improvements for clients navigating the evolving market landscape.",CPG Supply Chain Transformation and Sustainability Advisory,"Strategic advisory for food manufacturers, F&B operators, and consumer goods businesses seeking to optimise supply chains and implement decarbonisation strategies. Services include supply chain benchmarking, cost reduction, climate action planning, and go-to-market strategy for emerging categories. Particular experience with alternative proteins, food traceability, and operational resilience.","19 years in management consulting, including senior partnership at a global strategy firm advising consumer packaged goods companies. Led operational transformations, supply chain benchmarking, and sustainability strategies for major global brands. Recognised as the firm’s 2017 Working Mother of the Year for balancing career excellence with family commitments.",PROVIDER,Retail & Consumer,Food & Beverage,industry_v1,2026-10-01T22:30:46,10.66,Descriptive,Implied,none,none
bcg.com__about_people_experts_selin-zalma.md,qwen3.6:35b,Managing Director specialising in Public Sector Transformation,"15 years in public sector consulting and organisational transformation, including Managing Director at a global professional services firm. Led state and local government operations, digitalisation, and emergency response programmes. Previously served at Inductis. Certified MBA with honours from Columbia Business School.",Public Sector Operational Transformation and Emergency Response Advisory,"Strategic advisory for Singapore statutory boards, government agencies, and municipal councils seeking to optimise resident-facing services, digitise operations, or manage crisis response. Services include developing long-term strategic roadmaps, designing supply chain and procurement enhancements, and building digital capabilities for public service delivery. Particular experience with large-scale emergency programmes, vaccine credentialing infrastructure, and urban transport logistics.","15 years in public sector consulting, including Managing Director leading state and city government transformations at a global firm. Directed multi-state emergency response, built emergency food programme delivering 220,000 meals, created leading US vaccine credential app. Led ten large-scale transformations in retail and infrastructure. Certified MBA.",PROVIDER,Public Sector,,industry_v1,2026-10-01T22:30:47,10.71,Descriptive,Implied,missing_preposition,none
bcg.com__about_people_experts_loic-mesnage.md,qwen3.6:35b,Senior Partner Specialising in Digital and ERP Transformation,"I am a seasoned strategy and technology consultant, offering over 21 years of experience in leading digital, technology, and data initiatives. Previously, I led technology and analytics practices at a major professional services firm for 16 years. My expertise lies in IT strategy, data-driven transformation, and ERP modernisation for industrial, aerospace, and energy sectors across APAC. I hold an MBA from Chicago Booth School of Business and a Master’s degree in finance and audit.",ERP Transformation and Digital Strategy Advisory,"Advisory for Singapore industrial manufacturers and aerospace firms seeking to modernise legacy IT systems and deploy generative AI. Services include enterprise resource planning (ERP) strategy, data analytics implementation, and operating model redesign. Familiar with SAP S/4HANA and agentic system architectures. Supports businesses navigating the complexity of large-scale digital transformation.","21 years in technology consulting and digital transformation. Led technology and data analytics practices for a Big Four firm in France. Advised industrial goods, aerospace, and defence clients on IT strategy and ERP modernisation. Improved operational context by implementing generative AI solutions.",PROVIDER,OTHER,,industry_v1,2026-10-01T22:30:50,10.79,Authority,Implied,none,none
bcg.com__about_people_experts_marco-tonegutti.md,qwen3-vl:32b,Energy and Climate Strategy Consultant,"Over 20 years of experience in energy and industrial transformation, with expertise in decarbonization, operational excellence, and capital project delivery. Has led strategic advisory engagements for international energy and industrial clients across Europe, the Middle East, Asia, and Africa. Specialises in climate and sustainability strategy, digital transformation, and asset management in refining and petrochemicals. Holds an MBA from SDA Bocconi School of Management and an MSc in management engineering.",Energy Transition and Operational Excellence Advisory,"Practical advisory for energy and industrial businesses aiming to decarbonize operations, improve project delivery, and implement sustainable growth strategies. Services include defining low-carbon portfolio strategies, redesigning capital project delivery models, implementing digital transformation in refining and petrochemicals, and optimising asset management. Familiar with climate and sustainability frameworks, operational excellence methodologies, and lean construction principles. Supports clients across Southeast Asia and the wider APAC region.","20 years in energy and industrial strategy, including as Managing Director & Senior Partner at a global strategy consultancy. Led the regional Energy practice for Europe, the Middle East, Africa, and South America, and led the Climate & Sustainability practice for the East Med and Caspian. Advised international energy and industrial clients on decarbonization, digital transformation, and operational excellence, including projects in waste-to-energy, CCUS, hydrogen, and onshore wind. Previously consulted for boutique firms on organization and management accounting in retail and fashion.",PROVIDER,Energy & Resources,,industry_v1,2026-10-01T22:30:41,21.85,Descriptive,Implied,none,none
grantthornton.com__people_arizona_phoenix_koltsov-alex.md,qwen3-vl:32b,Former Partner in Risk Advisory Services & Industry Leader,"With over 20 years in risk advisory and forensic accounting, I’ve led complex fraud investigations and anti-bribery compliance programmes for construction and real estate clients. I specialise in using data analytics to identify risks and deliver actionable insights. Certified Fraud Examiner, Certified Anti-Money Laundering Specialist, Certified Construction Auditor, Associate Professional Estimator, and Tableau Desktop Specialist. I help organisations strengthen controls, detect fraud early, and navigate regulatory requirements in Singapore’s evolving landscape.",Fraud Investigation and Risk Advisory Services,"Practical advisory for construction and real estate businesses, SMEs, and family-owned firms seeking to mitigate fraud and compliance risks. Services include forensic accounting, fraud investigations, anti-bribery and anti-corruption compliance reviews, and data analytics for risk detection. Familiar with construction industry standards and asset tracing techniques. Uses Tableau for data visualisation and analytics.","20 years in risk advisory and forensic accounting, including as a Partner in the Advisory practice at a Big Four professional services firm. Delivered fraud investigations, anti-bribery compliance reviews, and data analytics for risk identification in construction and real estate. Certified Fraud Examiner, Certified Anti-Money Laundering Specialist, Certified Construction Auditor, Associate Professional Estimator, and Tableau Desktop Specialist.",PROVIDER,Construction & Real Estate,,industry_v1,2026-10-01T22:30:53,18.54,Authority,Implied,none,none
bcg.com__about_people_experts_simon-rees.md,qwen3.8:27b,"Consultant specialising in industrial strategy, M&A, and corporate finance for machinery and building materials firms.","I specialise in corporate finance, strategy, and mergers and acquisitions for industrial goods, machinery, and building materials firms. I have served public and private sector clients across North America in a regional capacity. Previously, I managed M&A activities for infrastructure funds at a major investment bank in London. I hold an MBA from a top US business school and a BSc in economics from a UK institution, applying this background to advise Singapore-based clients on complex transactions and strategic growth initiatives.",Industrial M&A and Corporate Strategy Advisory,"Strategic advisory for machinery manufacturers, industrial distributors, and building materials firms pursuing growth, transformation, or transactions. Services include corporate and business strategy formulation, M&A due diligence and valuation, large-scale operational transformation, and digital transformation roadmaps. Familiar with industrial automation, greentech, and private equity investment criteria relevant to Singapore SMEs and mid-sized industrial businesses.","Managed the corporate finance and strategy practice at a global professional services firm, focusing on industrial goods and machinery. Previously managed M&A activities for infrastructure funds at a large investment bank in London. Delivered corporate strategy, transactions, and digital transformation outcomes for industrial clients.",PROVIDER,Manufacturing,Engineering Services,industry_v1,2026-10-01T22:30:56,16.61,Descriptive,Implied,none,none
brookesbell.com__about-us_the-team_david-scruton.md,qwen3.6:35b,Former Master Mariner & Maritime Dispute Arbitrator,"I bring over 35 years of maritime expertise to every engagement, grounded in 16 years of practical seagoing service. My career spans shipping, tanker, and offshore sectors, specializing in marine operations, dredging, and collision liability. As a qualified Lead Assessor and active arbitrator, I resolve disputes with precision. I hold a UK Master’s Certificate of Competency and navigate Singapore maritime regulations with deep authority, ensuring robust safety compliance and clear liability outcomes for all stakeholders involved in complex marine matters.",Maritime Dispute Arbitration and Marine Liability Advisory,"Specialist arbitration and liability advice for shipping operators, cargo owners, and marine service providers. Services include expert witness testimony for collision and cargo damage claims, independent safety and operational audits, and mediation of charter party and towage disputes. Familiar with international marine conventions, Lloyd’s Arbitration Rules, and Singapore maritime dispute resolution practices.","35+ years in the maritime industry, including 16 years of seagoing experience on general cargo, bulk carriers, and offshore support vessels. Provided expert testimony in numerous legal proceedings involving dredging, collisions, and personal injury. Appointed by government entities for safety administration surveys. Served as an arbitrator for maritime disputes.",PROVIDER,Marine & Offshore,,industry_v1,2026-10-01T22:31:02,26.14,Authority,Implied,none,none
bcg.com__about_people_experts_julie-kilmann.md,qwen3.6:35b,Senior management consultant specialising in organizational transformation and culture design,"I am a senior management consultant with extensive experience in organizational transformation, postmerger integration, and culture design. Formerly a knowledge director for the people and organization practice at a global strategy consultancy, I previously held strategic finance roles at Ernst & Young. I specialize in helping businesses navigate hybrid work models, reorganizations, and digital culture shifts to improve employee engagement and operational performance.",Organizational Culture and Change Management Advisory,"Practical guidance for Singapore SMEs and startups navigating hybrid work, restructuring, or post-merger integration. Services include designing high-performance team cultures, embedding organizational purpose, and optimizing remote and hybrid working models. Particular experience with digital transformation behaviors and employee engagement strategies.","Over 15 years in organizational strategy and change management, including senior advisory roles at a global consultancy and strategic finance positions at Ernst & Young. Helped organizations redesign cultures to support hybrid work models and improve post-merger integration success rates through structured engagement frameworks.",PROVIDER,Professional Services,,industry_v1,2026-10-01T22:31:22,9.55,Descriptive,Implied,none,none
bcg.com__about_people_experts_gerry-hansell.md,qwen3.6:35b,Senior Corporate Finance and Strategy Partner,"Senior partner with over 30 years in strategy and corporate finance, specialising in value creation and M&A. Holds an MBA and previously worked as a financial analyst in chemical and energy sectors. Expertise spans board-level advisory, capital allocation, and sustainable growth frameworks for diverse industries. Built reputation on delivering actionable insights that drive long-term shareholder value and operational efficiency across complex organisational structures.",Strategic Value Creation and M&A Advisory,"Practical strategic advisory for SMEs, family businesses, and mid-market companies seeking to enhance valuation, navigate capital allocation, or execute mergers and acquisitions. Services include defining value creation patterns, assessing M&A risks, and aligning leadership on growth strategies. Familiar with modern capital market dynamics and sustainability-led value drivers.","Over 30 years in corporate finance and strategy advisory, including managing director roles at a global management consultancy. Led value creation engagements for boards and owners, focusing on capital allocation and competitive positioning. Previously a financial analyst covering chemical and energy sector M&A.",PROVIDER,Cross-industry,,industry_v1,2026-10-01T22:31:31,8.1,Descriptive,Implied,missing_preposition,none
bcg.com__about_people_experts_bryan-gauch.md,qwen3.8:27b,Turn Your CRM into a Growth Engine,"I help SMEs and mid-sized firms turn sales operations into growth engines. With two decades in the field, I specialise in process redesign and technology implementation. My focus is practical: shaping go-to-market strategies that actually execute. I cut through the noise to deliver measurable results, using tools like Salesforce and generative AI to enhance productivity. I am not currently employed full-time, operating as an independent consultant. My goal is to secure clear wins for your sales organisation, ensuring your technology investments drive profitability and innovation. Let's build a strategy that fits your specific needs.",Sales Transformation and CRM Strategy Advisory,"Advisory for SMEs and mid-sized firms seeking to modernise their sales operations and customer service. Services include go-to-market strategy design, CRM implementation planning, sales process optimisation, and AI adoption in sales workflows. Focuses on turning technology investments into measurable business results, with particular experience in leveraging Salesforce and generative AI to enhance sales productivity and customer intimacy.","20 years in sales transformation and customer lifecycle management, including roles in consulting, high tech, and financial services. Delivered large-scale digital sales and service transformations for clients across multiple industries. Previously managed a global partnership with a major CRM vendor, focused on agentic AI adoption and sales value chain optimisation.",PROVIDER,Technology & Software,Financial Services,industry_v1,2026-10-01T22:31:25,18.56,Value Prop,Implied,missing_preposition,none
deloitte.com__us_en_about_people_profiles-garrett-obrien-5f2cea9-html.md,qwen3-vl:32b,Ex-Banking & Capital Markets Consultant,"Over 15 years of experience in financial services consulting, including leading the US Banking & Capital Markets practice at a Big Four professional services firm. Advised clients at executive and board levels on risk management, governance, controls frameworks, and business transformation. Specialised in operational redesign and technology implementation for financial institutions.",Risk & Governance Advisory for Financial Institutions,"Practical advisory for financial services firms, including banks, insurers, and fintechs, seeking to strengthen governance and controls. Services include risk assessment, governance model redesign, control framework implementation, and operational transformation. Familiar with regulatory frameworks and technology integration in financial services. Focuses on board-level strategy and executive decision support.","15 years in financial services consulting, including leading the firm's Banking & Capital Markets practice. Advised clients at executive and board levels on risk challenges, governance models, and controls frameworks. Led full-scale business transformation projects involving operational redesign and technology implementation for financial institutions.",PROVIDER,Financial Services,,industry_v1,2026-10-01T22:31:29,15.39,Descriptive,Implied,none,none
bcg.com__about_people_experts_marko-lackovic.md,qwen3-vl:32b,Energy Transition and Sustainability Strategy Consultant,"I have 15 years in energy and sustainability strategy, including as a Managing Director & Partner at a global strategy consultancy. I specialise in energy transition, decarbonisation, and business transformation for utilities and power clients across Asia-Pacific and Europe. I led development of long-term zero-emissions strategies for private and public sector organisations. I hold a PhD in Telecommunications and an MBA.",Energy Transition and Sustainability Strategy Advisory,"Practical advisory for utilities, power companies, and energy players in Asia-Pacific seeking to decarbonise and modernise operations. Services include developing long-term zero-emissions strategies, designing abatement levers and their economics, assessing market and regulatory frameworks, and supporting new business launches. Familiar with energy transition frameworks and sustainability reporting standards. Works across Southeast Asia and the broader APAC region.","I spent 15 years in energy and sustainability strategy, including as a Managing Director & Partner at a global strategy consultancy. I led development of long-term 'zero emissions' strategies for private and public sector organisations, incorporating abatement levers, economics, markets, and emissions regulation. Previously, I held management roles at multinational technology firms and national media organisations in Croatia. I hold a PhD in Telecommunications and an MBA.",PROVIDER,Energy & Resources,,industry_v1,2026-10-01T22:31:30,19.78,Descriptive,Direct First-Person,none,none
bcg.com__about_people_experts_erin-george.md,qwen3.8:27b,Strategy Consultant specialising in retail transformation and private equity portfolio optimisation.,"I am a strategic consultant with over 26 years of experience in retail transformation, branding, and change management. Previously, I led engagements for consumer and pricing clients while serving as Managing Director at a global strategy consultancy. I specialise in holistic retail strategies that integrate consumer insights, customer experience, and cost optimisation. My work also includes advising private equity firms on portfolio reviews, due diligence, and post-acquisition transformations. I hold an MBA in finance and management from a top US university, supporting clients across specialty retail, grocery, and hospitality sectors.",Retail Transformation and Growth Strategy Advisory,"Practical advisory for retail and hospitality businesses seeking to improve margins, refresh branding, or optimise operations. Services include developing go-to-market and branding strategies, conducting customer experience audits, designing organisational structures for change, and identifying cost optimization opportunities. Familiar with demand-centric growth methodologies and private equity portfolio review processes. Does not include legal structuring or tax advisory services.","26 years in strategy consulting, including 20 years at a global strategy consultancy. Managed retail transformation projects for luxury and grocery clients, improving operational efficiency and brand positioning. Advised private equity investors on due diligence and portfolio value creation. Holds an MBA in finance and management.",PROVIDER,Retail & Consumer,Financial Services,industry_v1,2026-10-01T22:31:37,15.23,Descriptive,Implied,none,stated
grantthornton.com__people_new-york_nyc_mehta-nishit.md,qwen3.6:35b,Senior Audit & Accounting Advisory Specialist for Real Estate,"I bring over 19 years of public accounting experience, specialising in advising private and public construction, real estate, hospitality, and restaurant companies on complex accounting and financial reporting matters. My expertise covers capital raising, new accounting standards, lease accounting, variable interest entities, and debt modifications. I am a Certified Public Accountant licensed in Maryland and New York and a member of the AICPA. I help clients navigate intricate financial landscapes with precision and compliance.",Real Estate & Hospitality Accounting Advisory,"Practical accounting advisory for small and mid-sized construction, property and hospitality businesses seeking to improve financial reporting and compliance. Services include assistance with capital raising transactions, lease accounting implementation (IFRS 16/SFRS(I) 16), variable interest entity evaluation, and revenue recognition compliance. Familiar with AICPA audit standards and specific regulatory reporting requirements.","I spent over 19 years in public accounting, including senior roles at a Big Four firm advising real estate and hospitality clients. I held Certified Public Accountant licenses in Maryland and New York.",PROVIDER,Construction & Real Estate,Retail & Consumer,industry_v1,2026-10-01T22:31:46,8.34,Descriptive,Direct First-Person,none,none
bcg.com__about_people_experts_stefano-masino.md,qwen3.8:27b,"Independent consultant specialising in digital transformation, organisation design, and economic development models.","I bring over two decades of experience in digital transformation and organisation design. Previously, I served as a core member of a major professional services firm's public sector and tech practices, specialising in B.O.T. models and post-merger integration. I led cross-functional engagements across Europe, the Middle East, Asia Pacific, and Latin America for public entities and private clients. I hold an MBA from IMD and a MA in electronic engineering from a European university. My focus is bridging HR, people strategy, and digital enablement to drive sustainable operational change for clients undergoing structural transformation.",Digital Transformation and Organisation Design Advisory,"Advisory for SMEs and mid-sized organisations in technology, manufacturing, and public service sectors seeking to modernise operations. Services include target operating model design, digital transformation roadmapping, post-merger integration support, and carve-out execution. Familiar with B.O.T. frameworks and digital enablement strategies to align people, process, and technology. Suitable for businesses undergoing structural change or seeking to optimise workforce and digital capabilities.","Over 20 years in consulting and corporate roles focusing on digital and organisation design. Previously worked at a global HR consultancy, a multinational automotive manufacturer, and a Big Four professional services firm. Led digital transformation and economic development projects across multiple regions for public and private clients. Holds an MBA from IMD and a MA in electronic engineering.",PROVIDER,Public Sector,Technology & Software,industry_v1,2026-10-01T22:31:39,18.11,Descriptive,Implied,none,none
bcg.com__about_people_experts_lorenzo-fantini.md,qwen3.8:27b,"ESG, Climate Risk & Financial Institutions Risk Specialist","I am an ESG and climate risk specialist with over 13 years of experience. I previously led the global insurance workstream within a Big Four firm's Climate & Sustainability practice. My work focuses on net zero strategies, climate risk adaptation, and ESG regulations for financial institutions and industrial companies. I hold an MBA with distinction from INSEAD, Singapore, and an MSc from a European business school. I bring practical expertise in integrating physical climate risk into enterprise frameworks and aligning reporting with strategic priorities.",ESG Compliance & Climate Risk Advisory,"Practical advisory for Singapore-based banks, insurers, and industrial SMEs seeking to manage climate exposure and meet ESG regulatory requirements. Services include developing net zero roadmaps, integrating physical climate risk into enterprise risk frameworks, aligning ESG reporting with strategic priorities, and conducting ESG compliance gap assessments. Familiar with sustainable finance standards, climate risk adaptation methodologies, and the evolving regulatory landscape for financial institutions in Singapore and the region.",I spent 13 years in risk management and sustainability consulting. I led the global insurance workstream within a Big Four firm's Climate & Sustainability practice. I developed and delivered climate risk adaptation and resilience offerings for private sector clients across Europe.,PROVIDER,OTHER,,industry_v1,2026-10-01T22:31:44,15.4,Descriptive,Direct First-Person,none,none
bcg.com__about_people_experts_sumit-gupta.md,qwen3.6:35b,Climate strategy and industrial digital transformation specialist,"I specialise in decarbonization, digital business builds, and post-merger integration for industrial clients across APAC. With over 15 years of experience, I previously led the Industrial Goods practice in India and served as global head of digital for materials and process industries. I hold an MBA from IIM Ahmedabad and a Bachelor in Engineering from Mumbai University, bringing a grounded, technical perspective to complex climate and digital challenges.",Industrial Decarbonization and Digital Transformation Advisory,"Practical advisory for mid-sized manufacturers and heavy industry operators looking to implement clean industrialisation and digital upgrades. Services include designing net-zero roadmaps, executing end-to-end digital transformations for cost optimization, and managing post-merger operational integration. Familiar with Industry 4.0 standards and agile ways of working to enhance bottom-line impact and portfolio diversification.",Over 15 years in industrial strategy and digital transformation. Delivered a three-year end-to-end digital transformation for a major steel company that enhanced sales and optimised manufacturing costs. Led the Industrial Goods practice in India and the global digital function for materials industries.,PROVIDER,Manufacturing,,industry_v1,2026-10-01T22:31:49,10.11,Descriptive,Implied,none,none
bcg.com__about_people_experts_szoa-geng.md,qwen3.8:27b,Transforming Care Delivery with Resilient Clinical Operations and Strategy,"I specialise in helping Singapore healthcare providers build resilient, efficient operations. My focus is on care delivery strategy and clinical optimisation, ensuring that private hospitals, polyclinics, and integrated care groups remain financially strong while improving patient outcomes. I bring deep expertise in oncology and physician economics, helping organisations navigate complex regulatory landscapes. By aligning payer-provider relationships and optimising middle office management, I deliver actionable strategies that drive sustainable growth. My approach combines strategic vision with practical execution, tailored to the unique challenges of the local market. Together, we can transform your service lines and secure your long-term success.",Health System Strategy and Clinical Operations Advisory,"Advisory for Singapore healthcare providers, including private hospitals, polyclinics, and integrated care groups, focusing on care delivery efficiency and financial resilience. Services include care delivery strategy development, clinical operations optimisation, oncology service line expansion, and physician compensation modelling. Particular experience with payer-provider alignment and middle office management. Familiar with Singapore’s healthcare regulatory landscape and integrated care frameworks.","10 years in healthcare consulting and operations. Led strategy initiatives for academic health centres and regional payers. Previously served as Director of Finance at a large home health agency, overseeing strategic planning and analytics.",PROVIDER,Healthcare,,industry_v1,2026-10-01T22:31:53,12.76,Value Prop,Implied,none,none
brookesbell.com__about-us_the-team_dhaneshwar-nath.md,qwen3-vl:32b,Marine Engineering Expertise: Technical Advisory and Surveying for Shipowners and Insurers,"With over 20 years in marine engineering and vessel technical management, I spent more than 16 years at sea on bulk carriers, container vessels, and oil tankers, rising to Chief Engineer. I then transitioned into a technical superintendent role, overseeing drydocking, major retrofits, and engine repairs. Currently, I provide surveying services for collision damage, engine failures, and cost quantum assessments. I hold a First Class Certificate of Competency (Motor) and a B.S. in Marine Engineering, and I am a Fellow of the Institute of Marine Engineers (India) and the Indian Society of Mechanical Engineers.",Marine Engineering Surveying and Technical Advisory,"Practical advisory for shipowners, maritime insurers, P&I Clubs, and maritime lawyers on marine claims and disputes. Services include damage assessment for collisions and engine failures, cost quantum and invoice review for shipyard repairs, condition surveys, and technical support for hull and machinery claims. Familiar with marine machinery including MAN B&W, Sulzer RTA, Wartsila, and retrofit systems such as BWTS and ShaPoLi. Experienced in drydocking planning, class and statutory compliance, and vessel seaworthiness evaluations.","20 years in marine engineering and vessel technical management, including over 16 years at sea on geared/ungeared bulk carriers, container vessels, and oil tankers, rising to Chief Engineer. Worked as a technical superintendent with a global ship management firm, overseeing drydockings, major retrofits including BWTS and ShaPoLi systems, and crankshaft renewal of a MAN B&W main engine. Conducted surveying for collision damage, engine failures, and cost quantum assessments. Held a First Class Certificate of Competency (Motor) and B.S. Marine Engineering degree, and is a Fellow of the Institute of Marine Engineers (India) and the Indian Society of Mechanical Engineers.",PROVIDER,Marine & Offshore,,industry_v1,2026-10-01T22:31:57,23.42,Value Prop,Implied,none,none
bcg.com__about_people_experts_charles-gildehaus.md,qwen3.6:35b,Digital Strategy and Innovation Specialist for Singapore SMEs,"I bring over 30 years of experience in digital strategy and innovation, including seven years at a global management consultancy. Previously, I served as CEO of a digital incubator for a decade, alongside roles in M&A and legal advisory. I have launched more than 20 new digital businesses for market leaders. My expertise spans financial services, insurance, and industrial goods, offering practical advice to local SMEs.",Digital Innovation Strategy and New Business Build,"Practical advisory for Singapore SMEs and family businesses looking to launch new digital ventures or transform operations. Services include innovation strategy design, new business model build, and digital transformation roadmaps. Familiar with PDPA compliance and agile delivery models for local tech adoption.","30+ years in digital innovation and corporate strategy. Launched 20+ new digital businesses for global market leaders in financial services, insurance, and industrial goods. Co-founded and led a digital incubator for ten years, advising CEOs on digital strategy.",PROVIDER,Technology & Software,,industry_v1,2026-10-01T22:32:21,8.17,Descriptive,Implied,none,none
deloitte.com__us_en_about_people_profiles-gina-vargas-ef0d84ed-html.md,qwen3.6:35b,"Ex-Principal Finance & Enterprise Performance Leader, Financial Services","I spent over 15 years helping CFOs transform into strategic business partners. My focus is business process modernization, operating model redesign, and data technology solutions. I have advised senior executives in the insurance sector on analytics and expense management. I deliver global finance transformation that unlocks value and efficiency. I help organizations optimize performance through practical, impactful changes in their financial operations.",Finance Transformation and Operating Model Advisory,"Practical advisory for food manufacturers and caterers looking to modernize finance operations and improve cost control. Services include business process modernization, expense management restructuring, and data technology implementation for enhanced analytics. Familiar with global finance transformation standards and insurance sector-specific regulatory requirements. Not focused on legal drafting or statutory audit services.","15 years in finance transformation and enterprise performance, including principal role at a global strategy consultancy. Advised senior finance executives in the insurance industry on operating model redesign and global transformation programs. Deployed data technology solutions to optimize business finance and analytics, driving efficiency and value realization.",PROVIDER,Financial Services,,industry_v1,2026-10-01T22:32:21,9.88,Authority,Implied,none,stated
bcg.com__about_people_experts_kevin-kelley.md,qwen3.8:27b,Operating Model and Organization Design Specialist,"I specialise in operating model design, organization restructuring, and post-merger integration. Over the past two decades, I have advised technology, media, telecommunications, energy, healthcare, and public sector clients on complex transformation programmes. My approach aligns organisational structure with strategic goals to drive cost excellence and effective change management. I previously served as Global Lead for a patented, data-driven organization redesign tool within a major professional services firm. This experience sharpened my ability to deliver structural clarity for mid-sized organisations. I hold an MBA from a top-ranked business school and a BA in history and English.",Organization Design and Cost Transformation Advisory,"Practical advisory for SMEs and mid-sized organisations seeking to optimise operations and reduce costs through structural redesign. Services include operating model assessment, organization design workshops, post-merger integration planning, and change management strategy. Particular experience with data-driven redesign tools and aligning corporate functions with long-term strategic objectives.","20 years in organization design and operating model strategy. Previously led a patented organization redesign tool as global lead at a professional services firm. Delivered post-merger integration and transformation engagements across technology, energy, and media sectors.",PROVIDER,Professional Services,,industry_v1,2026-10-01T22:32:20,13.1,Descriptive,Implied,none,none
bcg.com__about_people_experts_steven-mills.md,qwen3.6:35b,Global Chief AI Ethics Officer and AI Strategy Leader,"Senior executive with extensive experience in artificial intelligence strategy, responsible AI, and digital government transformation. Formerly served as Global Chief AI Ethics Officer at a global professional services firm. Expertise spans AI product development, GenAI implementation, and designing responsible AI frameworks for public and private sectors. Previously held leadership roles in machine intelligence and futures analysis at a major US government consultancy.",Responsible AI Strategy and Governance Advisory,"Practical advisory for small and mid-sized businesses and government agencies looking to implement AI responsibly. Services include developing AI risk management frameworks, designing human oversight protocols, and creating workforce training programs for ethical AI use. Particular experience with agentic AI testing and evaluation. Familiar with international responsible AI standards and emerging regulatory requirements.","I spent my career in AI strategy and public sector digital transformation. I led the global responsible AI program at a major professional services firm, overseeing strategy and implementation for diverse clients. Previously, I served as Director of Machine Intelligence at a large US government technology consultancy, focusing on emerging tech intersections. I am a recognized expert in responsible AI governance.",PROVIDER,Public Sector,Technology & Software,industry_v1,2026-10-01T22:32:33,11.4,Authority,Direct First-Person,none,none
bcg.com__about_people_experts_luis-ponce-de-leon.md,qwen3.6:35b,Managing Director and Partner in Strategy and Operations,"I specialise in commercial strategy, pricing, and operational restructuring for the travel and tourism sectors. With deep expertise in network optimisation and revenue management, I help major airlines and regional clients maximise profitability. My background includes engineering and program management in aerospace, underpinned by an MEng in aeronautical engineering. I deliver actionable strategic insights that drive measurable business outcomes and sustainable growth.",Travel and Lodging Strategy and Revenue Management Advisory,"Practical strategy and operational advisory for mid-sized airlines, tour operators, and lodging businesses looking to optimise revenue streams and reduce costs. Services include pricing strategy reviews, network and route optimisation, strategic transformation planning, and corporate development support for mergers and acquisitions. Familiar with airline and airport operational dynamics. Not focused on flight operations management or regulatory compliance filings.","19 years in management consulting within the travel, tourism, and lodging sectors. Advised major global airlines on cost restructuring and network optimisation. Supported European airline mergers with business planning. Previously worked in engineering and program management for an aerospace manufacturer. Holds an MEng in aeronautical engineering.",PROVIDER,OTHER,,industry_v1,2026-10-01T22:32:38,7.48,Authority,Implied,none,stated
bcg.com__about_people_experts_hod-fleishman.md,qwen3.8:27b,Former VP of Global IoT & Industry Innovation Leader,"I am a senior technology leader who has built global IoT capabilities at scale. My career spans founding automotive and consumer IoT startups to leading large-scale professional services teams. I specialise in integrating connected devices into core business processes, driving product innovation, and constructing viable business models. With an MBA and a background in Product Design, I bridge technical execution and strategic vision. I help organisations navigate the complexities of the IoT landscape, ensuring that technology investments deliver tangible operational value and competitive advantage in the Singapore market and beyond.",IoT Product Strategy and Innovation Advisory,"Strategic guidance for mid-sized manufacturers and tech-enabled startups seeking to integrate IoT into their operations. Services include IoT feasibility assessment, product innovation roadmapping, and go-to-market strategy for connected devices. Familiar with automotive M2M and consumer IoT ecosystems. Helps businesses identify friction points solvable through connectivity and sensor data to enhance customer value and operational efficiency.","Vice President leading global IoT practices at a major professional services firm, joined in 2016. Founded and led multiple startups in automotive M2M and consumer IoT. Served as a core member of industrial and consumer practice teams, focusing on innovation strategy and product build methodologies for corporate clients.",PROVIDER,Cross-industry,,industry_v1,2026-10-01T22:32:30,15.97,Authority,Implied,none,none
bcg.com__about_people_experts_mathieu-menegaux.md,qwen3-vl:32b,Managing Director & Senior Partner in Organizational Purpose and Growth Strategy,"Over 25 years of experience in organisational transformation, growth strategy, and performance improvement. Worked as senior partner at a global strategy consultancy and managing director at a global creative consultancy. Specialised in helping organisations define and implement purpose-driven strategies, redesign operations, and optimise support functions. Led initiatives in industrial goods, energy, and social entrepreneurship. No professional registrations or certifications mentioned in the source.",Organizational Purpose and Growth Strategy Advisory,"Practical advisory for SMEs, family businesses, and mid-sized organisations seeking to define or enhance their organisational purpose and growth strategy. Services include defining organisational purpose and values, designing performance improvement programs, redesigning organisational structures, and optimising support functions. Familiar with global best practices in purpose-driven business transformation and social entrepreneurship. Scope: one-to-one advisory engagements for strategic alignment and growth planning.","25 years in organisational transformation and growth strategy, including senior partner at a global strategy consultancy and managing director at a global creative consultancy. Led performance improvement programs for clients across industrial goods and energy sectors, including sales-force effectiveness and operational target model redesign. Served as people chair of the Paris office from 2014 to 2018 and led the development of the Social Entrepreneur of the Year competition in France. No certifications mentioned.",PROVIDER,Energy & Resources,Cross-industry,industry_v1,2026-10-01T22:32:29,18.75,Descriptive,Implied,none,none
bcg.com__about_people_experts_filippo-bianchi.md,qwen3-vl:32b,Global Luxury Division Lead and Consumer Practice Expert,"I have over 20 years of experience in luxury and consumer goods strategy. I led the global luxury division at a global strategy consultancy and previously managed fashion and luxury for Central Europe, the Middle East, and Africa. I specialise in branding, supply chain, retail operations, ecommerce, and digital transformation. I hold an MBA from Columbia University and a degree in Business Administration from Bocconi University.",Luxury Brand Strategy and Consumer Insights Advisory,"Practical advisory for luxury and fashion brands, retailers, and consumer goods businesses seeking to strengthen market positioning and consumer engagement. Services include strategy development for branding and positioning, optimisation of supply chain and retail operations, digital and ecommerce transformation, and consumer insights analysis. Familiar with global luxury market trends and digital innovation, including AI and GenAI applications in consumer engagement. Based on insights from over 10,000 respondents across key markets.","20 years in luxury and consumer goods strategy, including global lead for the luxury division at a global strategy consultancy. Previously led fashion and luxury for Central Europe, the Middle East, and Africa. Advised on branding, supply chain, pricing, retail operations, ecommerce, and digital transformation for luxury clients. Authored multiple industry publications on luxury consumer trends and digital innovation, including a 2026 study based on insights from 10,000+ respondents across 11 key markets.",PROVIDER,Retail & Consumer,,industry_v1,2026-10-01T22:32:33,19.04,Descriptive,Implied,none,none
grantthornton.com__people_north-carolina_charlotte_ross-gregory.md,qwen3.8:27b,Construction and real estate audit specialist with 25 years of experience,"I am an independent audit specialist focusing on the construction and real estate sectors. My background includes leading industry practices at a major professional services firm, where I oversaw audit, tax, and advisory services for public and private clients. I bring deep expertise in capital-raising transactions, IPOs, and due diligence. I also handle complex accounting issues, such as variable interest entities and fair value funds. As a CPA qualified professional, I maintain active memberships in the AICPA and National Association of Real Estate Investment Trusts. I approach every engagement with precision and sector-specific insight.",Construction & Real Estate Audit and Advisory,"Comprehensive audit and advisory support for construction firms, REITs, and real estate developers. Services include statutory audits, capital-raising transaction support, due diligence for M&A, internal control evaluations, and financial reporting preparation. Familiar with S-11 filings, private placements, and Section 404 of the Sarbanes-Oxley Act requirements.","I spent 25 years in audit and assurance, specialising in construction and real estate. I led the Construction and Real Estate Industry practice at a Big Four firm. I delivered multiple IPOs, due diligence engagements, and sale transactions in partner roles. I am CPA qualified in North Carolina.",PROVIDER,Construction & Real Estate,,industry_v1,2026-10-01T22:32:44,14.1,Descriptive,Direct First-Person,none,none
bcg.com__about_people_experts_thomas-palme.md,qwen3.8:27b,Strategy Consultant specialising in Automotive Mobility and Digital Transformation,"I am a strategic advisory specialist with over 15 years of experience in the automotive and mobility industry. Formerly a partner at a global strategy consultancy, I have extensive expertise in pricing, revenue management, and digital technology. I advise local and global automotive manufacturers on enhancing competitiveness through operational efficiency and market expansion. My focus is on data-driven transformation for connected, autonomous, shared, and electric mobility. I hold a Master’s degree from a German university and bring deep insights into complex transformation programmes and competitive dynamics in Greater China.",Automotive Strategy and Mobility Transformation Advisory,"Advisory for automotive OEMs, suppliers, and mobility startups navigating the shift to electric and connected vehicles. Services include pricing and revenue management strategies, digital transformation roadmaps, and operational efficiency improvements for autonomous and shared mobility models. Familiar with competitive dynamics in Greater China and global automotive markets, with specific focus on commercialising new mobility business models and managing complex transformation programmes.","15 years in automotive strategy and management consulting, including a role as a partner at a global strategy consultancy. Delivered companywide transformation programmes for passenger and commercial vehicle manufacturers, securing operational efficiencies across global markets. Advised on commercialising autonomous and electric mobility solutions, reshaping pricing and revenue management frameworks to drive future competitiveness.",PROVIDER,Manufacturing,,industry_v1,2026-10-01T22:32:45,16.01,Descriptive,Implied,none,none
bcg.com__about_people_experts_torben-danger.md,qwen3-vl:32b,Health Care Transformation That Drives Innovation and Efficiency,"With over 20 years in health care strategy and transformation, I help clients in medical technology and biopharma navigate complex changes. I’ve led post-merger integrations, designed go-to-market strategies for emerging markets, and driven digital transformation initiatives. My work focuses on innovation, cost reduction, and operational efficiency, backed by a PhD and MA in law from the University of Freiburg. I deliver practical, results-driven advisory to enable sustainable growth.",Health Care Strategy and Transformation Advisory,"Practical advisory for health care businesses and biopharma firms on strategy, transformation, and operations. Services include post-merger integration planning, go-to-market strategy for emerging markets, digital and technology transformation, and operational efficiency improvements. Familiar with global health care trends, digitisation, and innovation in medical devices and biopharma. Not focused on legal compliance or regulatory submissions.","20 years in health care strategy and transformation, including global leadership of a health care practice at a global strategy consultancy. Advised clients in medical technology and biopharma on post-merger integration, digital transformation, and go-to-market strategy. Led initiatives to improve operational efficiency and innovation in health care delivery. PhD and MA in law from the University of Freiburg.",PROVIDER,Healthcare,,industry_v1,2026-10-01T22:32:46,19.11,Value Prop,Implied,none,stated
brookesbell.com__about-us_the-team_dominic-bell.md,qwen3-vl:32b,Master Mariner and Maritime Consultant,"I have 20 years of maritime experience, including roles as Marine Manager, Master, and Chief Officer. I specialise in ship operations, accident investigations, and navigational risk assessments. I hold Master – Unlimited – II/2 certification and am a Lead Auditor ISM. I have advised on maritime safety, conducted vessel inspections, and provided expert witness testimony in arbitration and court proceedings in the UK. I also have experience in offshore renewable energy navigation risk assessments.",Maritime Risk and Accident Investigation Advisory,"Practical advisory for shipping companies, ferry operators, and offshore energy developers on navigational safety and accident response. Services include accident investigations, navigational risk assessments, vessel inspections, and expert witness support in disputes. Familiar with ISM Code, Collision Regulations, and maritime safety standards. Uses tools such as MADAS for incident replay and analysis.","20 years in maritime operations and consultancy, including 12 years as Marine Manager for a fleet of 12 Class ferries. Served as Master and Chief Officer on freight ferries and high-speed passenger craft. Led accident investigations, including major casualty RIVERDANCE, and re-wrote crisis management and HSC operating procedures. Conducted vessel inspections, safety audits, and navigation assessments. Advised on offshore renewable energy installations and provided expert testimony in arbitration and court proceedings. Holds Master – Unlimited – II/2 certification and is a Lead Auditor ISM.",PROVIDER,Marine & Offshore,Professional Services,industry_v1,2026-10-01T22:32:52,19.07,Descriptive,Implied,none,none
