source_file,extracted_by_model,about_title,about_description,services_offered_title,services_offered_description,relevant_experience,classify_label,extracted_at,time_taken_by_model
pwc.com__ca_en_about-us_our-people_the-importance-of-teamwork-on-and-off-the-track-html.md,qwen3.8:27b,Internal Audit and Risk Management Process Improvement Professional,"I previously worked as a Director of Internal Audit in PwC Canada's Risk Assurance team based in Edmonton. I worked on audit engagements that evaluated and improved clients' risk management processes. I also bring para-cycling experience from competing with Team Canada at world and Paralympic events, including a bronze medal at the 2014 UCI Para-Cycling Road World Championships and two silver medals at the 2016 Paralympic Games. I participate in the Disability Awareness and Wellbeing Inclusion Network to support inclusive workplace practices. My audit, risk, and teamwork experience helps clients improve the effectiveness of risk management processes.",Risk Management Process Improvement Services,"Evaluate and improve the effectiveness of clients' risk management processes during audit engagements, using collaborative teamwork to support fieldwork and risk assurance outcomes.","'- Won a bronze medal at the 2014 UCI Para-Cycling Road World Championships in Spain.
- Won two silver medals for Team Canada at the 2016 Paralympic Games in Rio de Janeiro.
- Finished seventh in the time trial at the 2020 Paralympics in Tokyo.",PROVIDER,2026-09-11T23:06:02,465.84
ey.com__en_gl_people_barbara-dimajo.md,llama3.1:8b,Communications Specialist,"With a focus on external communications for global alliances and ecosystems. I've developed strategies that drive awareness and visibility for innovative solutions. My experience spans building brands, establishing partnerships, and promoting diversity and inclusivity initiatives.",External Communications for EY Global Alliances and Ecosystems,"Raising awareness of the EY ecosystem of relationships and services available to clients in areas spanning innovation, technology, and sustainability. Building the brand of EY alliances across the globe.","'- Developed and led external communications strategies for EY Global Alliances and Ecosystems. Results included enhanced media coverage and increased visibility for EY's innovative solutions.
- Collaborated with senior leaders to advance diversity, equity, and inclusiveness initiatives within EY Americas, increasing the representation of underrepresented groups in leadership positions
- Established partnerships with AI and technology companies to leverage innovation and enhance EY's service offerings",PROVIDER,2026-09-11T23:26:41,9.54
ey.com__en_gl_people_cedric-foray.md,qwen3-vl:32b,Global and EMEIA Telecommunications Sector Leader at EY,"I am a strategy consultant with 25 years of experience working with telecom and technology firms globally. I co-founded a strategy consulting firm in TMT, which was acquired by EY in 2013, and launched EY Parthenon in France in 2017, leading its growth. My expertise includes digital and AI transformation, commercial strategy, and go-to-market approaches in the B2B context.",Telecommunications Strategy and Transformation Advisory,"Advisory services focused on telecommunications strategy, digital and AI transformation, commercial strategies, go-to-market approaches, and B2B digital transformation for telecom operators and technology firms.","'- Led the launch of new telecommunications services including TV over ADSL, Fiber, Mobile Money, and 3G in France, Europe, and Africa, contributing to economic development and enabling e-health and e-education services.
- Co-founded an international strategy consulting firm specializing in TMT, which was acquired by EY in 2013.
- Launched EY Parthenon in France in 2017 and led its growth over five years, expanding EY's consulting presence in the region.",PROVIDER,2026-09-11T23:26:51,12.46
ey.com__en_gl_people_christopher-woolard-cbe.md,llama3.1:8b,Former Head of Regulatory Affairs & Industry Leader,"With a background in regulation and leadership, I have expertise that spans public service and professional roles. My experiences have taught me the importance of clear governance, effective decision-making, and collaboration across sectors.",,,"'- Served as Chair of the EY Global Regulatory Network.
- Held several senior public roles in the UK and internationally, including serving on the board of the Financial Conduct Authority as interim Chief Executive.
- Appointed Commander of the Most Excellent Order of the British Empire (CBE) for contributions to both Regulation and FinTech.",PROVIDER,2026-09-11T23:27:03,7.0
ey.com__en_gl_people_fiona-hutchings.md,qwen3.8:27b,"Analytics and AI Transaction Advisory for M&A, Divestitures, and Corporate Finance","I can support private equity and corporate clients with data-driven decisions for M&A, divestitures, and growth strategy. I combine financial analysis, operational knowledge, data science, emerging technologies, and AI to support diligence, integration, exit readiness, and separation. My experience spans financial due diligence, valuation, strategy, and advanced analytics across the UK&I, the US, and Australia. I hold a Bachelor of Commerce in Accounting and a chartered accountant qualification from the Institute in Australia and New Zealand.",Analytics and AI Transaction Advisory,"Data-driven support for M&A, divestitures, and growth strategy, covering diligence, integration, exit readiness, and separation using financial analysis, operational knowledge, data science, emerging technologies, and AI.",,PROVIDER,2026-09-11T23:27:10,172.29
ey.com__en_gl_people_greg-guthridge.md,qwen3.8:27b,Power & Utilities Customer Experience Transformation Advisor,"I spent 30 years across power and utilities, working with energy retailers in the US, UK, Europe, Asia, and Oceania. Based in Seattle, I combined retail strategy, sales and marketing, digital technology, analytics, and organizational change to help energy companies develop new residential and commercial products and services. I hold US patents in energy efficiency and demand management analytics, and Consulting Magazine recognized me as one of its Top 25 Consultants for Excellence in Energy.",Energy Retail Transformation Advisory,"I advise energy retailers on customer experience transformation, retail strategy, sales and marketing, digital technology, analytics, and organizational change, and help develop residential and commercial products and services.","'- Earned recognition as one of Consulting Magazine's Top 25 Consultants for Excellence in Energy.
- Secured several US patents in energy efficiency and demand management analytics.",PROVIDER,2026-09-11T23:30:03,180.14
ey.com__en_gl_people_joe-depa.md,qwen3.6:35b,Former Global Chief Innovation Officer specializing in AI and emerging technologies,"I am a former Global Chief Innovation Officer with extensive experience leading AI, data, and innovation strategies for a massive global enterprise. I oversaw a $3 billion investment in next-frontier technologies, including physical AI, quantum computing, and smart currencies. My career involved guiding the processing of over 50% of Fortune 500 datasets and a trillion lines of financial data annually. I focused on translating advanced technologies into tangible business value and establishing responsible innovation frameworks. I was recognized as Innovator of the Year at the 2026 AITech Awards and by the BIG Innovation Awards for advancing trusted AI.",,,"'- Led AI, data, and innovation strategies for a global firm with 400,000 employees.
- Oversaw a $3 billion investment in next-frontier technologies including physical AI.
- Integrated large language models with health research into clinical care.",PROVIDER,2026-09-11T23:33:03,4.68
ey.com__en_gl_people_konstanze-nardi.md,llama3.1:8b,Expert Exit Planning for Private Equity,"I bring a pragmatic approach to advising private equity firms on exit readiness strategies. With a deep understanding of the complexities involved in this process, I can help clients navigate the intricacies of due diligence, carve-outs, and value creation. My expertise ensures that clients are well-prepared for successful exits, minimizing interruptions and optimizing portfolio company profitability.",Private Equity Transactions Advisory,Exit readiness analysis and preparation strategies for private equity firms planning exits in the next 12 to 24 months.,"'- Led large, complex, international carve-outs, IPOs, and cross-border buy-and-sell-side due diligence projects across both assurance and strategy and transactions service lines.
- Managed exit readiness processes to reduce interruptions and drive successful exits, leveraging latest firm thought leadership and tools.
- Negotiated contracts that secured client interests with 30% increase in portfolio company profitability.",PROVIDER,2026-09-12T00:07:38,10.59
ey.com__en_gl_people_laura-furness.md,llama3.1:8b,Leadership Expert in Media Relations and Social Media,"I bring over a decade of experience leading teams and programmes for major technology companies. Prior to this role, I led communications strategies that successfully managed the firm's media relations and social media presence.",,,"'- Led the firm's media relations and social media for Consulting and the firm-Parthenon, responsible for communications strategies.
- With over a decade of experience leading teams and programmes for major technology companies at a local, regional and global level prior to joining the firm.
- Advocates [comma follows] for greater awareness and supports dyslexia charities.",PROVIDER,2026-09-12T00:07:49,9.15
ey.com__en_gl_people_lokesh-ohri.md,qwen3.8:27b,"Consumer Products and Retail Consultant in the Americas for Strategy, Technology, Risk, and People","I have over 23 years of consulting experience across consumer products and retail in the Americas. I have led business, technology, risk, and people consulting portfolios, helping clients develop market strategy, digital and technology transformation, growth models, supply chain resilience, data, and AI solutions. My focus includes customer experience, organizational agility, and sustained competitive advantage in rapidly evolving markets. I have also advised on consumer behavior, future of work, customer loyalty, and led teams on client-centered innovation.",Consumer Products and Retail Strategy and Transformation Advisory,"I advise consumer products and retail businesses on market strategy, digital and technology transformation, growth, customer experience, data, AI, and supply chain resilience.",,PROVIDER,2026-09-12T00:07:58,154.77
ey.com__en_gl_people_michael-curtis.md,qwen3-vl:32b,Global Media Relations & Social Media Leader,"I led global public relations and social media for eight industry markets across a Big Four professional services firm, including Manufacturing & Mobility, Consumer, Energy, Financial Services, Government, Health, Private Equity, and Technology, Media & Telecoms. I provided senior executive counsel, built corporate brand and reputation, and developed PR strategy at regional and global levels. I also led PR for the Global practice, focusing on innovation, media & entertainment, telecommunications, and technology.",Global PR & Social Media Strategy,"I provide strategic public relations and social media counsel for global industry markets, including media campaigns, corporate brand building, reputation management, and executive communications. I develop and execute PR strategies for international industry events and support global practice positioning.","'- Led global public relations and social media for eight industry markets across a Big Four professional services firm, including Manufacturing & Mobility, Consumer, Energy, Financial Services, Government, Health, Private Equity, and Technology, Media & Telecoms.
- Provided senior executive counsel and developed global PR strategy for the Global practice, including media campaigns and corporate brand positioning.
- Authored and led press releases on major strategic announcements, including the firm’s on-site quantum computing initiative and its global AI collaboration with Microsoft.",PROVIDER,2026-09-12T00:10:33,15.02
ey.com__en_gl_people_paul-mitchell.md,llama3.1:8b,Former Global Mining & Metals Leader,"I bring over two decades of expertise in developing corporate, operational, and IT strategies to drive profit enhancement, performance improvement, post-merger integration, financial management. My background is in strategic alliance building, driving growth across key accounts and regions. I continue to share insights on productivity and digital opportunities for the mining and metals sector.",,,"'- Led a global alliance strategy for the mining and metals sector, driving growth across key accounts and regions.
- Provided over 20 years of consulting services to clients globally.
- Contributed insightful points of view on digital opportunities for the mining and metals sector.",PROVIDER,2026-09-12T00:10:48,9.31
ey.com__en_gl_people_pete-witte.md,qwen3-vl:32b,Global Private Equity Lead Analyst,"With over 20 years of experience in alternative investments, I lead global research efforts in private equity for a major professional services firm. I manage a team of industry analysts producing insights on fundraising, sourcing, structuring, acquisitions, value creation, and exit readiness. I am a thought leader in the PE sector, shaping industry conversations through data-driven research and quarterly market reports like the PE Pulse.",Private Equity Market Insights & Research,"Provides data-driven research and analysis on private equity market trends, including fundraising, deal sourcing, structuring, acquisitions, value creation, and exit readiness. Delivers quarterly insights through the PE Pulse report and related thought leadership content.","'- Led global research team producing insights on private equity trends, including fundraising, sourcing, structuring, acquisitions, value creation, and exit readiness.
- Authored and published the quarterly PE Pulse report, providing data and insights on private equity market activity and trends for clients and industry stakeholders.
- Shaped industry conversations as a thought leader by surfacing data-driven, forward-looking insights on private equity before they become mainstream.",PROVIDER,2026-09-12T00:10:57,13.86
ey.com__en_gl_people_rob-atkinson.md,qwen3-vl:32b,"Experienced leader in technology, media, and telecommunications business transformation","I have over 30 years of experience in large-scale business operations and transformation, with more than 20 years focused on the technology, media, and telecommunications sector. I led strategic vision and direction for the firm’s UK and Ireland markets in these industries, concentrating on organizational and process design, optimization, and transaction-related transformation. I am passionate about helping clients navigate disruption and emerging technologies to deliver tangible results.","Technology, Media, and Telecommunications Business Transformation Advisory","Advisory services focused on large-scale organizational and process transformation, business optimization, and transaction-related transformation programs for clients in the technology, media, and telecommunications sectors. Includes strategic vision development, operational redesign, and implementation of change initiatives to address market disruption and emerging technologies.",,PROVIDER,2026-09-12T00:11:11,10.81
ey.com__en_gl_people_shane-macsweeney.md,qwen3-vl:32b,Global Infrastructure Leader and Strategy & Transactions Partner,"I am a Partner in the global strategy and transactions practice, specializing in infrastructure, government, and economic advisory. With over 20 years of experience, I advise government and corporate clients on project finance, public-private partnerships, and complex infrastructure transactions across Australia, Europe, the Middle East, and Asia. My expertise includes economic analysis, business case development, feasibility assessment, commercial structuring, and financing analysis.",Infrastructure and Public Sector Advisory,"Provides commercial, financial, and economic advisory services for infrastructure projects, including project finance, public-private partnership transactions, business case development, feasibility assessment, commercial structuring, funding analysis, tender evaluation, contractual drafting, and negotiation support.","'- Advised on large infrastructure projects across Australia, Europe, the Middle East, and Asia, focusing on project finance and public-private partnerships.
- Led project implementation and economic analysis for government and corporate clients, including complex business case development and feasibility assessments.
- Previously served as Infrastructure Advisory Partner for another Big Four professional services firm, contributing to infrastructure transaction advisory services.",PROVIDER,2026-09-12T00:11:22,13.33
ey.com__en_gl_people_sheena-thompson.md,llama3.1:8b,Digital Transformation Specialist,"I have a background in leading digital transformation initiatives. I aim to bring my skills and experience to help organizations improve their processes and services. My strengths include strategic planning, change management, and solution development.",,,"'- Launched a global organization's digital academy solution for the government and infrastructure sector.
- Facilitated governments to use digital technologies to improve citizen services, streamlining processes and reducing paper usage by up to 80%.
- Built and sourced digital capabilities within civil service, prioritizing candidates from underprivileged backgrounds.",PROVIDER,2026-09-12T00:11:36,7.7
pwc.com__gx_en_industries_financial-services_ghost_managing-africas-money-html.md,qwen3-vl:32b,CEO of a major African financial institution,"I led a major African bank as CEO, driving digital transformation and strategic partnerships. I championed data-driven decision-making and fintech integration to modernize banking services. I navigated political and economic volatility in South Africa while expanding regional operations. I focused on ethical leadership, gender equity, and sustainable growth across Africa’s emerging markets.",Digital Banking Transformation Advisory,"Advisory on digitizing financial services, integrating fintech partnerships, leveraging big data and AI for customer insights, and modernizing legacy systems to compete in mobile-first markets.","'- Championed digital transformation at a major African bank, increasing digital transactions to 1.6 billion annually while reducing in-person transactions to 30 million.
- Led partnerships with fintechs and mobile operators to develop new products, such as data-driven microloans using mobile payment data from MTN Group.
- Directed a strategic shift to embrace AI and robotics for routine operations, including foreign exchange reporting, while emphasizing human empathy and ethical design in technology.",PROVIDER,2026-09-12T00:11:46,14.9
pwc.com__ca_en_about-us_our-people_allyship-to-reconciliation-html.md,qwen3.8:27b,"Capital Projects, Infrastructure, and Indigenous Community Engagement Specialist","I offer support for project and infrastructure teams engaging with Indigenous communities on capital projects and disaster recovery work. My focus is building community relationships, coordinating cultural sharing sessions, and supporting reconciliation-oriented workplace practices. I also bring research experience from a master's thesis on relationships between Indigenous communities and the forestry industry. I have supported internal inclusion efforts that helped colleagues understand Indigenous cultures and improved participation opportunities for Indigenous employees, candidates, and community partners.",Indigenous Engagement Advisory,"I provide Indigenous engagement for capital projects, infrastructure, and disaster recovery, including community relationship building, cultural sharing session coordination, and support for reconciliation-oriented workplace initiatives.",'- Led Indigenous engagement in a province-wide flood recovery mandate; some affected Indigenous communities honoured the work in a blanket ceremony.,PROVIDER,2026-09-12T00:12:52,186.88
pwc.com__ca_en_about-us_our-people_black-leaders-program-html.md,llama3.1:8b,"Director & Industry Leader, Risk Modelling Services","As a director with experience in risk modelling services, my expertise spans developing quantification models to help clients manage top risks. My professional journey started with commercial property and casualty actuarial pricing work, and I've since completed actuarial exams after over a decade of continuous learning.",,,"'- Led a team of approximately 35 actuaries providing risk quantification services to organizations helping them understand and manage their top risks by forecasting future events based on past data and industry information.
- Was part of the Amplifying Black Leaders program at *a company*, where I learned self-image, overcoming fear leadership intentionality, and being an effective leader emphasizing supporting and valuing each person's holistic self.
- Completed actuarial exams after 11 years of continuous effort demonstrating persistence and resilience in advancing their profession.",PROVIDER,2026-09-12T00:15:59,16.5
pwc.com__ca_en_about-us_our-people_meet-ali-html.md,qwen3.8:27b,Former marketing manager focused on employer brand and talent acquisition,"My recent role was as a marketing manager at a large international professional services firm in Canada. I worked within a practice focused on business enablement and led employer brand and talent acquisition marketing, including marketing communications for talent acquisition and employer brand initiatives. My approach reflects experience navigating multiple cultural backgrounds and a personal journey of reconnecting with Indigenous heritage. That path has strengthened my empathy, listening, and collaboration with colleagues and clients from diverse backgrounds. I joined the organisation's alumni network.",Employer Brand and Talent Acquisition Marketing,"Marketing work for employer brand and talent acquisition, including marketing communications for talent acquisition and employer brand initiatives, based on experience leading employer brand and talent acquisition marketing within a business enablement practice.",,PROVIDER,2026-09-12T00:16:16,166.5
pwc.com__ca_en_about-us_our-people_meet-james-html.md,qwen3-vl:32b,National Defence and Public Safety Sector Leader,"A consulting partner with over a decade of experience supporting provincial and federal government agencies in Canada. Previously served 13 years in the Australian Army, including deployments in Iraq and Timor-Leste. Transitioned to consulting in 2012, joining the firm Australia’s Strategy& team before moving to Canada to build the technology consulting practice. Currently leads the National Defence, Public Safety and Justice practice at the firm Canada.",Public Sector Transformation Consulting,"Advises government agencies on improving service delivery, technology integration, and operational efficiency in defence, public safety, and justice sectors. Focuses on strategic consulting, technology adoption, and organizational transformation for public institutions.","'- Led the development of the technology consulting team at the firm Canada, expanding services for federal and provincial government clients.
- Served 13 years in the Australian Army, including as a signals officer in deployments to Iraq and Timor-Leste, developing expertise in multinational operations and crisis response.
- Appointed as the firm Canada’s National Defence and Public Safety sector leader in late 2024, overseeing strategic advisory services for government agencies in defence and public safety.",PROVIDER,2026-09-12T00:19:02,14.14
pwc.com__ca_en_about-us_our-people_mental-health-advocacy-html.md,qwen3-vl:32b,Former Manager in Consulting & Mental Health Advocate,"I am a former manager in the consulting practice at a global professional services firm, deeply committed to mental health advocacy. Growing up in a family that openly discussed mental health, I lost my father to suicide at age 15, which shaped my lifelong mission to destigmatize mental illness. I co-created an educational mental health program with hospital psychiatrists, targeting high school students in Montreal, and have continued my advocacy through internal employee resource groups at the firm, fostering workplace conversations on mental wellness.",Mental Health Advocacy and Workplace Support Initiatives,Designs and facilitates mental health education programs for young people and workplace support initiatives. Includes developing school-based mental health awareness programs with medical professionals and leading internal employee resource groups focused on disability awareness and mental health support.,"'- Co-created a three-year mental health education initiative with psychiatrists from a hospital, delivering programs to high schools in Montreal to raise awareness among adolescents.
- Served as an executive member of the firm Canada’s internal Disability Awareness and mental health employee resource group, facilitating workplace conversations on mental wellness.
- Advocated for mental health support and destigmatization through personal storytelling and community engagement, helping individuals access resources and reduce shame around mental illness.",PROVIDER,2026-09-12T00:19:16,14.97
pwc.com__ca_en_about-us_our-people_passion-for-cyber-work-and-on-the-job-learning-html.md,qwen3.6:35b,Senior Cybersecurity & Financial Crime Consulting Leader,"I bring extensive expertise in cybersecurity and financial crime consulting, helping organizations navigate complex digital risks. My background in business technology management allows me to address multifaceted security challenges across privacy, operational technology, and cloud environments. I combine technical security prowess with strategic risk advisory to protect clients in diverse sectors. By leveraging structured mentorship from a market-leading practice, I deliver robust solutions that secure digital transformation initiatives and ensure compliance. My approach integrates deep technical knowledge with practical business insights to safeguard critical assets.",Cybersecurity and Financial Crime Consulting,"Provision of technical cybersecurity advisory and risk assessment services, covering privacy, operational technology security, cloud security, and managed security services. Includes strategic consultation on financial crime prevention and compliance within the context of digital transformation and technology integration.",,PROVIDER,2026-09-12T00:19:31,4.8
pwc.com__ca_en_about-us_our-people_reunion-and-reconciliation-html.md,llama3.1:8b,Senior Manager specializing in Indigenous Reconciliation Strategy,"As a dedicated professional, I have always sought ways to bridge gaps between different communities. Through my work with firm Canada, I was able to combine my passion for cultural exchange and collaboration to drive meaningful change. My key strength lies in building bridges across diverse groups and driving lasting impacts.",,,"'- Led a Senior Manager role at the firm Canada, leading efforts on the company's Indigenous Reconciliation Strategy and Action Plan.
- Contributed to the development of the firm Canada's Indigenous Reconciliation Plan, working closely with communities and Indigenous leaders.
- Facilitated cultural activities such as Métis jigging to learn and deepen relationships with their family and culture.",PROVIDER,2026-09-12T00:19:36,8.71
deloitte.com__us_en_about_people_profiles-areilly-374b74b9-html.md,llama3.1:8b,US Merger & Acquisition Services Partner,"My expertise spans over 25 years of experience with a leading professional services firm. I've advised on transactions with over $250 billion in value, including multi-billion dollar leveraged buyouts, growth acquisitions, strategic mergers, and complex carve-out transactions.",,,"'- Advised on transactions with over $250 billion in value, across each stage of the M&A lifecycle.
- Managed due diligence, operational and financial reporting, global integration, and divestiture activities for deals that delivered tangible results. By streamlining the process, I reduced complexity and enhanced client confidence during critical phases.
- Led teams to help clients maximize deal value in strategic mergers, growth acquisitions.",PROVIDER,2026-09-12T00:21:51,7.15
deloitte.com__us_en_about_people_profiles-kristen-stuart-99e439a4-html.md,llama3.1:8b,US Strategy & Transactions Leader,"I bring my expertise as a strategic advisor to Fortune 500 executives, focusing on catalyzing growth in core businesses and designing new models. In the past, I led large-scale transformations as US Monitor strategy practice leader. My work spans a breadth of disciplines including corporate strategy, M&A, and organizational and digital transformation.",,,"'- Led large-scale transformations that unlock enterprise value for clients
- Facilitated the tackling of challenging issues for global companies",PROVIDER,2026-09-12T00:21:58,6.78
pwc.com__gx_en_services_alliances_sap_sap-alliance-leadership-blog-dc-html.md,qwen3.6:35b,"SAP Practice Leader, Digital Transformation, and AI","I bring over 20 years of experience leading large-scale digital transformation projects enabled by SAP cloud solutions. I specialize in bridging business and IT gaps to deliver end-to-end solutions, from strategy through execution. My expertise includes deploying SAP public and private cloud implementations, utilizing the SAP Business Technology Platform, and integrating AI solutions to modernize legacy ERP systems for complex enterprise clients. I focus on delivering tangible operational improvements through precise technical leadership.",SAP Cloud Transformation and Integration,"Delivery of end-to-end SAP transformation services, including greenfield and brownfield cloud migrations, clean core implementations, and custom app development on SAP Business Technology Platform (BTP). Includes strategic advisory on AI integration, data orchestration with SAP Business Data Cloud, and modernising back-office processes for enterprises across industries such as shipping, healthcare, finance, and government.","'- Completed an 8-month SAP implementation for a joint venture of three major shipping companies spanning 50+ countries to support day one operations.
- Executed a complex end-to-end transformation for a government-owned pension fund, covering treasury, bond tracking, finance, procurement, and HR with an AI-first approach.
- Delivered a fast SAP public cloud implementation for a hospital using a clean core approach to support back-office processes without impacting clinical areas.",PROVIDER,2026-09-12T00:30:55,6.87
deloitte.com__global_en_about_people_profiles-aktayal-6b38b96b-html.md,qwen3.6:35b,Principal leading US Engineering-as-a-Service with 23 years in software engineering and business-process consulting,"I bring 23 years of experience in software engineering and business-process consulting across financial services, health care, and retail. I guide clients through cloud transformations, DevSecOps adoption, and the design of resilient platforms. I partner with executives to shape technology strategy, establish global engineering centers of excellence, and embed operating models that enhance developer experience and time to value. I focus on building high-performing teams and fostering cultures of continuous improvement to drive lasting operational excellence.",Engineering Transformation and Strategy Advisory,"Advising C-suite executives on technology strategy, cloud transformations, DevSecOps and SRE adoption, and the design of resilient, secure platforms. Establishing global engineering centers of excellence and embedding outcome-based operating models to enhance developer experience and time to value.",,PROVIDER,2026-09-12T01:03:21,3.96
deloitte.com__global_en_about_people_profiles-anthony-deangelis-b6bf6299-html.md,qwen3.8:27b,Former Investment Management & Real Estate Finance Transformation Leader,"I led finance transformation for investment management and real estate sectors. I acted as a lead consulting partner for select global investment managers and as an executing partner for complex global finance transformation initiatives. In past roles, I built investment management and finance-specific solutions, developed capabilities in advanced analytics and cloud enablement, and shaped an approach to profitability analytics for investment management. I combined sector knowledge with finance, analytics, and technology delivery to support finance transformation for investment management and real estate.",Investment Management Finance Transformation,"Finance transformation for investment management and real estate, covering finance-specific solutions, advanced analytics, cloud enablement, and profitability analytics capabilities.",,PROVIDER,2026-09-12T01:03:25,137.29
deloitte.com__global_en_about_people_profiles-famuratovic-bc05684b-html.md,llama3.1:8b,Expert AI and Engineering Partnership Leader,"As a seasoned leader in AI and engineering strategy and services, I have developed expertise in driving cross-functional initiatives and delivering high-impact solutions to drive business growth. My experience spans both national professional services firms and global companies, where I've leveraged my skills to oversee large engagements and lead go-to-market activations for data and industry services. With a strong track record of success, I'm well-equipped to help businesses achieve their goals through effective AI and engineering strategy.",AI and Engineering Strategy Advisory,,"'- Spearheaded AI and engineering strategy for a national professional services firm, driving activation for all industry solutions.
- Co-led a $5M engagement with a global company to develop integrated software engineering services and product capabilities.
- Led the development of [COMPANY NAME]'s AI and engineering business in go-to-market activation, resulting in growth in data and industry services.",PROVIDER,2026-09-12T01:05:42,14.73
deloitte.com__us_en_about_people_profiles-abby-levine-fcf02ad6-html.md,qwen3.6:35b,"Principal Offering Leader, Infrastructure and Real Estate","I have over 20 years of consulting experience helping clients optimize real estate portfolios to unlock enterprise value. As Offering Leader for a global consulting firm's Infrastructure and Real Estate practice, I specialize in designing and implementing comprehensive real estate strategies. I focus on portfolio optimization, cost reduction, workplace strategy, and organizational design. Based in Los Angeles, I assist clients in rethinking their real estate footprint and facility management approaches to ensure long-term stability.",Real Estate Portfolio Optimization and Strategy,"Design and implementation of real estate strategies including portfolio optimization, cost reduction, workplace strategy, real estate operating models, organizational design, service delivery models, technology enablement, and performance measurement. Includes assistance for clients to rethink their real estate holdings and facility usage to unlock enterprise value.",,PROVIDER,2026-09-12T01:06:32,4.18
deloitte.com__us_en_about_people_profiles-adam-whiting-662d95ee-html.md,qwen3-vl:32b,M&A Consultative Services Leader,"I specialize in M&A and restructuring advisory, focusing on pre- and post-deal environments, strategic cost transformation, and cross-functional synergy delivery. My work primarily supports retail and consumer products clients, advising on strategic acquisitions and divestitures, commercial and operational diligence, synergy identification, pricing analysis, global program management, and integration or divestiture delivery.",M&A and Restructuring Advisory,"Advisory services for strategic acquisitions and divestitures, including commercial and operational diligence, synergy identification, pricing analysis, large global program management, and integration or divestiture delivery for retail and consumer products clients.",,PROVIDER,2026-09-12T01:06:36,8.01
deloitte.com__us_en_about_people_profiles-ajay-chavali-9dd8ea6a-html.md,qwen3.8:27b,Former Aerospace & Defense Transformation Consulting Leader,"I led consulting work in aerospace and defense, focusing on product engineering, organizational transformation, and advanced air mobility. I managed a market segment within a global professional services firm, supporting senior executives in aerospace and defense, maritime, high-tech, semiconductor, and semiconductor equipment industries. I led global programs in North America, Europe, Japan, and Australia, focusing on transformation initiatives and execution for leading industrial organizations. My background spanned complex corporate projects, cross-functional advisory, and client-facing strategy and delivery for technology-driven sectors.",Aerospace & Defense Transformation Consulting,"Advisory for organizational transformation and global program execution in aerospace and defense, advanced air mobility, maritime, high-tech, semiconductor, and semiconductor equipment sectors, with senior executive alignment.",,PROVIDER,2026-09-12T01:06:44,89.91
deloitte.com__us_en_about_people_profiles-ajay-radhakrishnan-f203b62b-html.md,qwen3.8:27b,P&C Insurance Transformation Advisor,"I advised property and casualty insurance businesses on operating model change, core systems transformation, and digital innovation. My work centered on policy, claims, and billing programs for large P&C carriers, with focus on product, distribution, growth, and operational simplification. I also supported initiatives for insurance ecosystems, alliances, and key accounts that apply modern digital platforms, cloud services, and cloud architectures to improve operational outcomes. I kept project scope focused on core insurance operations and operational simplification.",P&C Insurance Transformation Advisory,"I provide advisory support for P&C insurers on operating model redesign, core systems transformation, policy, claims, and billing modernization, product and distribution improvement, operational simplification, and use of modern digital platforms, cloud services, alliances, and ecosystems.",,PROVIDER,2026-09-12T01:08:14,103.94
deloitte.com__us_en_about_people_profiles-alex-lakhanpal-559f0e45-html.md,qwen3.6:35b,"Audit & Assurance Partner specializing in Banking, Capital Markets, and Risk Advisory","As a former audit and assurance partner with over 16 years of experience, I served global banking and capital markets clients, including major global systemically important banks. I led the US Investment Banking segment, co-directing strategic direction and go-to-market strategies. My expertise covers global sales and trading, as well as valuation audits for broker-dealers, private equity funds, and fintech clients. Holding Chartered Financial Analyst and CPA designations, I specialized in advisory services for credit, market, and model risk management, and internal controls over financial reporting.",Banking Audit and Risk Advisory,"Provides audit and assurance services for global banks, broker-dealers, private equity, and fintech, with a focus on sales and trading, valuation, and risk management.",,PROVIDER,2026-09-12T01:09:58,8.62
deloitte.com__us_en_about_people_profiles-amit-anand-c7b4df42-html.md,qwen3-vl:32b,"Technology growth leader in financial services, advising C-suite on digital and technology innovation","With over 25 years of experience, I advise C-suite executives and business leaders in banking, investment management, insurance, and commercial real estate on digital and technology innovation. I define digital strategies, develop technology-led business models, and implement large-scale transformation programs to enhance customer experience, optimize operations, and improve profitability. My work spans advising on innovation, shaping business models, and driving operational improvements through technology adoption.",Digital Transformation Advisory for Financial Services,"Advising financial services organizations on digital strategies, technology-led business model development, and large-scale transformation programs to enhance customer experience, optimize operations, and improve profitability. Includes collaboration across digital and operational teams to unlock technology’s full business potential.",,PROVIDER,2026-09-12T01:10:07,8.18
deloitte.com__us_en_about_people_profiles-amy-allen-f84de191-html.md,llama3.1:8b,Insurance Transformation Market Group Leader,"I specialize in helping insurers unlock growth opportunities by fostering a customer-centric approach and leveraging innovative solutions. With expertise spanning operations and technology transformations, I enable client success through data-driven decision making, digital enablement and strategic alignment of business objectives with technological capabilities.",Insurance Solution Implementation,"Specialising in operations and technology transformations for insurance companies, including operating model redesigns, core technology, digital, data, cloud, and AI solutions.","'- Delivered growth through market innovation and customer-centricity while leading US Insurance Solutions.
- Achieved strategic objectives by advising executive teams on carefully orchestrated operations and technology transformations.
- Secured profitable growth for clients across multiple domains, including operating models, core technology, digital, data, cloud, AI.",PROVIDER,2026-09-12T01:10:15,6.99
deloitte.com__us_en_about_people_profiles-andrew-wright-9df7e801-html.md,qwen3.6:35b,Private Equity M&A and Advisory Leader,"I have spent over a decade leading Private Equity M&A and Advisory practices, bridging deep financial expertise with strategic deal execution. My background began in audit, providing a rigorous foundation before transitioning to advisory roles in 2010. I specialize in navigating complex carve-outs and transaction execution within the Technology, Media, and Telecommunications sectors. By building strong relationships with private equity firms, I deliver end-to-end support that spans from initial due diligence to post-deal value creation. Additionally, I pioneered data analytics offerings to drive smarter, evidence-based decisions for portfolio companies, ensuring every engagement yields tangible strategic outcomes.",Private Equity M&A and Advisory,"End-to-end support for private equity transactions including due diligence, transaction execution, and carve-outs, alongside strategic value creation initiatives for portfolio companies and development of data analytics frameworks for decision-making.",,PROVIDER,2026-09-12T01:10:22,3.83
deloitte.com__us_en_about_people_profiles-ashley-price-b0ae8ab3-html.md,qwen3-vl:32b,Partner and US Business Process Solutions Leader,"I advise clients on tax process design, optimization, and transformation, with a focus on tax planning and IRS representation. My work includes developing and implementing solutions for operational finance, HR & payroll, and tax compliance. I bring deep experience in restructuring tax operations to improve efficiency, reduce risk, and ensure regulatory alignment. Clients rely on my expertise to navigate complex compliance environments and drive sustainable process improvements.",Tax Process Transformation Advisory,"Advising clients on tax process design, optimization, and transformation; developing and delivering tax planning projects; representing clients before the IRS; implementing custom solutions for operational finance, HR & payroll, and tax compliance.",,PROVIDER,2026-09-12T01:10:26,10.65
deloitte.com__us_en_about_people_profiles-barry-chen-db28baa7-html.md,qwen3.8:27b,Former M&A Principal in Financial Services and Insurance,"I have advised executives and finance teams on complex financial services and insurance transactions. My work has spanned the full M&A lifecycle: deal strategy, due diligence, post-merger integration, divestitures, and go-to-market value capture. I have designed organization and workforce strategies, integrated or separated finance functions, and introduced technology-enabled solutions that improved speed and value realization. For the the transaction lifecycle, I have supported integration, separation, and post-deal operational performance for leadership teams.",M&A Advisory for Financial Services and Insurance,"My services cover the M&A lifecycle: deal strategy, due diligence, post-merger integration, divestitures, go-to-market value capture, organization and workforce design, and technology-enabled finance integration or separation.",,PROVIDER,2026-09-12T01:10:37,133.85
deloitte.com__us_en_about_people_profiles-bdollar-ac84df3a-html.md,qwen3-vl:32b,Principal in global supply chain practice,"A principal in the firm Consulting’s global supply chain practice, specializing in business and digital transformation. Leads the firm’s IndustryAdvantage™ initiative, focusing on leveraging industry solutions to deliver client advantages. Works with global manufacturing clients to achieve tangible benefits through digital transformation.",Supply Chain Digital Transformation Advisory,Advisory services focused on accelerating business and digital transformation for global manufacturing clients using industry solutions and ecosystem partnerships to create tangible client advantages.,,PROVIDER,2026-09-12T01:12:51,9.36
deloitte.com__us_en_about_people_profiles-beth-goldstein-35be4950-html.md,llama3.1:8b,Audit Advisory Specialist,"I bring over 22 years of experience in Audit & Assurance to the table, with a proven track record of serving clients across the financial services industry. My expertise spans leadership roles, including advising on accounting, auditing, and regulatory matters.",Audit Advisory,"Expertise in audit and assurance for the financial services industry, including wealth management, initial public offerings, and regulatory compliance.","'- Spearheaded over 22 years of experience serving clients with a heavy focus on wealth management.
- Provided leadership advice on accounting, auditing, and regulatory matters throughout their career.
- Led strategy execution for performance management at Touche LLP.",PROVIDER,2026-09-12T01:13:00,5.8
deloitte.com__us_en_about_people_profiles-bill-dworsky-bdf7db98-html.md,qwen3.8:27b,"Former Senior Manager, M&A Commercial and Banking Transformation","I have helped banking and payments organizations strengthen customer experience, go-to-market planning, omnichannel sales and service, and value realization during complex change. My advisory work has supported front-office clients across transactions, from small FinTech acquisitions to international, multi-billion dollar mergers. I have delivered global commercial analysis in adjacent verticals, including insurance, investment management, and retail. With an undergraduate degree, an MBA, and a CFA charter, I bring quantitative rigor and commercial judgment to difficult decisions, helping leadership teams turn transactional activity into measurable customer, revenue, and franchise value.",M&A Commercial and Banking Transformation Advisory,"Commercial advisory for banking and payments organizations covering customer experience, go-to-market planning, omnichannel sales and service, value realization, and front-office M&A commercial support for transactions from FinTech acquisitions to international mergers.",,PROVIDER,2026-09-12T01:13:06,85.15
deloitte.com__us_en_about_people_profiles-bkunisch-3026f09-html.md,llama3.1:8b,Accounting Services Specialist,"I've been an accounting partner in M&A Transaction services for over two decades, combining public accounting experience with merger and acquisition expertise. Throughout my career, I have led due diligence teams for private equity and strategic buyer clients. My role involves advising on various aspects of transactions, often leading multi-country collaborations.",Accounting Services,,"'- Led due diligence teams to advise private equity and strategic buyers on various aspects of transactions.
- Assisted over 100 completed or proposed transactions with clients in consumer and industrial products industries, leveraging my expertise to ensure smooth deal navigation.
-
Coordinated US/European cross-border transactions as primary contact for US/European cross-border deals",PROVIDER,2026-09-12T01:14:31,8.6
deloitte.com__us_en_about_people_profiles-bradley-niedzielski-15418049-html.md,qwen3.6:35b,Audit & Assurance Partner and Business Controls Leader,"I am an Audit and Assurance partner with over 20 years of experience advising complex global financial services clients. As the national leader for Business Controls Advisory, I specialize in modernizing controls using AI-enabled tools, covering emerging technologies like AI, machine learning, RPA, and advanced analytics. My expertise includes SOX program design, internal controls gap analysis, M&A advisory, and business controls for system migrations. I previously led finance transformation practices and AI initiatives.",Business Controls and Audit Advisory Services,"Advisory services focused on modernizing internal controls for financial services clients, specifically leveraging AI-enabled tools for emerging technologies like GenAI, RPA, and advanced analytics. Services include SOX program design, internal controls gap analysis, M&A advisory, and governance for system migrations.",,PROVIDER,2026-09-12T01:14:40,3.81
deloitte.com__us_en_about_people_profiles-briacampbell-9aa4c182-html.md,qwen3.8:27b,Strategy Practice Professional Specializing in Growth and Digital Transformation,"I draw on experience from the strategy practice of a global professional services firm, where I co-led a technology-powered business transformation offering. My advisory focus has included growth strategy, go-to-market strategy, business model transformation, and digital transformation, with a focus on high-tech clients. I have worked with cloud hyperscalers and other technology leaders to support clients across industries in driving growth, innovation, and top- and bottom-line improvement. My functional experience spans strategy, sales, marketing, finance, IT, HR, and operations.",Growth and Digital Transformation Advisory,"Advisory on growth strategy, go-to-market strategy, business model transformation, and digital transformation for high-tech and cross-industry clients, in collaboration with cloud hyperscalers and technology leaders to improve growth, innovation, and top- and bottom-line outcomes.",,PROVIDER,2026-09-12T01:14:43,155.06
deloitte.com__us_en_about_people_profiles-brian-cassidy-5796f082-html.md,qwen3.6:35b,Partner & US Audit & Assurance Trustworthy AI Leader,"Leading the firm's US Audit & Assurance Trustworthy AI initiative, I deliver specialized audit, accounting, and advisory services to Fortune 500 public and private companies. My expertise spans banking, investment companies, business development companies, and alternative funds, including private equity, hedge funds, and real estate. I bring strong technical, risk management, and organizational skills to address emerging technology impacts on clients and the marketplace, ensuring rigorous standards for algorithmic accountability.",AI Assurance & Financial Services Audit Advisory,"Audit and advisory services for financial institutions, with a specific focus on Trustworthy AI and algorithmic assurance. This includes evaluating emerging technologies and ensuring compliance for banking, investment, and alternative fund clients.",,PROVIDER,2026-09-12T01:17:18,6.76
deloitte.com__us_en_about_people_profiles-brittany-mcginley-3be3d493-html.md,llama3.1:8b,Former Head of Energy & Chemicals Operations,"As a seasoned consultant with almost 20 years of experience, I've led large, complex digital transformations for Fortune 50 companies. My expertise lies in bridging the gap between people, products, and businesses across the value chain, unlocking opportunities that drive growth.",,,"'- Developed M&A transactional evaluations and integrations worth $750 million to $2.5 billion.
- Demonstrated ability to distill actionable narratives for clients, identifying opportunities across the value chain.
- Led complex digital transformations that achieved desired outcomes.",PROVIDER,2026-09-12T01:17:25,5.89
deloitte.com__us_en_about_people_profiles-bryan-martin-47758200-html.md,llama3.1:8b,Former Head of Public Accounting & Industry Leader,"<p>I have 25 years of experience in public accounting, focusing on the intersection of healthcare and life sciences. As a seasoned industry professional, I've established myself as a trusted advisor for clients navigating complex merger and acquisition transactions.</p>",,,"'- Led a practice as national managing partner for Merger & Acquisition Life Sciences and Health Care Industry.
- Developed expertise in advising clients on mergers and acquisitions with specific knowledge of diligence, execution, integration, process improvement, strategy, and financial reporting because it allows me to pinpoint areas of inefficiency.
- Guided private equity and corporate clients through M&A transactions involving all areas of the healthcare Merger & Acquisition life cycle.",PROVIDER,2026-09-12T01:17:31,6.19
deloitte.com__us_en_about_people_profiles-bryant-huber-836e0186-html.md,llama3.1:8b,Former Head of Transaction Advisory & Industry Expert,"I have over 25 years of experience in private equity with a strong focus on delivering advisory services to both private equity firms and their portfolio companies. I excel at providing tailored support for complex transactions, leveraging my deep understanding of industry dynamics and market trends to help clients achieve their strategic objectives.",,,"'- Led a team across the end-to-end M&A lifecycle for multiple clients. - I created value for clients through transaction structuring, financial modeling, accounting due diligence, and more. - Conducted complex transactions as an advisor for Private Equity clients.",PROVIDER,2026-09-12T01:17:37,5.49
deloitte.com__us_en_about_people_profiles-brybarnes-cef0d37e-html.md,qwen3.8:27b,Consumer Products M&A Transaction Services Professional,"I have more than 22 years of experience in mergers and acquisitions, due diligence, and transaction services. Starting in 2002, I advised financial and strategic buyers and sellers on due diligence, deal structuring, and review of transaction documents. My work centered on consumer products, with additional experience across manufacturing, distribution, hospitality, and information technology. I led client engagements covering transaction work, including transactions ranging from $30 million to more than $13 billion. I am a licensed CPA.",M&A Due Diligence and Deal Structuring,"I provide M&A advisory support to financial and strategic buyers and sellers, including due diligence, deal structuring, and review of transaction-related documents, with particular experience in consumer products.",'- Led due diligence engagements for transactions ranging from $30 million to more than $13 billion.,PROVIDER,2026-09-12T01:17:43,213.38
deloitte.com__us_en_about_people_profiles-chad-deweese-acbfdd88-html.md,qwen3-vl:32b,Lead of sports strategy and analytics practice,"Specializes in sustainable growth strategies and transformational capability models for sports organizations. Designs new business models, opens revenue streams, and helps clients acquire necessary capabilities in the evolving sports landscape. Works with leagues and associations on fan engagement, go-to-market strategies, data-driven decision-making, data monetization, and long-range strategic planning.",Sports Strategy and Analytics Advisory,"Advisory services focused on developing sustainable growth strategies, transformational capability models, fan engagement strategies, go-to-market plans, data-driven decision-making frameworks, data monetization, and long-range strategic planning for sports organizations.","'- Developed fan engagement and revenue-growth strategies for leagues and associations by improving understanding of fan demographics and behaviors.
- Created go-to-market strategies for new product offerings in the sports sector, supporting client innovation and market entry.
- Transformed organizations into data-driven decision-makers by implementing analytics frameworks and data monetization strategies.",PROVIDER,2026-09-12T01:21:16,13.07
deloitte.com__us_en_about_people_profiles-charmaine-wilson-4681e612-html.md,llama3.1:8b,Risk & Financial Advisory Principal,"I've had the privilege of leading controls innovation at a professional services giant for over 15 years, where I honed expertise across Internal Audit, External Audit, Regulatory Compliance, and SOX readiness. This experience has equipped me to navigate complex technology and media landscapes. My passion lies in marrying strategic vision with operational excellence.",,,"'- Developed SOX programs for various clients, streamlining their compliance processes.
- Conducted risk assessments, leveraging tool, data analytics, and RPA to enhance organizational efficiency. I also executed strategic audits.
- Led compliance program buildouts with significant impacts on assurance activities",PROVIDER,2026-09-12T01:21:29,6.38
deloitte.com__us_en_about_people_profiles-china-widener-98060309-html.md,qwen3.8:27b,"US Technology, Media & Telecommunications Strategy Advisor specializing in Agentic AI","I focus on the future of the technology, media, and telecommunications industry, with particular interest in Agentic AI, including intelligent systems capable of autonomous decision-making and their enterprise impact. I help organizations unlock Agentic AI to accelerate innovation, improve operational efficiency, create new competitive advantage, and maintain trustworthy AI. I co-authored articles on AI, enterprise technology frameworks, delivery model analysis, and closing the talent gap. I also provide speaking and facilitation services. I served as a vice chair and US technology, media, and telecommunications leader at a professional services firm and served on a US board of directors.","Agentic AI and Technology, Media & Telecommunications Strategy Advisory","I advise on the future of technology, media, and telecommunications, with a focus on Agentic AI, autonomous decision-making systems, enterprise technology frameworks, delivery model analysis, talent gap closure, innovation, operational efficiency, competitive advantage, and trustworthy AI.",,PROVIDER,2026-09-12T01:21:36,378.02
deloitte.com__us_en_about_people_profiles-chris-noyes-23d151bc-html.md,qwen3.6:35b,Transforming Supply Chains with AI-Driven Analytics for Peak Efficiency,"I specialize in solving critical supply chain challenges using advanced analytics and cognitive technologies. My approach leverages machine learning, natural language processing, and computer vision to address issues like poor on-time delivery, high cost of quality, and low asset efficiency. With a background in defense intelligence and enterprise consulting, I lead cross-functional teams to translate complex data into actionable business outcomes. I help top-tier brands and global enterprises unlock value, reduce costs, and improve operational resilience through tailored, intelligent supply chain solutions.",Supply Chain Transformation & AI Analytics,"Design and implementation of AI-driven supply chain solutions, including analytics control towers, automated warranty monitoring, and smart factory modules using machine learning and computer vision to improve efficiency and reduce costs.","'- Created an analytics control tower for Chipotle's 3,000 restaurants to optimize supply chain operations.
- Designed automated warranty claim monitoring solutions processing over 100,000 claims daily.
- Developed reusable analytics modules for Smart Factory projects, accelerating project turnaround across multiple engagements.",PROVIDER,2026-09-12T01:27:54,4.49
deloitte.com__us_en_about_people_profiles-chris-smith-4d8f159c-html.md,llama3.1:8b,Audit & Assurance Partner,"I have over 20 years of experience working with major banking and capital markets clients to provide bespoke Audit & Assurance Advisory solutions. With a strong background in corporate governance, risk management, mergers and acquisitions, and complex accounting matters, I excel at uncovering valuable insights that inform business decisions.",Audit & Assurance Advisory,,"'- Evaluated the use of data from operations,",PROVIDER,2026-09-12T01:27:58,5.5
deloitte.com__us_en_about_people_profiles-chris-thomas-734a3247-html.md,qwen3.8:27b,Former Principal & Hybrid Cloud Infrastructure Strategy and Transformation Leader,"I served as a principal at a global professional services firm and led the hybrid cloud infrastructure offering. For close to 25 years, I delivered global, cross-industry strategy consulting and transformation across hybrid cloud, AI data center, and core technology infrastructure. My focus included large-scale technology transformations, cloud-centric operating models, strategic cost optimization, global outsourcing programs, and workforce-of-the-future initiatives. In Chicago, I designed and implemented technology infrastructure strategies that supported scalable, future-ready operations.",Hybrid Cloud Infrastructure Transformation Advisory,"I offer advisory to shape and implement large-scale hybrid cloud and AI data center infrastructure transformations, including cloud-centric operating models, strategic cost optimization, global outsourcing programs, and workforce-of-the-future initiatives.",,PROVIDER,2026-09-12T01:28:04,162.9
deloitte.com__us_en_about_people_profiles-christian-grant-3b4dbdb-html.md,qwen3-vl:32b,"Principal in Power, Utilities and Renewables Consulting","I am a principal with over 10 years of management consulting experience, specializing in the power, utilities, and renewables sector. I work with clients on strategic and operational challenges, delivering smart operational solutions that address regulatory, technological, and consumer shifts. My projects include operational improvement, business transformation, M&A, and greenfield strategy design.",Power and Utilities Strategy & Operations Consulting,"Designs and delivers operational solutions for power, utilities, and renewables clients, addressing regulatory, technological, and consumer shifts. Services include operational improvement, business transformation, M&A advisory, and greenfield strategy development.",,PROVIDER,2026-09-12T01:30:47,7.05
deloitte.com__us_en_about_people_profiles-christopher-ahn-93fecae4-html.md,qwen3.6:35b,Automotive Software and Digital Enablement Leader,"I lead a major consulting firm's US software-defined vehicle practice, focusing on automotive OEMs, suppliers, and dealers. I specialize in driving digital enablement from concept through operationalization. I bring extensive experience in designing and engineering emerging technology solutions for scaled adoption with a focus on streamlined customer experience. I serve on the firm's US Automotive Leadership Team.",Software-Defined Vehicle Strategy and Implementation,"I design and engineer emerging technology solutions for automotive clients. I drive digital enablement strategies from initial concept through operationalization. I enhance customer experiences for OEMs, suppliers, and dealers through scalable technology adoption.",,PROVIDER,2026-09-12T01:30:54,3.37
deloitte.com__us_en_about_people_profiles-ckwilson-4681e612-html.md,llama3.1:8b,Former Head of Risk & Financial Advisory Principles,"I've developed a strong background in risk management, financial advisory services, and audit strategies. I've worked with technology and media clientele to provide expertise on system implementations, transformations, and organizational changes. My experience enables me to understand complex business challenges and develop targeted solutions.",,,"'- Spearheaded SOX program development and led global efforts for a professional services firm.
- Assisted businesses in implementing assurance by design control principles as part of system implementations, transformations, and organizational changes.",PROVIDER,2026-09-12T01:30:57,14.41
deloitte.com__us_en_about_people_profiles-cmacfarlane-ffbb7d6b-html.md,qwen3.6:35b,"Managing Director specializing in Insurance Data Modernization, AI, and Cloud Strategy","I am a Managing Director with over 24 years of experience advising property-casualty and group life and health insurers. I lead data engineering and operations practices, specializing in establishing and executing data modernization programs. My work encompasses cloud migration, AI integration, governance frameworks, master data management, analytics, and data DevOps implementations. I focus on building scalable infrastructure that drives strategic growth and operational efficiency for clients navigating complex digital transformations in the insurance sector. I enjoy solving hard problems with clean data solutions",Insurance Data Modernization Advisory,"Advisory services guiding insurers through data modernization initiatives, including the design and execution of cloud architectures, AI integration strategies, and data DevOps pipelines. The offering covers governance, master data management, and analytics infrastructure to support operational efficiency and strategic growth.",,PROVIDER,2026-09-12T01:31:11,3.81
deloitte.com__us_en_about_people_profiles-cpuglia-1b5f6dc7-html.md,qwen3.8:27b,Tax Transformation and AI Strategy for M&A Confidence,"I help executive teams manage tax complexity, sharpen M&A decisions, and modernize global tax operations. Over more than 25 years, I advised banks, asset managers, insurers, and real estate organizations on mergers and acquisitions, cross-border tax strategy, and enterprise-wide tax transformation. I guided more than 6,000 tax professionals serving Fortune 500 and multinational clients, shaping AI strategy and modern operating models. My work moves tax functions from legacy processes to technology-driven, agile structures, so leaders can act with greater speed and confidence.",Tax Transformation and AI Strategy Advisory,"I advise executives on mergers and acquisitions, cross-border tax strategy, and enterprise-wide tax transformation. I design and implement modern tax operating models that move functions from legacy processes to technology-driven, agile structures, including AI strategy for tax functions.",,PROVIDER,2026-09-12T01:31:15,163.93
deloitte.com__us_en_about_people_profiles-crystal-andersen-50b62fae-html.md,qwen3-vl:32b,"Partner in Risk & Financial Advisory, Finance Transformation for Investment Management","With over 20 years of experience, I advise finance and operations executives in financial services on transforming finance functions. My expertise includes target operating models, finance modernization, automation, risk management, global reporting alignment, M&A integration, and accounting for complex investment products. I’ve supported clients across mutual funds, hedge funds, private equity, broker-dealers, and investment managers, assisting with lifecycle transactions such as IPOs, acquisitions, and restructuring.",Finance Transformation Advisory for Investment Management,"Advises on transforming finance functions for investment management firms, including designing target operating models, finance modernization and automation, risk management, global financial reporting alignment, M&A diligence and integration, and accounting for complex products such as mutual funds, hedge funds, and private equity funds.",,PROVIDER,2026-09-12T01:33:59,8.85
deloitte.com__us_en_about_people_profiles-daniel-soo-50ed6794-html.md,llama3.1:8b,Risk and Financial Advisory Specialist,"I provide strategic guidance to complex financial entities on improving their technology, operations, and risk management frameworks. My experience in the sector enables me to identify areas for reform and implement holistic solutions.",,,"'- Led engagements for large financial institutions to address strategic and regulatory challenges.
- Implemented reporting and oversight efforts as part of client operations and risk management upgrades.",PROVIDER,2026-09-12T01:34:08,5.31
deloitte.com__us_en_about_people_profiles-dbuelow-1196c6c5-html.md,llama3.1:8b,Global Location Strategist,"With a background in guiding multinational corporations with their facility and talent deployments worldwide, I help organizations optimize their locations to achieve business objectives. My expertise spans site selection, lease negotiations, and facility operations optimization.",,,"'- Guided hundreds of major corporations with the deployment of talent, facilities, and equipment around the world.
- Led footprints of global Fortune 500 companies in optimization of real estate and economic development.
- Successfully advised on location strategy and footprint optimization for numerous global clients.",PROVIDER,2026-09-12T01:34:13,5.1
deloitte.com__us_en_about_people_profiles-deoconnell-3c5a56f5-html.md,qwen3.8:27b,"Consumer commercial transformation consulting for brand strategy, loyalty, revenue growth management, and digital experience","I offer advisory and transformation support for consumer brands in restaurants, travel, hospitality, automotive, and consumer products. I help executive teams align strategy, loyalty, revenue growth management, and digital experience so ambitious commercial goals become measurable impact. My approach combines insights, design, and technology to connect customer value, revenue growth management, and execution. I focus on the United States market, where growth depends on coherent commercial and digital decisions. I deliver transformation support that helps leaders connect strategy to customer experience, loyalty, and measurable outcomes.",Consumer commercial transformation consulting,"I provide advisory and transformation support for consumer brands in restaurants, travel, hospitality, automotive, and consumer products. I help align strategy, loyalty, revenue growth management, and digital experience, using insights, design, and technology to support growth and measurable outcomes in the United States market.",,PROVIDER,2026-09-12T01:34:18,167.53
deloitte.com__us_en_about_people_profiles-derek-snaidauf-507f6040-html.md,qwen3-vl:32b,Operational Excellence Market Offering Leader,"A Partner with over 25 years in management consulting, specializing in artificial intelligence, operational excellence, and risk management. Leads the firm’s Operational Excellence Market Offering and AI Risk Management & Governance services. Advises global clients on strategy, governance, process improvement, and digital transformation. Prior experience at IBM and PwC, with expertise in detecting and preventing risk events including supply chain disruption and product safety issues.",Operational Excellence and AI Risk Management Advisory,"Advisory services in operational excellence, AI risk management, governance, and digital transformation. Includes strategy development, process improvement, and implementation of AI and GenAI solutions across industries to detect and prevent risk events such as supply chain disruption and product quality issues.",,PROVIDER,2026-09-12T01:37:06,11.41
deloitte.com__us_en_about_people_profiles-deron-weston-caf32d3d-html.md,llama3.1:8b,Sales Excellence Strategist | US Sales Leader,"I develop and execute the firm’s overall sales excellence strategy, guiding teams in making informed decisions that drive business growth. With over 20 years of experience at this firm, I’ve advised banking clients on key initiatives to advance their goals.",,,"'- Led strategic initiatives for domestic and international banking clients, including channel strategy, and M&A operational integration. This involved implementing complex system solutions that addressed the clients’ business needs.
- Designed the credit underwriting process for clients to meet regulatory requirements, thereby reducing the risk of non-compliance. It ensured a unified approach across all client portfolios.
- Unified capabilities serving the firm’s financial services client portfolio as US Financial Services Industry Leader.",PROVIDER,2026-09-12T01:37:17,6.72
deloitte.com__us_en_about_people_profiles-dhajmera-bcf5086c-html.md,llama3.1:8b,Financial Services Auditor & Assurance Advisor,"I have over 20 years of experience in providing audit, accounting, and assurance services to financial services clients. I'm well-versed in US GAAP and IFRS, and I've led numerous audits and related projects for large and mid-sized clients. My expertise spans a wide range of technical areas, including purchase price allocation and fair value concepts.",,,"'- Led audits for several clients in the US and globally. And then what happened? The results showed significant improvements in financial report accuracy. - Implemented new revenue and lease accounting standards for multiple clients under US GAAP and IFRS.
- Conducted M&A due diligence, finance transformation, and Sarbanes-Oxley Compliance projects.",PROVIDER,2026-09-12T01:37:24,7.18
deloitte.com__us_en_about_people_profiles-diana-kearns-manolatos-190b902d-html.md,qwen3.8:27b,Digital transformation research and subject-matter specialist for the United States market,"I brought senior management and subject-matter expertise to digital transformation, with work centered on the United States market. I led and coordinated global digital transformation research from a research center, and I provided subject-matter expertise and research leadership on digital transformation topics. I supported a consulting and research practice within a global professional services setting. Based in New York, my focus was leading and coordinating global digital transformation research and providing subject-matter support for the US market focus.",Digital Transformation Research,"I can provide subject-matter expertise and research leadership on digital transformation, with a focus on the United States market and support for a consulting and research practice.",,PROVIDER,2026-09-12T01:37:31,189.4
deloitte.com__us_en_about_people_profiles-diparikh-7d254f53-html.md,qwen3.8:27b,Product Development Strategy and Operational Improvement Advisor,"I have more than 16 years of experience supporting large global companies in product development strategy and operational improvement. I have worked with clients in aerospace defense, industrial products, automotive, hi-tech, and life science, helping them reduce time-to-market, increase development efficiency, lower product cost, improve quality, strengthen product portfolios, and increase profitability. My product development and operational improvement work delivered more than $500 million in client value across these industries.",Product Development Strategy and Operational Improvement Advisory,"Advising large global companies in aerospace defense, industrial products, automotive, hi-tech, and life science on product development strategy and operational improvements to reduce time-to-market, increase development efficiency, reduce product cost, improve product quality, enhance product portfolios, and increase profitability.","'- I delivered more than $500 million in value to clients in aerospace defense, industrial products, automotive, hi-tech, and life science.",PROVIDER,2026-09-12T01:40:41,163.2
deloitte.com__us_en_about_people_profiles-dkrishna-fef04343-html.md,llama3.1:8b,Former Global CTO for Sustainability & Climate,"I have spent over 25 years helping clients apply new technology to drive transformative business changes. With expertise in big data, advanced analytics, AI, cloud, and cyber security, I bring a unique ability to set technology visions that inform business strategy. As a seasoned leader, I've developed a strong track record of delivering effective solutions that achieve tangible results.",Technology Vision & Engineering Solutions,My expertise enables me to offer technology vision and engineering solutions tailored to help clients apply new and disruptive technology for transformative business outcomes.,"'- I led a large analytics systems implementation for banking clients at Teradata Corporation, resulting in significant process improvements. 
- With government agencies, I played a key role in driving regulation and transparency initiatives. I provided expert testimony to the United States Congress, contributing valuable insight to policy decisions.
- By publishing and quoting on robotics, AI, risk information, and risk architecture, I deepened my knowledge in these areas.",PROVIDER,2026-09-12T01:43:24,17.5
deloitte.com__us_en_about_people_profiles-dlittmann-91c7ffec-html.md,llama3.1:8b,Principal & Industry Leader,"As a seasoned expert, I've spent years helping telecommunications clients accelerate product launches and define growth strategies that drive success in a dynamic market. My passion lies in staying ahead of the curve and pinpointing opportunities to propel businesses forward.",,,"'- Led primary research efforts on the evolving digital ecosystem and its impact on wireless and wireline network providers. This not only broadened my understanding of cutting-edge trends but also enabled clients to make informed decisions.
- Presented research on growth strategies for clients within the telecommunications industry, receiving recognition for the tangible impact this had on their business outcomes.
- Developed flexible strategies for accelerating product launches in a rapidly changing environment.",PROVIDER,2026-09-12T01:43:41,5.97
deloitte.com__us_en_about_people_profiles-drosshirt-43561ebe-html.md,qwen3.8:27b,"Retirement Services Strategy that Clarifies Costs, Strengthens Reporting, and Improves Customer Experience","For more than 25 years, I have developed business and product strategies for retirement services companies. I have advised retirement services organisations on business models, product strategy, and operational improvements, while helping clients strengthen reporting, service delivery, and competitive positioning. I have supported complex, organisation-wide strategic changes through operating model review and design, competitive benchmarking of fees, costs, and services, and transformation initiatives focused on cost transparency, management reporting, and customer experience.",Retirement Services Strategy and Operating Model Advisory,"Advisory for retirement services businesses on business and product strategy, operating model review and design, competitive benchmarking of fees, costs, and services, and transformation initiatives for cost transparency, management reporting, and customer experience.",,PROVIDER,2026-09-12T01:43:47,125.04
deloitte.com__us_en_about_people_profiles-dsimmonds-5fed877c-html.md,qwen3.6:35b,Principal specializing in investment & wealth management solutions,"I advise asset and wealth managers on operating model transformation and technology implementation to modernize core operations. With deep expertise in front and middle office transformation, platform selection, and trading integration, I help firms navigate complex operational challenges. My focus lies in driving insourcing or outsourcing strategies, enhancing data management, and implementing robust reporting solutions. I partner with clients to increase operating value through strategic insight and technical precision across both traditional and alternative asset classes.",Investment & Wealth Management Transformation Advisory,"Advisory services focused on modernizing investment and wealth management operations through operating model redesign, technology platform assessment, and integration of trading and reporting systems for asset and wealth managers.",,PROVIDER,2026-09-12T01:45:52,6.47
deloitte.com__us_en_about_people_profiles-elizabeth-ellerhorst-ac25c67a-html.md,qwen3.6:35b,Senior Sports Strategy Executive & Industry Leader,"I am a Senior Manager specializing in the intersection of sports and marketing strategy. With over 10 years of experience in strategy consulting, I assist leagues, Olympic properties, and National Governing Bodies in addressing complex business challenges. My primary focus involves helping sports organizations translate fan insights into deeper engagement and sustainable revenue growth, while also leading initiatives to advance women's sports.",Sports Strategy and Marketing Advisory,"Providing strategic consulting to sports leagues, Olympic properties, and National Governing Bodies to solve business challenges. Services include translating fan insights into deeper audience engagement and driving sustainable revenue growth through marketing strategy.",,PROVIDER,2026-09-12T01:45:59,3.25
deloitte.com__us_en_about_people_profiles-eric-fox-1cfb4503-html.md,qwen3.8:27b,US Investment Management Tax Advisor,"I provide tax guidance for US investment management clients on local, state, federal, and international tax rules. My work focuses on the tax rules that apply to domestic and cross-border operations in the sector. I led a team of professionals serving the investment management sector, and I oversaw overall strategy and offerings for that sector. I advise on a broad range of tax matters, including navigating local, state, federal, and international rules.",Investment Management Tax Services,"I provide tax services and guidance on navigating local, state, federal, and international tax rules for US investment management clients.",,PROVIDER,2026-09-12T01:46:02,179.66
deloitte.com__us_en_about_people_profiles-eric-rubin-73401084-html.md,qwen3-vl:32b,"Audit Partner, Real Estate & REIT Sector Leader","An audit partner with over 23 years of experience specializing in real estate, asset management, and specialty finance. Leads the firm’s US REIT practice and Tri-State real estate audit practice. Previously served as US mortgage REIT leader and worked in the Securitization Transactions group, managing cash flow structuring for CMBS, CRE CDOs, and after-tax residuals, including payment waterfalls and prepayment scenarios.",Real Estate and REIT Audit Advisory,"Provides audit and advisory services for real estate and REIT clients, including SEC reporting, transaction-related audit support, and structuring of complex securitization transactions such as CMBS and CRE CDOs, with focus on cash flows, payment waterfalls, and default scenarios.","'- Led the firm’s US REIT practice and Tri-State real estate audit practice, overseeing audit services for major real estate clients.
- Served as US mortgage REIT leader, managing audit and related services for mortgage REIT clients nationwide.
- Managed cash flow structuring for CMBS, CRE CDOs, and after-tax residuals in the firm’s Securitization Transactions group, including payment waterfalls and prepayment scenarios.",PROVIDER,2026-09-12T01:49:02,12.09
deloitte.com__us_en_about_people_profiles-erik-dilger-da5d56cd-html.md,qwen3.6:35b,Managing Director specializing in M&A Digital Transformation and Gen AI,"With over 25 years in consultative services, I specialize in M&A digitization, knowledge management, and forensic accounting. I help clients drive digital transformation strategy and implementation across finance and analytics sectors. My approach integrates tactical behavioral assessment methods to support complex forensic investigations, ensuring rigorous due diligence and operational efficiency.",M&A Digital Transformation and Gen AI Advisory,"Strategic leadership and implementation of generative AI solutions and digital transformation frameworks within the end-to-end mergers and acquisitions lifecycle. Services encompass digitizing M&A processes, optimizing knowledge management systems, and integrating advanced analytics to enhance deal value and operational efficiency for clients.",,PROVIDER,2026-09-12T01:49:14,3.73
deloitte.com__us_en_about_people_profiles-evert-gruyaert-b8042b15-html.md,qwen3-vl:32b,Driving Organic Growth in US Restaurants & Food Service,"I help clients in the US restaurants and food service sector achieve commercial excellence through organic growth. With deep experience in global commercial transformations, I guide strategy to execution, leveraging enabling technology to deliver measurable results. Known for strong analytical and leadership skills, I focus on sustainable, client-driven outcomes.",Commercial Transformation Advisory,"Advisory services for commercial transformations in the restaurants and food service sector, covering strategy development, execution, and implementation of enabling technology to drive organic growth and commercial excellence.",,PROVIDER,2026-09-12T01:49:18,6.64
deloitte.com__us_en_about_people_profiles-famuratovic-bc05684b-html.md,qwen3-vl:32b,US AI and engineering strategy and services leader,"I led strategy and go-to-market activation for AI, data, engineering services, and industry solutions in the US. I also served as the Global Engineering leader, overseeing integrated software engineering services and product development capabilities worldwide. My work focused on aligning technical capabilities with client needs and market demands.",AI and Engineering Strategy Advisory,"I provide strategic leadership and go-to-market activation for AI, data, engineering services, and industry solutions. I oversee global software engineering services and product development capabilities.",,PROVIDER,2026-09-12T01:49:24,9.62
deloitte.com__us_en_about_people_profiles-garrett-obrien-5f2cea9-html.md,qwen3.6:35b,Risk & Financial Advisory Professional,"I bring over fifteen years of experience in risk and financial advisory, specializing in banking and capital markets. I partner with executive and board-level clients to navigate complex governance, controls frameworks, and business transformation. My focus is on driving operational redesign and technology implementation to enhance organizational resilience and regulatory compliance.",Banking Risk & Governance Advisory,"Executive advisory services for banking and capital markets clients, focusing on the development and evolution of governance models, controls frameworks, and full-scale business transformation initiatives. Includes operational redesign and technology implementation to mitigate risk and improve regulatory compliance.",,PROVIDER,2026-09-12T01:49:34,3.43
deloitte.com__us_en_about_people_profiles-gina-vargas-ef0d84ed-html.md,qwen3-vl:32b,"Former Principal in Finance & Enterprise Performance, Financial Services","With over 15 years of experience advising CFOs and finance organizations in financial services—particularly insurance—my focus is on transforming finance into a strategic business partner. I specialize in business process modernization, operating model redesign, data and technology solutions, and global finance transformation. I enable finance teams to drive value through analytics, operational efficiency, and end-to-end transformation programs.",Finance Transformation Advisory,"Advises senior finance executives on business process modernization, operating model redesign, data and technology solutions, global finance transformation, business finance and analytics, and expense management.",,PROVIDER,2026-09-12T01:49:37,6.82
deloitte.com__us_en_about_people_profiles-gprimeaux-8508247d-html.md,qwen3.6:35b,Secure Your Enterprise with Decades of Regulatory & Risk Expertise,"I bring over two decades of experience leading global regulatory, risk, and forensics functions for a Big Four firm. I advise boards and C-suite executives on strategic trends, governance, and enterprise risk management. My background includes leadership roles in US Fintech and Legal Transformation, plus prior regulatory expertise from the US Department of Treasury’s Office of Thrift Supervision. I help organizations bolster business strategy through effective risk operationalization and governance.",Regulatory Risk & Forensics Advisory,"Advising organizations on bolstering business strategy through effective risk, regulatory, and compliance operationalization. Services include strategic transformation of workforce and workplace, governance advisory for boards and C-suite leaders, financial services reform guidance, and oversight of forensics, investigations, and enterprise risk management functions.",,PROVIDER,2026-09-12T01:49:44,4.02
deloitte.com__us_en_about_people_profiles-gys-hyman-80d18cf9-html.md,qwen3.8:27b,Digital Banking and Financial Services Software Solutions Advisor,"I led a business unit that combined cloud-based software with an integrated technology ecosystem for for banks and insurers. I helped improve customer experience, expand product portfolios, acquire customers, lower acquisition costs, and strengthen technology return on investment. I co-led a digital banking suite to help institutions modernize and compete with fintech and challenger banks. I focused on scalable, consumer-centric solutions that supported digital transformation and better technology outcomes for financial services clients.",Digital Banking and Financial Services Software Advisory,"I advise banks and insurers on cloud-based digital banking and financial services software solutions, covering customer experience, product portfolio expansion, customer acquisition, acquisition-cost reduction, technology return on investment, and modernization to compete with fintech and challenger institutions.",,PROVIDER,2026-09-12T01:49:48,161.07
deloitte.com__us_en_about_people_profiles-igecasmccarthy-ad64c0f3-html.md,llama3.1:8b,"Governance, Risk Management, Compliance Specialist","My career background is steeped in driving business transformations across governance, risk management, and compliance - focusing on delivering solutions that are tailored to each client's needs. With extensive experience managing large-scale projects and providing expert guidance on regulatory matters, I deliver tangible value for stakeholders. My passion lies in navigating complex regulatory landscapes and crafting bespoke strategies that mitigate risks. Whether it's streamlining operations or enhancing risk management controls, my drive is always geared towards delivering concrete results.",,,"'- Led many large-scale, multiyear implementation, transformation, and remediation projects in governance, risk management, compliance, and bank operating models.
- Provided clients with assistance on regulatory, governance, compliance, risk management, and operational controls issues that allowed them to make informed decisions with a high degree of confidence. This often involved identifying gaps in their current practices and suggesting targeted interventions - sometimes even serving as an independent advisor.
- Reduced the impact of a significant change by building collaborative relationships with impacted stakeholders.",PROVIDER,2026-09-12T01:52:29,9.8
deloitte.com__us_en_about_people_profiles-jalangan-8182ccc6-html.md,qwen3-vl:32b,Partner in M&A Transaction Services,"With over 20 years in financial services, I specialize in M&A transaction advisory, focusing on the past 12 years. I led the East region managing partner role for Merger & Acquisition Transaction Services and served as the national industry leader for Financial Services. My work includes financial due diligence, transaction structuring, and cross-border transaction support for US clients.",M&A Transaction Advisory Services,"Provides financial due diligence, transaction structuring, and advisory support for cross-border M&A transactions, primarily for US clients in the financial services sector.",,PROVIDER,2026-09-12T01:52:39,6.56
deloitte.com__us_en_about_people_profiles-jamesbaker-966f3477-html.md,qwen3-vl:32b,"Principal in Strategy Practice, Financial Services and Real Estate","A principal in the firm’s Strategy practice with over 20 years of experience supporting financial services, real estate, and banking clients. Focuses on business model evolution, operating model configuration, and transformation initiatives. Leads the Real Estate Industry practice and advises on disruptive automation technologies and operational improvements.",Strategy and Transformation Advisory,"Advisory services focused on business model evolution, operating model configuration, and transformation initiatives for financial services and real estate clients. Includes integration of disruptive automation technologies and operational improvement programs.",,PROVIDER,2026-09-12T01:52:46,6.41
deloitte.com__us_en_about_people_profiles-jasmeet-gill-ea3f15ea-html.md,llama3.1:8b,Leader in Insurance Core Systems Transformation,"I lead a practice focused on core insurance systems transformation. I drive complex initiatives at large insurance organizations with a laser-like focus on technology-enabled business transformations. As a trusted advisor to client executives, I partner with teams to deliver end-to-end advisory services.",,,"'- Led high-impact strategic initiatives for large insurance organizations.
- Partnered with business and IT teams to deliver end-to-end technology advisory and implementation services.
- Successfully transformed core insurance operations and systems, including data integration and analytics, digital enablement via data-driven insights.",PROVIDER,2026-09-12T01:52:52,5.95
deloitte.com__us_en_about_people_profiles-jason-hunt-cf3f6747-html.md,qwen3-vl:32b,"Former Cyber & Strategic Risk Principal, Energy, Resources & Industrials","I was a principal in a professional services firm’s Cyber Risk Services practice, with over 15 years of experience advising clients in Energy, Resources & Industrials. I specialized in identifying and evaluating cyber risks across IT and operational technology environments, with a focus on Industrial Products & Construction and Energy & Chemicals. I led the development of OT assessment models and remediation approaches, and I hold certifications including GICSP, CISA, and CISSP. My expertise spans Industry 4.0 and IoT security, helping clients protect connected systems while improving operational resilience.",Cyber & Strategic Risk Advisory,"Advisory services focused on identifying and evaluating cyber and strategic risks in IT and operational technology environments for clients in the Energy, Resources & Industrials sector. Includes designing and implementing OT assessment models, remediation strategies, and security enhancements for connected systems in Industry 4.0 and IoT contexts.","'- Led the design and rollout of the firm’s operational technology (OT) assessment models and remediation approaches for multinational clients in Energy, Resources & Industrials.
- Developed advanced capabilities in Industry 4.0 and Internet of Things (IoT) security, focusing on securitization of connected systems to improve operational efficiency.
- Provided cyber risk advisory services to clients in Industrial Products & Construction and Energy & Chemicals sectors, evaluating complex business process environments.",PROVIDER,2026-09-12T01:52:58,14.32
deloitte.com__us_en_about_people_profiles-jason-marmo-99e80536-html.md,qwen3.8:27b,Financial Services Tax Advisor for Banking and Capital Markets,"I have 19 years of financial services experience and 23 years in tax, with a focus on US and global banking and capital markets. I led the US and global banking and capital markets tax function. I provided tax consulting, compliance, and tax accounting services to multinational banks, broker-dealers, investment managers, and fintech companies. I advised systemically important financial institutions on tax regulatory matters, including regulatory stress testing. I also spoke at industry conferences and represented a professional services tax firm to a bankers' association.",Financial Services Tax Advisory,"My services include tax consulting, compliance, and tax accounting for multinational banks, broker-dealers, investment managers, and fintech companies, plus tax regulatory advice for systemically important financial institutions subject to regulatory stress testing.",,PROVIDER,2026-09-12T01:53:12,126.31
deloitte.com__us_en_about_people_profiles-jay-khatwani-9309accf-html.md,llama3.1:8b,Ex-Managing Director,"I bring over 25 years of experience in the Financial Services sector, having developed and expanded large global banking relationships where accounts grew to over $200 million annually. My expertise combines technology and client understanding to design transformative programs. With a focus on driving business growth through innovative technological solutions, I am committed to helping organizations leverage technology as a differentiator",,,"'- Successfully grew global banking relationships by over $200 million annually
- Managed substantial P&Ls for more than a decade
- Designed transformative technology programs that position tech as a business differentiator",PROVIDER,2026-09-12T01:55:19,8.42
deloitte.com__us_en_about_people_profiles-jblo-681aaee0-html.md,qwen3.8:27b,"Healthcare Technology and AI Solutions Consultant for Revenue Cycle, Operations, and Financial Turnaround, with More Than 20 Years of Experience","I spent more than 20 years consulting to healthcare clients, focusing on AI solutions, revenue cycle management, technology optimization, outsourcing advisory, operating model transformation, and financial turnaround. I worked with sector leaders, account teams, ecosystem and alliance partners to address mission-critical operational and technology challenges. I also served in leadership roles for sales excellence, pursuit support, go-to-market initiatives, market offerings, and people development. My public health/social sciences degree and MBA support healthcare transformation and technology enablement.",Healthcare Technology and Operations Advisory,"Sector-specific business process and technology solutions for healthcare clients, covering revenue cycle management, technology optimization, outsourcing advisory, operating model transformation, and financial turnaround.",,PROVIDER,2026-09-12T01:55:27,208.18
deloitte.com__us_en_about_people_profiles-jeffhood-3721ee25-html.md,qwen3.8:27b,"Former Principal, Manufacturing Digital Transformation Consulting","I spent 24 years in manufacturing, working across automotive, heavy equipment, aerospace, and chemical industries. My work included a principal role at a global management consultancy. My experience spanned marketing, sales, retail, mobility, IT, and connected vehicle functions. I helped manufacturing clients create new business models and customer experiences using data, analytics, digital, mobile, and artificial intelligence technologies. I advised industrial clients on digitally enabled operating models, customer experience redesign, and the use of connected vehicle and advanced analytics capabilities. This background supported client work in digital transformation, operating models, and advanced analytics capabilities.",Manufacturing Business Model and Customer Experience Consulting,"I can help manufacturing clients create new business models and customer experiences using data, analytics, digital, mobile, and artificial intelligence technologies. I draw on experience in automotive, heavy equipment, aerospace, and chemical industries, as well as marketing, sales, retail, mobility, IT, and connected vehicle functions.",,PROVIDER,2026-09-12T01:58:55,159.95
deloitte.com__us_en_about_people_profiles-jekusters-bab070cd-html.md,llama3.1:8b,US Semiconductor Leader,"I'm a seasoned expert in market strategy, operational excellence, talent management, and technology solutions for the US semiconductor industry. With over 20 years of experience, I excel in delivering results that drive innovation and growth.",,,"'- Led initiatives with significant improvements in performance metrics.
- Provided expertise to help companies capitalize on technological change and address supply chain challenges.
- Advised chief executives on navigating market shifts, blending immediate business improvements with strategic transformation.",PROVIDER,2026-09-12T02:01:35,17.37
deloitte.com__us_en_about_people_profiles-jkoenigsknecht-2e244406-html.md,qwen3-vl:32b,"Energy, Resources & Industrials Industry Leader | M&A Transaction Services Partner","I have over 20 years of experience in M&A transaction services, focusing on the energy, resources, industrials, automotive, and aerospace & defense sectors. I specialize in buy-side and sell-side due diligence, carve-out financial statement preparation, and purchase accounting application. I have delivered hundreds of successful M&A transaction projects for buyers and sellers across industrial products globally.",M&A Transaction Advisory Services,"Provides buy-side and sell-side due diligence, prepares carve-out financial statements, and applies purchase accounting standards for M&A transactions in the energy, resources, industrials, automotive, and aerospace & defense sectors.",,PROVIDER,2026-09-12T02:01:57,7.44
deloitte.com__us_en_about_people_profiles-jkrikhaar-1452ba73-html.md,llama3.1:8b,Ex-High Technology M&A Leader,"I guide executive teams through the complex process of acquisitions, divestitures, and joint ventures in high tech. With 20 years of experience advising, I bring a unique understanding of synergy planning, capture, integration management, and strategy optimization to drive success. My work has allowed companies to thrive in an ever-changing landscape.",,,"'- Led complex M&A Integrations for Fortune 100 companies.
- Advised executive teams on synergy planning and capture.\n- Managed joint ventures and divestitures, focusing on strategy integration.",PROVIDER,2026-09-12T02:02:05,5.69
deloitte.com__us_en_about_people_profiles-jkusters-bab070cd-html.md,qwen3.6:35b,Principal specializing in semiconductor market strategy and supply chain transformation.,"I advise chief executives on market shifts, operational excellence, and technology solutions within the semiconductor sector. With over 20 years of experience, I guide leaders through the transition from linear supply chains to digital supply networks. My focus includes enterprise planning, talent management, and driving innovation to help technology companies capitalize on technological change.",Semiconductor Strategy and Supply Chain Advisory,"Advisory services for semiconductor CEOs focusing on navigating market shifts, implementing digital supply networks, and enhancing operational excellence through enterprise planning and technology solutions.",,PROVIDER,2026-09-12T02:02:10,3.22
deloitte.com__us_en_about_people_profiles-john-d-angelo-b748d7b7-html.md,llama3.1:8b,Real Estate Solutions Leader,I have experience helping the real estate industry transform and modernize their operations. My expertise lies in addressing operational complexities and creating value through optimized operating models.,Real Estate Transformation Advisory,My services focus on providing expert guidance for clients to improve their operational efficiency and achieve transformational change.,"'- Reduced operational complexity for a number of large real estate organizations through targeted process optimization.
- Enabled the design and implementation of optimized operating models for embedded real estate investment managers, resulting in value creation for their clients.
-I was responsible for leading innovation-driven engagement teams to deliver results.",PROVIDER,2026-09-12T02:02:13,10.84
deloitte.com__us_en_about_people_profiles-john-diasselliss-b9375b5b-html.md,qwen3-vl:32b,Former Head of Mining & Metals Advisory and Audit & Assurance Business Lead,"I am a principal with deep experience in the mining and metals sectors, advising senior leaders on strategic, operational, financial, and technology initiatives. My focus has been on risk management, emerging industry trends, and delivering measurable business value. I’ve helped clients strengthen their risk frameworks and improve organizational performance through targeted, results-driven advisory.",Mining & Metals Sector Advisory,"Advisory services for mining and metals organizations on strategic, operational, financial, and technology initiatives, including risk management, emerging trends, and business value realization.",,PROVIDER,2026-09-12T02:02:24,9.89
deloitte.com__us_en_about_people_profiles-joseph-desantis-3005722f-html.md,llama3.1:8b,Financial Services Expert,"I have more than 30 years of experience serving insurance and reinsurance clients. I lead our full portfolio of audit, assurance, and consulting services for insurance clients.","Audit, Assurance & Consulting Services","I deliver audit, assurance, and consulting services to insurance clients, drawing on my expertise from leading the firm's national sector leader role for insurance.","'- Reduced client satisfaction by leading a national team of auditors in delivering high-quality audit services to multiple insurance clients, ensuring timely completion and effective communication with clients.
- Successfully provided consulting services to reinsurance clients, identifying areas of improvement and implementing solutions to drive business growth.
- Awarded two top 50 most influential women in IT awards for their contributions to the development of innovative auditing and assurance practices.",PROVIDER,2026-09-12T02:02:34,18.83
deloitte.com__us_en_about_people_profiles-jprejean-7d13e3dc-html.md,qwen3.6:35b,Former Managing Director & Industry Leader in Accounting Transformation,"I spent decades navigating the complexities of capital markets, specializing in high-stakes accounting and reporting transformations. I provided strategic advisory, rigorous accounting consultation, and comprehensive audit support for clients’ transaction-related accounting, risk management, and process control issues. My career was defined by deep technical expertise in complex equity and debt transactions, derivatives, loans, securitization, mortgage servicing rights, structured finance, and consolidation. I actively monitored standard-setting activities to ensure compliance and precision. Now retired, I bring this extensive experience to guide your financial integrity needs.",Accounting & Reporting Transformation Advisory,"Advisory services covering accounting consultation and audit support for capital markets transactions. Includes technical guidance on complex equity/debt transactions, derivatives, loans, securitization, mortgage servicing rights, structured finance, and consolidation, alongside risk management and process control enhancements.",,PROVIDER,2026-09-12T02:02:53,6.83
deloitte.com__us_en_about_people_profiles-jrpearce-8f6c4e48-html.md,qwen3.6:35b,,"I offer over two decades of experience guiding clients through human-centric business transformations. I specialize in the Technology, Media, and Telecommunications sectors, advising C-Suite executives on large-scale initiatives to unlock enterprise value by reshaping workforces within the Future of Work context. My focus includes developing talent strategies and aligning workforce programs to business priorities. I previously served on the Board of Directors for the HR Certification Institute for a six-year term, bringing deep strategic insight to every engagement I undertake today",Human Capital as a Service,"Leading large-scale workforce transformation initiatives for C-Suite executives, specifically within the Technology, Media, and Telecommunications sectors. Services include reshaping workforces for the Future of Work, developing talent strategies, and aligning human capital programs to core business priorities to unlock enterprise value.",,PROVIDER,2026-09-12T02:03:00,3.83
deloitte.com__us_en_about_people_profiles-jstakel-d757196-html.md,qwen3-vl:32b,Strategy and M&A Leader in Investment Management,"With 20 years of experience in asset management, I led strategy and M&A for the Investment Management & Real Estate sector at a global professional services firm. I led engagements in strategic positioning, distribution strategy, and product development, with expertise across the M&A lifecycle from due diligence to post-merger integration. Previously, I held roles in portfolio management and private client wealth management at a major investment firm.",M&A and Strategy Advisory for Investment Management,"Advisory services covering strategic positioning, distribution strategy, product development, and full M&A lifecycle support including commercial due diligence and post-merger integration for investment management and real estate clients.",,PROVIDER,2026-09-12T02:03:04,7.62
deloitte.com__us_en_about_people_profiles-jucloud-8b4de01e-html.md,qwen3.6:35b,Senior Tax & Advisory for Investment Management,"With nearly 30 years of experience in Big Four professional services, I specialize in serving the global investment management sector. I provide tailored audit, tax, consulting, and advisory services to private equity, hedge funds, mutual funds, and sovereign wealth clients. My expertise covers complex tax planning and reporting for corporate fiduciaries, family offices, and privately held companies. I am dedicated to delivering precise, strategic solutions that navigate intricate regulatory landscapes while protecting client interests and optimizing operational efficiency.",Investment Management Tax and Advisory Services,"Strategic tax planning, reporting, audit, and advisory services tailored for private equity, hedge funds, mutual funds, and sovereign wealth clients.",,PROVIDER,2026-09-12T02:03:11,3.31
deloitte.com__us_en_about_people_profiles-kat-harwood-754cd6c6-html.md,qwen3.8:27b,Former Head of Sports Industry Transformation & M&A Advisory,"I advised sports businesses on strategy, digital transformation, and acquisitions, drawing on more than 20 years in the industry. I helped organisations address complex operating challenges, enhance fan experiences, and create new digital revenue streams. My work focused on turning strategic ambition into measurable value, from clarifying business priorities to executing value-creating initiatives in competitive markets. My business economics and MBA training helped me make transformation practical, durable, and commercially meaningful for the organisations I served.",Sports Transformation and M&A Advisory,"Advisory for sports businesses on large-scale digital transformation, acquisitions, fan-experience improvement, and revenue growth, helping organisations maximize value from digital enablement across operations.",,PROVIDER,2026-09-12T02:03:15,92.67
deloitte.com__us_en_about_people_profiles-kate-ferrara-d4d2b4ce-html.md,qwen3-vl:32b,"Vice chair and national sector leader for transportation, hospitality, and services","With over 25 years of risk management consulting experience, I have held leadership roles in the consumer industry and retail and consumer products sectors. I coordinated teams and led projects in internal audit, SOX 404 testing, IT security controls, and privacy initiatives to support clients with regulatory compliance. My work spans multiple industries and involves advising on risk and financial advisory matters.",Risk and Financial Advisory Consulting,"Provides consulting services in internal audit, SOX 404 testing, IT security controls design and implementation, and privacy and security initiatives to support regulatory compliance for clients in transportation, hospitality, and services sectors.","'- Led SOX 404 testing and IT security controls implementation for clients in the transportation and hospitality sectors.
- Coordinated cross-functional teams on internal audit and privacy initiatives to support regulatory compliance requirements.
- Served as national sector leader for transportation, hospitality, and services, advising clients on risk and financial advisory matters.",PROVIDER,2026-09-12T02:04:47,10.33
deloitte.com__us_en_about_people_profiles-kavitha-prabhakar-feb3e526-html.md,qwen3.8:27b,"Former Head of AI & Engineering Transformation, Industry Leader","I led technology-focused teams and client projects for more than 25 years, with a financial services emphasis. I advised public and private sector organizations on operations process improvement, data management implementation, investment planning, engineering deployment, and service excellence programs. I focused on technology transformation where software engineering intersects with AI and Generative AI. My work delivered improved financial performance and faster speed to market, while strengthening engineering practices, data capabilities, and AI adoption across complex business environments.",AI & Engineering Transformation Advisory,"I advise public and private sector clients on AI, data, and engineering initiatives, including operations process improvement, data management implementation, investment planning, engineering deployment, service excellence programs, and Generative AI software engineering, to improve financial performance and accelerate speed to market.","'- I earned recognition on a national business publication's Most Powerful Next Generation list.
- I earned a 2023 A-List award for supporting Pan-Asian professionals.",PROVIDER,2026-09-12T02:04:58,164.04
deloitte.com__us_en_about_people_profiles-keherod-16142d2e-html.md,qwen3.8:27b,ERP-Enabled Business Transformation and Client Engagement Strategy Advisor,"I advise C-suite leaders on ERP-enabled business transformations, focusing on strategy, program governance, and execution. I have 25 years of experience leading global ERP-enabled business transformations across industries. I served as US Chief Client Officer for a global professional services firm, where I led client engagement strategy and outcomes-oriented consulting across six industries and private equity businesses. I also led an industry practice focused on energy, resources, and industrials in the US. Earlier, I led SAP-related practice and alliance teams in the US.",Business Transformation Advisory,"I provide C-suite advisory on business transformation strategy, program governance, and execution for complex, ERP-enabled transformations, with a focus on SAP-based technologies and client outcomes.",,PROVIDER,2026-09-12T02:07:42,307.95
deloitte.com__us_en_about_people_profiles-kenneth-schulhof-733d7565-html.md,llama3.1:8b,Senior Tax Specialist & Industry Expert,"I bring over two decades of expertise in providing tax compliance and consulting services to prominent financial institutions and fintech firms. My forte lies in crafting tailored tax planning strategies, orchestrating return filings, and navigating state and local taxation complexities. With a deep understanding of the nuances facing large international businesses, I help clients optimize their tax structures, minimize liabilities, and capitalize on opportunities.",,,"'- Redesigned the workflow to cut processing time in a financial management system.
- Assisted international banks with audits in the US, tackling cross-border tax implications.
- Led strategies for clients operating between the US and Israel on cross-border taxation",PROVIDER,2026-09-12T02:12:51,7.06
deloitte.com__us_en_about_people_profiles-kevin-richards-2f074dce-html.md,qwen3-vl:32b,Audit & Assurance Leader in Financial Services,"Partner with over 20 years of experience leading audit and assurance for U.S. financial services clients. Specializes in multilocation audits, IPOs, capital market transactions, SEC reporting, acquisition due diligence, and accounting advisory. Served clients across real estate, investment management, and other financial sectors, and acted as a technical accounting resource for the U.S. Audit and Advisory practice.",Financial Services Audit & Assurance Advisory,"Provides audit and assurance services for financial services clients, including multilocation audits, IPO support, capital market transactions, SEC reporting, acquisition due diligence, and accounting advisory. Offers technical accounting expertise and guidance for complex financial reporting matters.",,PROVIDER,2026-09-12T02:12:58,7.97
deloitte.com__us_en_about_people_profiles-kinorton-763534f0-html.md,llama3.1:8b,Former US Cyber Innovation & Assets Leader,"I have had the privilege of leading AI-enabled transformations for a top US Cyber practice, overseeing their cyber innovation and assets portfolio to accelerate quantifiable results. I've advised executives on effective governance, control, and risk mitigation strategies for GenAI and emerging technologies. In my work with clients, I focus on modernizing infrastructure and cloud security to bolster digital transformation, supply chain revitalization, and faster time-to-market.",,,"'- Led a portfolio of AI-enabled transformations for the US Cyber practice, resulting in impactful outcomes.
- Successfully advised multiple executives on governance, control, issues with GenAI.
- Helped clients revamp their infrastructure and cloud security to bolster support for digital transformation.",PROVIDER,2026-09-12T02:13:06,7.23
deloitte.com__us_en_about_people_profiles-klobaugh-50fb3cd6-html.md,llama3.1:8b,Former Chief Futurist & Industry Leader,"I lead the firm's Consumer Industry and spearheaded research into the consumer industry's future. With over 25 years of experience, I work with top consumer companies to drive strategic perspectives and organizational change. My projects have evolved significantly since then, but one common goal has always been at their core: shaping a brighter future for consumers.",,,"'- Spearheaded the firm’s research into the Buying into betterTM future of the consumer industry
- Consulted on broad business-based strategy for innovative customer experiences, operational scalability, and return-on-investment
- Worked with many of the world’s largest consumer industry companies to drive strategic perspectives and organizational change",PROVIDER,2026-09-12T02:13:13,9.23
deloitte.com__us_en_about_people_profiles-kristin-korzekwa-98c0c41c-html.md,qwen3-vl:32b,Managing Director in Banking & Capital Markets Consulting,"Advised Retail & Commercial Banking clients on transformational opportunities impacting front-to-back operations, operating models, and cost structures. Previously spent 10 years in the financial services industry as a Retail Banker and Product/Portfolio Manager, bringing deep industry experience to client engagements. Focused on delivering strategic, actionable insights grounded in real-world banking operations.",Banking & Capital Markets Transformation Advisory,"Advises Retail & Commercial Banking clients on transformational opportunities affecting front-to-back business operations, operating models, and cost structures, leveraging deep industry experience from prior roles in financial services.",,PROVIDER,2026-09-12T02:13:22,7.26
deloitte.com__us_en_about_people_profiles-kulleni-gebreyes-90db6c1-html.md,llama3.1:8b,Industry Leader,"I lead a team driving digitally enabled innovation to shape the life sciences and healthcare industries, ensuring organizations have financially durable business models that improve health span and life span.",Digital Innovation Advisory,Market-shaping and digitally enabled innovation for life sciences and healthcare industry leaders.,"'- Led a team of professionals focused on advancing the business of science and health through market-shaping and digitally enabled innovation. This led to financially durable business models that have improved health span and life span.
- Oversaw the development, launch, and marketing of cutting-edge digital solutions across various organizations in the industry, resulting in significant improvements to their bottom line.
- Conducted thorough market analysis and developed strategies for leading clients, ultimately reducing costs and improving efficiency through optimized resource allocation.",PROVIDER,2026-09-12T02:13:30,13.92
deloitte.com__us_en_about_people_profiles-lauren-jackson-677f7391-html.md,llama3.1:8b,Financial Services Expert,"As a seasoned professional with expertise across various sectors, I've had the privilege of working with distinguished clients. My role has involved advising on diverse financial matters, including regulatory compliance and strategic planning for numerous investment vehicles.",,,"'- Reduced regulatory burden for registered investment companies through expert consultation on SEC Proposed ETF Rule.
- Provided in-depth financial reporting and accounting expertise to exchange traded funds.
- Served as trusted advisor, delivering bespoke strategy solutions",PROVIDER,2026-09-12T02:13:44,5.36
deloitte.com__us_en_about_people_profiles-lbalachander-dc6d9fdd-html.md,qwen3.6:35b,"Risk & Financial Advisory professional specializing in regulatory compliance, capital strategy, and credit risk.","I am a retired executive with extensive experience in large-scale risk transformation programs. My background focuses on capital strategy, Basel II/III Accords, and CCAR stress testing. I possess deep expertise in liquidity risk, mortgage reform requirements, and credit risk management for commercial, asset-backed, and securitized portfolios. My approach ensures robust risk infrastructure, comprehensive data management, and strict data governance to maintain regulatory adherence and operational resilience throughout complex financial cycles.",Regulatory Risk & Capital Strategy Advisory,"Advisory services for regulatory compliance, capital strategy, Basel II/III Accords, CCAR stress testing, liquidity risk, and credit risk management across commercial, asset-backed, and securitized portfolios.",,PROVIDER,2026-09-12T02:13:49,6.67
deloitte.com__us_en_about_people_profiles-li-shen-lee-d88ac0cc-html.md,qwen3.6:35b,General Manager of Sports Consulting Practice,"I lead a specialized sports consulting practice within a major global professional services firm, focusing on fan engagement and data strategy. I specialize in transforming how sports organizations leverage data insights to enhance fan relationships and drive revenue growth. By combining expertise in sports management with data-driven methodologies, I help clients make strategic decisions that improve the overall fan experience and create new revenue streams. My approach ensures that every interaction with fans is meaningful and valuable, fostering long-term loyalty and sustainable business growth for sports entities worldwide.",Fan Engagement and Data Strategy Consulting,"Strategic consulting services to help sports teams and leagues build stronger relationships with fans through data-driven engagement strategies. Includes transforming fan interaction models, leveraging data insights to inform decision-making, and creating new revenue streams by enhancing the overall fan experience.",,PROVIDER,2026-09-12T02:13:56,3.47
deloitte.com__us_en_about_people_profiles-libby-roop-89748f9a-html.md,qwen3.8:27b,Automotive Assurance Analytics Advisory,"I have more than 20 years of experience in serving global automotive organizations. My work has spanned warranty waste reduction, fraud detection, internal and external audits, compliance analytics, and data quality management. I have advised automotive finance companies and original equipment manufacturers on dealership network profitability, dealership audits, and warranty cost control. I have focused on improving information integrity and operational performance through analytic solutions that support process transformation across dealer networks.",Automotive Assurance Analytics Advisory,"Advisory support for automotive finance organizations and dealer networks on warranty waste reduction, fraud detection, dealership audits, compliance analytics, data quality management, and dealership network profitability.",,PROVIDER,2026-09-12T02:13:59,178.72
deloitte.com__us_en_about_people_profiles-lisa-walker-d25ce3e7-html.md,qwen3.6:35b,Supply Chain Strategy and Operations Transformation Consultant,"I help manufacturing, consumer, and retail clients drive financial and operational performance through targeted supply chain strategies. My background includes leading US Digital Supply Chain Strategy offerings and supporting broader supply chain practices within global professional services environments. I specialize in procurement transformation, global sourcing, and inventory optimization to deliver measurable cost reductions and efficiency gains.",Supply Chain and Operations Transformation,"Design and execution of supply chain strategy, procurement transformation, global sourcing strategies, and operating model design. Includes cost reduction initiatives, operational efficiency programs, and inventory management optimization for manufacturing, consumer, and retail clients to drive financial and performance improvements.",,PROVIDER,2026-09-12T02:16:58,3.5
deloitte.com__us_en_about_people_profiles-liz-fennessey-ff87aa51-html.md,qwen3.8:27b,"M&A Advisory Professional for Financial Services, Payments, Banking, and Technology","I have more than 10 years of merger and acquisition advisory experience across financial services, payments, banking, and technology. I have focused on complex divestitures, integrations, and joint ventures, covering pre-sign work, day-one readiness, cutover, post-merger integration, and separation. I have led planning and execution of transformational M&A transactions for retail banks, payment networks, and financial technology companies. I have also advised on transition service agreements and operating agreements, with experience in synergy analytics and stranded-cost avoidance, covering over $2B in total value. In 2018, I received an M&A industry emerging leader award.",M&A Advisory Services,"Advisory support for merger and acquisition transactions in payments, banking, and technology, covering pre-sign work, day-one readiness, cutover, post-merger integration, separation, transition service and operating agreement structuring, and synergy or stranded-cost analytics.","'- Led planning and execution of transformational M&A transactions for retail banks, payment networks, and financial technology companies.
- Advised on structuring, negotiating, and operationalizing transition service and operating agreements covering $2B+ in total value.
- Received an M&A industry emerging leader award in 2018.",PROVIDER,2026-09-12T02:17:01,217.42
deloitte.com__us_en_about_people_profiles-lou-romeo-73f57d4f-html.md,llama3.1:8b,Financial Services Expert,"I am a senior professional with over 20 years of experience in financial services, including domestic and international banks, broker-dealers, payment processing companies, fintech, and asset securitization. My areas of expertise include IPOs, SPAC's, preparedness, FDICIA, SEC reporting, credit review, taxes, valuation, and review of financial products.",,,"'- Led the firm’s US banking audit practice, which included responsibility for market strategy, eminence activities, and human resources management and development.
- Provided expertise to domestic and international banks, broker-dealers, payment processing companies, fintech, and asset securitization.
- Successfully delivered IPOs, SPAC's, and prepared clients for FDICIA and SEC reporting requirements.",PROVIDER,2026-09-12T03:00:16,17.35
deloitte.com__us_en_about_people_profiles-lsterrett-b2acc196-html.md,qwen3-vl:32b,"Vice Chair, US Clients & Industries Leader","With 25 years of consulting experience, I led client and industry strategy for a global professional services firm. I oversaw the client support model, cross-industry solutions, and thought leadership publishing. Previously, I led the national life sciences and health care consulting practice, focusing on innovation, technology, and creative problem-solving to address business challenges.",Client & Industry Strategy Advisory,"Advisory services focused on client engagement strategy, integrated industry solutions, and thought leadership development for global professional services firms. Includes oversight of client support models and innovation-driven consulting in life sciences and health care.",,PROVIDER,2026-09-12T03:00:36,6.84
deloitte.com__us_en_about_people_profiles-mamarchetti-54cde92f-html.md,qwen3.8:27b,Human Capital Application Management and Cloud Support Team Development Specialist,"I have 22 years of human capital application management experience, starting by managing large-scale PeopleSoft application and infrastructure outsourcing clients. My work focused on human capital application management services for client organizations. Beginning in 2012, I helped build an HCM cloud services practice and led teams servicing HCM cloud clients. I assisted client organizations in developing and standing up their HCM cloud application support teams, focusing on application support operations.",HCM Cloud Application Support Team Development,"I can help client organizations develop and stand up HCM cloud application support teams, based on 22 years of HCM application management and on experience managing large-scale PeopleSoft application and infrastructure outsourcing clients.",,PROVIDER,2026-09-12T03:00:43,236.92
deloitte.com__us_en_about_people_profiles-mark-wojteczko-fa03d2df-html.md,qwen3.8:27b,Real Estate Audit and Assurance Professional,"I bring more than 15 years of audit experience serving real estate investment advisors, fund managers, and REITs. My work has focused on fair value real estate funds, investment companies, and separate account entities. I have audited fair value real estate investments and debt instruments, executed multi-location audits, and coordinated valuation, tax, and capital market services. I also have experience in national real estate funds practice and with a real estate investment accounting committee, and I have contributed to industry conference discussions and accounting task forces.",Real Estate Audit Services,"I can provide audit services for real estate funds, investment companies, separate account entities, real estate investment advisors, fund managers, and REITs, including fair value real estate and debt instrument audits, multi-location audit execution, and coordination of valuation, tax, and capital market services.",,PROVIDER,2026-09-12T03:04:39,141.18
deloitte.com__us_en_about_people_profiles-masnoda-921b325c-html.md,llama3.1:8b,Expert Investment Advisory,"I have over 20 years of experience in public accounting and financial advisory services. I joined the group in 2002 as a dedicated M&A specialist, serving transactions in various sectors including banking, securities, and capital markets, amongst others. Currently, I lead the Transactions and M&A Advisory Services for Investment Management and Wealth Management sectors.",,"My expertise covers a broad range of areas including traditional and alternative asset managers, wealth managers, invest & wealth-tech businesses, broker/dealers, administrators, etc. I specialize in mergers and acquisitions advisory services.","'- Delivered $5 million engagement replacing an insurance policy administration system.
- Served as Transaction Leader for Investment Management and Wealth Management sectors, with a focus on various sectors including banking, securities, capital markets
- Have experience of over 20 years in accounting and financial advisory services.",PROVIDER,2026-09-12T03:07:01,23.58
deloitte.com__us_en_about_people_profiles-matt-maggiacomo-ec823b89-html.md,qwen3.8:27b,Former M&A Tax and Transaction Services Principal,"I served as an M&A tax and transaction services principal in a global professional services firm. I advised private equity sponsors and multinational corporations on acquisitions, divestitures, and acquisition structuring, with focus on cross-border deal structuring and foreign/US tax rules. Industry focus spanned technology and software, aerospace and defense, consumer, industrials, infrastructure, and professional services. I led practice initiatives to develop and adopt AI-enabled tools for tax due diligence and deal execution, and supported innovation across the tax practice. I practiced law, advising companies on merger, purchase, partnership and joint venture agreements, and tax receivable agreements.",M&A Tax and Deal Structuring Advisory,"Advising private equity sponsors and multinational corporations on acquisitions, divestitures, and acquisition structuring, including cross-border deal structuring, foreign and US tax rules, tax due diligence, deal execution, and AI-enabled tax due diligence tools.",'- Led the development and adoption of AI-enabled tools for tax due diligence and deal execution.,PROVIDER,2026-09-12T03:07:24,225.79
deloitte.com__us_en_about_people_profiles-mayank-pachigar-c64aaaea-html.md,qwen3-vl:32b,"Manager in Customer Practice, Industrial Products & Construction Sector","With nearly fifteen years of experience, I support clients in enhancing digital commerce and customer engagement strategies across B2B and B2C channels. I collaborate with multidisciplinary teams to implement front-end and commerce solutions for digital transformation within the Industrial Products & Construction sector of Energy, Resources & Industrials. My focus is on driving measurable improvements in customer experience and operational efficiency through strategic technology adoption.",Digital Commerce & Customer Engagement Advisory,"Advising clients on digital commerce and customer engagement strategies across B2B and B2C channels, implementing front-end and commerce solutions to support digital transformation efforts.",,PROVIDER,2026-09-12T03:11:10,10.13
deloitte.com__us_en_about_people_profiles-mdanitz-2369e20f-html.md,qwen3.8:27b,"Finance Transformation Advisor for CFOs in Technology, Media, and Telecommunications","I advised CFOs and finance teams across technology, media, and telecommunications as they modernised finance operations. I worked within a professional services consulting environment focused on finance and enterprise performance, helping leaders move from strategy to implemented capability. I identified transformation opportunities, designed digital solutions, and executed programs that delivered next-generation capabilities to finance. I embedded digital solutions so finance leaders could modernise their finance function with greater clarity and confidence.",Finance Transformation Advisory,"Support for CFOs and finance teams to identify, design, and execute finance transformation programs, including navigation and implementation of digital solutions across the finance function in technology, media, and telecommunications contexts.",,PROVIDER,2026-09-12T03:11:20,151.76
deloitte.com__us_en_about_people_profiles-mehdi-houdaigui-849e924a-html.md,llama3.1:8b,Cyber AI Leader,"I've helped organizations navigate complex risk scenarios and develop proactive measures to safeguard their businesses against threats. My experience has shown that anticipating evolving threats is crucial, and I've been able to position myself as a trusted advisor to numerous organizations and C-suite stakeholders by doing just that.",,,"'- Successfully guided organizations in navigating complex risk scenarios and devising proactive measures. This helped them avoid potential security breaches.
- Proved strategic acumen, anticipating and addressing evolving threats which allowed us to reposition our client's brand as security-focused.
- Elevated cybersecurity conversations, ensuring the protection of client businesses.",PROVIDER,2026-09-12T03:13:52,9.05
deloitte.com__us_en_about_people_profiles-mgattuso-49745074-html.md,qwen3.6:35b,Former Head of Regulatory Remediation & Compliance Strategy,"I bring over 25 years of specialized experience in financial services regulatory remediation, focusing on investment management and wealth compliance. I have successfully navigated complex regulatory investigations concerning sales practices, conflicts of interest, and fee billing. My expertise includes conducting forensic data analysis, calculating investor harm, and implementing critical regulations such as Reg BI and DOL. I excel at performing risk assessments and gap analyses against SEC and FINRA requirements. Additionally, I drive structural and operational improvements to modernize legal and compliance departments, ensuring robust adherence to evolving standards while enhancing overall organizational efficiency and integrity.",Regulatory Remediation and Compliance Advisory,"Conducting large-scale remediation projects including forensic and data analysis, calculating investor harm, and implementing regulations like Reg BI and DOL. Services also include risk assessments, gap analyses against SEC and FINRA requirements, and advising on legal and compliance department modernization and efficiency.",,PROVIDER,2026-09-12T03:14:01,4.26
deloitte.com__us_en_about_people_profiles-micah-bible-cf715d85-html.md,llama3.1:8b,Senior M&A Advisor,"As a seasoned professional with over two decades of experience in public accounting, I possess expertise in Merger & Acquisition Services. This specialization has given me a unique understanding of the intricacies involved in financial transactions and post-acquisition integration.",Mergers and Acquisitions Advisory,"Financial due diligence, deal structuring, financial modeling, contract and financing issues, and post-transaction integration matters.","'- Conducted financial due diligence on over $30 billion in public company mergers and hundreds of acquisitions of single assets valued at $50 million.
- Led Infrastructure M&A Advisory Practice in the US with experience in Energy and Infrastructure industries. During this tenure, I successfully secured a major deal for one client which resulted in significant cost reductions through streamlined processes.
- Provided deal negotiation support, assistance with drafting purchase agreements, and post-transaction integration matters.",PROVIDER,2026-09-12T03:14:05,6.55
deloitte.com__us_en_about_people_profiles-michael-luk-204866c2-html.md,qwen3.8:27b,"Former CTO and Dean of an AI Training Academy, AI and Data Science Leader","I spent more than a decade in machine learning, deep learning, and enterprise AI, with a focus on building and integrating large-scale models, frameworks, and solutions designed to deliver measurable return on investment. I served as dean of a professional services firm's AI training academy, where I educated and reskilled a global workforce through immersive training for digital-economy capabilities. As CTO of a recently acquired data science and engineering practice, I led a team of data scientists, engineers, and managers to deliver practical client solutions.",Enterprise AI and Data Science Advisory,"Advisory services include designing, building, and integrating large-scale enterprise AI, machine learning, and data science models, frameworks, and solutions; providing data science and engineering team leadership; and delivering immersive workforce reskilling programs.",,PROVIDER,2026-09-12T03:14:12,172.24
deloitte.com__us_en_about_people_profiles-michelle-gauchat-e6c7d12a-html.md,qwen3-vl:32b,"Principal, US banking and capital markets leader","I advise regional and global banks on strategic issues including channel strategies, digital modernization, payments product development, post-merger integrations, and operating model transformations. As a former banker, I bring deep expertise in technology and digital transformation within financial services. I focus on delivering actionable insights that drive measurable outcomes for clients.",Banking and Capital Markets Advisory,"Advising banks on strategic issues including channel strategies, digital modernization, payments product development, post-merger integrations, and operating model transformations.",,PROVIDER,2026-09-12T03:17:04,9.75
deloitte.com__us_en_about_people_profiles-prasad-yarlagedda-49655a82-html.md,qwen3.8:27b,Former Principal Consultant & Public Sector Digital Transformation Leader,"I bring more than 25 years of industry and consulting experience in technology-driven business transformation, customer strategy, and digital transformation for federal, state, county, and higher education clients. I previously served as a senior consultant and principal in a global professional services consulting practice, leading AI and engineering technology solutions for US government and public sector clients. I have focused on large-scale IT, business, and service delivery transformations that combine innovative technology with human-centered design to improve service value for stakeholders.",Public Sector Digital Transformation Consulting,"I design and implement technology-driven business transformation, customer strategy, and digital transformation for federal, state, county, and higher education clients, including large-scale IT and service delivery initiatives that combine innovative technology with human-centered design.",,PROVIDER,2026-09-12T03:17:14,120.28
deloitte.com__us_en_about_people_profiles-sally-ann-flood-e4f846d3-html.md,llama3.1:8b,US Real Estate Sector Leader,"I provide extensive services to large clients with operations in the United States and internationally. My experience spans leading projects including mergers and acquisitions transactions, registrations, business combinations, and complex valuations.",,,"'- Led the global real estate audit practice as part of the global financial services audit executive team.
- Provided extensive services to a large client with operations in the United States and internationally, including experience with mergers and acquisitions transactions, registrations, business combinations, and complex valuations.",PROVIDER,2026-09-12T03:19:14,9.11
deloitte.com__us_en_about_people_profiles-santosh-anoo-8e67aa15-html.md,qwen3.8:27b,Former US Telecom Strategy & Transformation Leader,"I spent more than 20 years in consulting and industry across the United States and Asia Pacific, working with communication service providers and telecom operators. I advised telecom operators on strategy development, operating model redesign, cloud transformation, digital distribution, and international market entry. I connected strategic planning with operational execution to improve performance in competitive markets. I delivered technology-enabled business model transformation, aligning growth initiatives with practical delivery needs for competitive telecom businesses.",Telecom Strategy & Transformation Advisory,"I offer advisory support on strategy development, operating model redesign, cloud transformation, digital distribution, and international market entry for communication service providers.",,PROVIDER,2026-09-12T03:19:23,93.64
deloitte.com__us_en_about_people_profiles-sarah-corrigan-bf00d7e7-html.md,qwen3-vl:32b,"Managing Director, Merger & Acquisition Services with ESG Specialisation","With over 15 years of experience, I advise clients on ESG risks, climate impacts, and value creation strategies within M&A transactions. My work spans Financial Services, Private Equity, Consumer, Energy, Industrials, and Technology. I have held leadership roles at a sustainability consultancy and a global environmental services firm, driving commercial growth and operational performance in North America.",ESG Integration for M&A Advisory,"Advising clients on embedding ESG factors into pre-deal and post-deal M&A activities, assessing ESG risks and opportunities, addressing climate change impacts, and developing sustainability-driven value creation strategies across Financial Services, Private Equity, and other sectors.","'- Led ESG for M&A consulting at a global professional services firm, advising clients on integrating sustainability into investment cycles.
- Served as Regional Service Leader for Corporate Sustainability at a global environmental services firm, driving commercial growth and operational performance across North America.
- Worked as a sustainability consultant at a firm later acquired by a global environmental services provider, contributing to ESG advisory services for clients.",PROVIDER,2026-09-12T03:20:57,14.52
deloitte.com__us_en_about_people_profiles-vbhat-4e56a510-html.md,qwen3.8:27b,Former Vice Chair & US Financial Services Industry Leader,"I served as a vice chair and US financial services industry leader at a global professional services firm, with more than 20 years of experience across systemically important banks, investment management firms, insurance companies, and private equity firms. I acted as a principal and collaborated with client service teams across sectors to develop multidisciplinary solutions for global financial institutions. I worked with these organizations to understand complex financial services environments and help them advance and achieve their goals through coordinated advisory and consulting support.",Financial Services Advisory,"Multidisciplinary advisory and consulting for global financial institutions, including systemically important banks, investment management firms, insurance companies, and private equity firms, to address complex organizational challenges and help clients achieve their goals.",,PROVIDER,2026-09-12T03:21:11,147.49
deloitte.com__us_en_about_people_profiles-wbraeutigam-ad6670b7-html.md,llama3.1:8b,US Capital Markets Transactions Leader,"As a seasoned leader in US capital markets transactions, I possess extensive experience with venture capital and private equity. My expertise enables me to guide clients through the complexities of public capital or debt markets, ensuring that companies seeking these resources achieve their goals. With my leadership skills and deep industry knowledge, I have helped numerous clients navigate the process of accessing the capital they need.",,,"'- Led a team serving hundreds of companies completing capital market transactions.
- Developed extensive venture capital and private equity experience, guiding clients through public capital or debt markets.
- Spearheaded Accounting & Reporting Advisory (ARA) offerings for companies seeking public capital or debt.",PROVIDER,2026-09-12T03:23:39,9.07
kpmg.com__us_en_our-team_b_brokmeier-rebecca-html.md,llama3.1:8b,Former Head of Corporate Finance & Industry Leader,"I've spent over 25 years serving clients across various industries, leading corporate finance efforts for deal advisory and strategy. My experience encompasses mergers and acquisitions, financings, fairness opinions, strategic assessments, and valuations.",Corporate Finance Advisory,,"'- Reduced client costs through renegotiation of complex contractual arrangements with key stakeholders.
- Led a $100k+ project to migrate services off mainframe unblocking Q3 releases.
- Delivered comprehensive financial analysis and investment advisory services.",PROVIDER,2026-09-12T03:59:28,10.34
kpmg.com__us_en_our-team_c_corbett-chrisanne-html.md,qwen3.8:27b,M&A and Private Equity Coverage Advisor for Diversified Industrials,"I have more than 20 years of corporate finance experience advising on mergers and acquisitions for diversified industrials, including test and measurement, HVAC, flow control, and building products. My experience includes corporate finance work at a global professional services firm. I advised large public, private equity, and leading private company clients on numerous domestic and cross-border transactions. I led a diversified industrials M&A team and co-led private equity coverage. My prior roles included middle market financing at a global investment bank and leveraged buyout financing for mid-market companies at a major investment bank.",M&A and Private Equity Coverage Advisory,"I provide M&A, cross-border transaction, and private equity coverage advisory for clients in test and measurement, HVAC, flow control, and building products.",,PROVIDER,2026-09-12T03:59:38,245.72
kpmg.com__us_en_our-team_g_guy-stephen-html.md,qwen3.8:27b,Corporate finance advisor for business services and cross-border transactions,"I have performed corporate finance advisory and execution work since 2001 for start-ups, privately owned, middle market, public, and very large companies across business services, technology, industrials, government contracting, engineering and construction, facilities management, transportation, aerospace and defense, and healthcare. I have handled these engagements, including mergers, acquisitions, divestitures, private equity investments, financings, business valuations, strategic assessments, and cross-border transactions involving companies based in Canada, Europe, Asia Pacific, and South America.",Corporate Finance Advisory,"I offer advisory and execution support for mergers, acquisitions, divestitures, private equity investments, financings, business valuations, and strategic assessments, including cross-border transactions.",,PROVIDER,2026-09-12T04:03:44,146.98
bain.com__de_our-team_graham-rose.md,qwen3-vl:32b,Head of Americas Private Equity Practice,"I advise institutional investors on strategic due diligence and portfolio improvement, focusing on growth, profit enhancement, and portfolio strategy. I have led over 800 diligence cases across industries, including energy, natural resources, and advanced manufacturing. My work also includes advising on firm strategy, operating models, and organizational effectiveness. Previously, I worked in investment banking and at a private equity firm, where I focused on M&A and equity/debt financing.",Private Equity Due Diligence & Portfolio Improvement Advisory,"Advisory services for institutional investors on strategic due diligence, portfolio improvement, firm strategy, operating models, and organizational effectiveness. Includes evaluation of growth prospects, profit improvement opportunities, and portfolio strategies across industries and asset classes.","'- Led over 800 due diligence cases for institutional investors across multiple industries, evaluating growth, profit improvement, and portfolio strategies.
- Advised private equity firms on firm strategy, operating models, and organizational effectiveness, working with clients globally and across asset classes.
- Worked as an associate at a private equity firm, managing client portfolio spanning media, technology, oil and gas, mining, and consumer products.",PROVIDER,2026-09-12T04:06:15,12.1
bain.com__de_our-team_kiki-yang.md,qwen3.6:35b,Private Equity Strategy and Due Diligence Leader,"I bring over 21 years of consulting and investment banking experience, specifically leading the Asia-Pacific Private Equity practice. My expertise spans due diligence, strategy, and operational improvement for private equity funds and portfolio companies. I guide global, regional, and local clients on fund positioning, fundraising, post-merger integration, commercial excellence, digital transformation, and corporate growth strategies across internet, technology, industrial goods, consumer products, and retail sectors. I focus on delivering tangible value through rigorous analysis and strategic execution.",Private Equity Strategy and Operational Improvement Advisory,"Strategic advisory for private equity firms and portfolio companies, covering fund positioning, differentiation, fundraising, organization governance, post-merger integration, operational improvement, commercial excellence, digital initiatives, and overall corporate growth strategies.",,PROVIDER,2026-09-12T04:06:27,3.73
bain.com__de_our-team_rebecca-burack.md,qwen3.6:35b,Former Global Private Equity Practice Leader & Management Consultant,"I bring 25 years of management consulting expertise to guide private equity investors and alternative asset managers through every stage of the investment lifecycle. My focus spans due diligence, value creation, deal origination, and exit planning. With deep sector knowledge in industrials, infrastructure, and construction, I drive commercial excellence, growth strategy, and performance improvement. My background includes manufacturing experience at International Paper, an MBA from Harvard Business School, and a BS in Operations Research and Industrial Engineering from Cornell University. I deliver actionable insights that enhance portfolio performance and secure long-term value for stakeholders.",Private Equity Due Diligence and Value Creation Advisory,"Strategic advisory services for private equity firms and alternative asset managers, covering market and company due diligence, post-acquisition value creation plans, and portfolio performance improvement. Services include commercial excellence, growth strategy, sales excellence, pricing, distribution strategy, deal origination, fund raising, merger integration, and exit planning, with specialized focus on the industrials, infrastructure, and construction sectors.",,PROVIDER,2026-09-12T04:06:31,4.57
bain.com__our-team_alexander-schmitz.md,llama3.1:8b,Private Equity Specialist,"I built extensive experience advising financial and strategic investors globally across the full investment value chain, from deal generation to M&A transactions. I advised on private equity practice strategy questions for global clients.",Private Equity Advisory,"Deal generation, due diligence, M&A transaction advisory, portfolio company value creation, transformation services for financial and strategic investors globally.","'- Reduced cost and improved efficiency in deal generation and M&A transactions through advisory work with global clients.
- -",PROVIDER,2026-09-12T04:08:03,5.64
bain.com__our-team_graham-rose.md,qwen3.8:27b,Private Equity Due Diligence and Portfolio Improvement Advisor,"I can offer private equity due diligence and portfolio improvement services for buyout, debt, infrastructure, and real estate firms, asset managers, sovereign wealth funds, and institutional investors. My focus covers strategic due diligence, asset evaluation, growth assessment, profit improvement, operating models, and organizational effectiveness. I have led more than 800 diligence engagements, helping investors evaluate assets, growth prospects, and portfolio strategies. I can also advise energy, natural resources, advanced manufacturing, and services clients. Investment banking and private equity experience included equity and debt financing across media, technology, energy, mining, and consumer products. I hold an MBA.",Private Equity Due Diligence and Portfolio Improvement,"I can provide strategic due diligence and portfolio improvement for buyout, debt, infrastructure, and real estate firms, asset managers, sovereign wealth funds, and institutional investors. The work assesses assets, growth prospects, profit improvement, portfolio strategies, operating models, and organizational effectiveness.","'- Led more than 800 due diligence engagements assessing assets, growth prospects, profit improvement opportunities, and portfolio strategies.",PROVIDER,2026-09-12T04:08:09,237.07
bain.com__our-team_kiki-yang.md,llama3.1:8b,Ex-Private Equity Specialist & Due Diligence Expert,"As a seasoned professional with extensive experience in the private equity sector, I've developed a deep understanding of what drives successful investments. My expertise encompasses due diligence, fund strategy projects, post-merger integration, operational improvement, and commercial excellence for global private equity funds.",,,"'- Co-led several major fund strategy projects with top-tier private equity funds in Asia, focusing on positioning, differentiation, fundraising, organizational design, and governance issues.
- Spearheaded diligence efforts for prominent global, regional, and local private equity funds across various industries, delivering value through operational improvements, commercial excellence, and strategic growth initiatives.
- Served as a trusted advisor to multinational and domestic clients, helping them address their most pressing concerns and capitalize on opportunities in the dynamic private equity landscape.",PROVIDER,2026-09-12T04:12:06,10.17
bcg.com__about_people_experts-julien-ghesquieres.md,qwen3.8:27b,"Corporate Finance and Strategy Advisor for Value Creation, Finance Excellence, and Transformation","I have advised clients on corporate finance and strategy, including mergers and acquisitions, value creation strategy, finance function excellence, and transformation for financial institutions. I have helped clients connect shareholder return objectives, growth strategy, and operating improvements such as cost reduction, organization redesign, go-to-market, sales effectiveness, and pricing. I have supported alignment of business, financial, and investor strategies to improve total shareholder return, from strategy design through execution. I have coauthored an annual report analyzing value creation performance and contributed publications and surveys on investor perspectives and AI strategy.",Corporate Finance and Strategy Advisory,"I can provide advisory services on total shareholder return, value creation strategy, finance function excellence, transformation, cost reduction, organization redesign, go-to-market, sales effectiveness, pricing, and alignment of business, financial, and investor strategies.",,PROVIDER,2026-09-12T04:12:35,124.67
bcg.com__about_people_experts_aaron-wilson.md,qwen3.8:27b,Retail strategy and transformation advisor,"I offer retail strategy and transformation advisory to retailers. My retail and transformation experience in professional services spans customer-centric merchandising, sourcing, merchandise analytics, indirect procurement, omnichannel and format strategy, store operations, labor, shrinkage, and M&A. I have advised retailers in the US, UK, and Canada across formats and channels, with a North America retail focus. Before focusing on retail, I held roles in investment banking and private equity, where I advised companies and made investments across industries.",Retail Transformation and Strategy Advisory,"I provide advisory services on retail strategy, customer-centric merchandising, sourcing, merchandise analytics and tool deployment, indirect procurement, omnichannel and format strategy, store operations including labor and shrinkage, and M&A.",,PROVIDER,2026-09-12T04:14:40,201.5
bcg.com__about_people_experts_abhay-varma.md,qwen3-vl:32b,"Managing Director & Senior Partner, Consumer Practice Leader","With 20 years of experience, I lead the firm's Retail business in Asia-Pacific and the Consumer practice in ANZ. I advise leading organizations on customer-led reinvention, digital transformation, operating model redesign, and large-scale cost reduction. Previously held P&L, commercial, and strategic roles at Unilever and Coles Group in merchandising, operations, marketing, and strategy.",Consumer Business Transformation Advisory,"Advisory services focused on customer-led reinvention (loyalty, pricing, omnichannel), digital transformation (personalization, advanced analytics), operating model redesign, and large-scale cost-out initiatives (supply chain, procurement, workforce management).",,PROVIDER,2026-09-12T04:18:02,11.08
bcg.com__about_people_experts_abheek-singhi.md,qwen3.8:27b,"Consumer, Healthcare, and Private Equity Strategy for Confident Decisions","I previously advised large corporations and mid-sized organizations on business transformation, corporate finance, and strategy in consumer products, healthcare, and private equity. I led a consumer goods practice across Asia Pacific and chaired a practice and partner committee for a global strategy consultancy in India. I served on a global practice leadership team and advised clients on digital technologies, analytics, and transformation. I also served on national industry and retail association committees and contributed to research on Asian consumer and retail markets.","Consumer, Healthcare, and Private Equity Strategy Advisory","I can advise large corporations and mid-sized organizations on business transformation, corporate finance, strategy, and the deployment of digital technologies and analytics in consumer products, healthcare, and private equity.","'- I secured a 'Most Influential' listing in 2014.
- I secured a 'Top 100' influence listing in 2013 and 2014.",PROVIDER,2026-09-12T04:18:13,261.69
bain.com__our-team_rebecca-burack.md,llama3.1:8b,Your Partner for Strategic Growth,"With 25 years of experience advising private equity investors across the investment cycle, I bring expertise in commercial excellence, growth strategy - helping clients unlock their true potential through sales excellence, pricing optimization, and performance improvement. I have supported hundreds of due diligence assignments and value creation plans post-acquisition.",,,"'- Led the firm's Global Private Equity practice.
- - Supported hundreds of due diligence assignments and value creation plans post-acquisition, including commercial excellence, growth strategy, sales excellence, pricing, distribution strategies, and performance improvement.
- Advised private equity firms on market and company due diligence across a range of industrial products and worked with leading manufacturers and distributors in the building systems and controls, building materials, and MRO sectors to develop growth strategies and full potential plans.",PROVIDER,2026-09-12T04:23:01,6.9
